feature,coefficient,importance
h5__eeg3_kurtosis_std_std,-0.12003879701684148,0.12003879701684148
h5__eeg4_delta_sigma_ratio_mean_min,0.10884653397918881,0.10884653397918881
h5__eeg3_kurtosis_std_max,-0.10065745977050503,0.10065745977050503
h5__eeg1_skew_mean_median,-0.094601206229496,0.094601206229496
h5__eeg3_skew_median_std,-0.09439744429208222,0.09439744429208222
h5__eeg4_delta_sigma_ratio_std_min,0.09250365954157834,0.09250365954157834
h5__eeg4_delta_beta_ratio_mean_min,0.09142872302029345,0.09142872302029345
h5__eeg2_theta_alpha_ratio_std_std,0.09063671816417837,0.09063671816417837
report__nr_of_shifts_median,0.08977838036095077,0.08977838036095077
h5__eeg2_theta_alpha_ratio_std_max,0.08692405852892349,0.08692405852892349
report__n2_latency_aasm_median,0.08609498007155528,0.08609498007155528
report__awakenings_median,0.08519569587211939,0.08519569587211939
h5__eeg3_skew_median_max,-0.08437487965270762,0.08437487965270762
h5__eeg4_mean_std_max,-0.08376648740431562,0.08376648740431562
h5__eeg4_mean_std_std,-0.08212280985525458,0.08212280985525458
h5__eeg4_theta_alpha_ratio_mean_min,0.0803302726974964,0.0803302726974964
h5__eeg4_theta_alpha_ratio_std_min,0.0793645516547117,0.0793645516547117
report__lps_mean,-0.07879109561608277,0.07879109561608277
h5__eeg3_mean_median_median,-0.07878795771517948,0.07878795771517948
report__micro_arousal_index_min,0.07608383023327545,0.07608383023327545
h5__eeg3_zero_crossings_std_max,-0.0757616120244057,0.0757616120244057
report__n3_percentage_min,0.07552071509164764,0.07552071509164764
h5__eeg2_skew_median_median,-0.07517257054446695,0.07517257054446695
report__nrem_percentage_median,-0.07407963418077927,0.07407963418077927
report__rem_percentage_median,0.07407963418077898,0.07407963418077898
h5__eeg3_zero_crossings_std_std,-0.07354010575463821,0.07354010575463821
report__n3_latency_aasm_std,-0.07307980277320877,0.07307980277320877
report__n3_latency_aasm_max,-0.07195336788361971,0.07195336788361971
h5__eeg2_skew_mean_mean,-0.07156389798368004,0.07156389798368004
h5__eeg4_sigma_relative_power_mean_min,0.07022438162111547,0.07022438162111547
h5__eeg2_skew_mean_min,-0.06932089591878325,0.06932089591878325
h5__N3_percentage_min,0.06910074012085789,0.06910074012085789
h5__eeg3_std_std_median,-0.068306626288306,0.068306626288306
h5__REM_epochs_min,0.06803629954088995,0.06803629954088995
h5__eeg2_skew_std_max,0.06793092964029268,0.06793092964029268
h5__eeg4_theta_alpha_ratio_std_median,0.06760019817756671,0.06760019817756671
h5__eeg2_skew_mean_median,-0.06629896348423732,0.06629896348423732
h5__eeg4_delta_relative_power_mean_std,-0.066080777104104,0.066080777104104
h5__eeg4_delta_beta_ratio_std_max,0.06606511609879344,0.06606511609879344
report__n2_percentage_median,-0.0657554671458816,0.0657554671458816
report__rem_duration_min,0.06552590591162553,0.06552590591162553
h5__eeg1_skew_median_median,-0.06529488474937371,0.06529488474937371
h5__eeg1_theta_alpha_ratio_std_max,0.06503654706339541,0.06503654706339541
report__n3_latency_aasm_mean,-0.06503178605145711,0.06503178605145711
h5__N2_percentage_mean,-0.06491381985642837,0.06491381985642837
h5__eeg2_skew_median_mean,-0.0648783170847696,0.0648783170847696
h5__eeg3_iqr_median_std,0.06440984558808843,0.06440984558808843
h5__eeg3_skew_std_std,-0.06400021663336795,0.06400021663336795
h5__eeg3_mean_std_max,-0.06383481332047346,0.06383481332047346
report__sol_min,-0.06369738360589047,0.06369738360589047
h5__eeg4_alpha_power_std_std,0.06364844860219981,0.06364844860219981
h5__eeg4_hjorth_complexity_std_min,0.06327933774740362,0.06327933774740362
h5__eeg4_delta_sigma_ratio_std_mean,0.06289004094603477,0.06289004094603477
h5__eeg1_mean_median_median,-0.06256328943071002,0.06256328943071002
report__sol_aasm_min,-0.06256056895057492,0.06256056895057492
h5__eeg1_zero_crossings_std_mean,0.06238853685214997,0.06238853685214997
h5__eeg2_skew_std_std,0.06182927912713225,0.06182927912713225
h5__eeg4_alpha_power_median_min,0.06168162825272512,0.06168162825272512
h5__eeg4_delta_sigma_ratio_std_max,0.061390540678709464,0.061390540678709464
h5__eeg1_mean_median_max,-0.06121307568966851,0.06121307568966851
h5__eeg4_delta_beta_ratio_median_median,0.061150065216168246,0.061150065216168246
h5__eeg3_beta_relative_power_std_max,-0.06112278799451226,0.06112278799451226
h5__eeg3_delta_sigma_ratio_mean_max,0.06015951029833817,0.06015951029833817
h5__eeg1_theta_alpha_ratio_std_std,0.06002183433146484,0.06002183433146484
h5__eeg1_delta_beta_ratio_std_mean,0.059506902226850934,0.059506902226850934
h5__eeg1_hjorth_complexity_std_std,-0.05929748044989823,0.05929748044989823
h5__eeg4_iqr_mean_min,0.0589981958665299,0.0589981958665299
h5__eeg4_theta_relative_power_std_max,0.0589514487706824,0.0589514487706824
h5__eeg2_mean_mean_median,-0.058855075822772634,0.058855075822772634
h5__eeg4_sigma_power_median_min,0.058690256560948936,0.058690256560948936
h5__eeg3_alpha_power_median_min,-0.058678584039809266,0.058678584039809266
h5__eeg2_sigma_relative_power_std_std,0.058306359467150036,0.058306359467150036
h5__eeg1_theta_alpha_ratio_std_mean,0.058259284275440526,0.058259284275440526
h5__eeg4_alpha_power_std_max,0.0577400976679371,0.0577400976679371
h5__eeg4_delta_sigma_ratio_std_std,0.057678814219091636,0.057678814219091636
h5__eeg4_theta_relative_power_median_std,-0.05755334228410106,0.05755334228410106
h5__eeg3_skew_mean_std,-0.05748110124945636,0.05748110124945636
report__nr_of_shifts_mean,0.057463276776259994,0.057463276776259994
h5__eeg4_delta_beta_ratio_std_mean,0.057437557559949004,0.057437557559949004
h5__eeg4_delta_relative_power_median_std,-0.05738755448065167,0.05738755448065167
h5__eeg3_delta_power_std_min,-0.05700661103000045,0.05700661103000045
h5__eeg3_iqr_mean_min,-0.05699063521083561,0.05699063521083561
report__lps_std,-0.05681921697911771,0.05681921697911771
h5__eeg4_delta_beta_ratio_std_std,0.05680685178583787,0.05680685178583787
h5__eeg2_theta_relative_power_std_min,0.05671782391766164,0.05671782391766164
h5__eeg4_theta_relative_power_mean_std,-0.05659115818169429,0.05659115818169429
report__sol_mean,-0.056473617046653414,0.056473617046653414
h5__eeg2_delta_relative_power_std_mean,0.05617442726555358,0.05617442726555358
report__lps_max,-0.05614635106615937,0.05614635106615937
h5__eeg4_mean_median_median,0.056119039189143946,0.056119039189143946
h5__eeg4_delta_beta_ratio_std_min,0.05608603389552701,0.05608603389552701
h5__eeg1_mean_median_mean,-0.05601659737729137,0.05601659737729137
h5__REM_percentage_median,0.05597993699052706,0.05597993699052706
h5__eeg3_delta_sigma_ratio_mean_std,0.05594505202361897,0.05594505202361897
report__sol_median,-0.05589207392117987,0.05589207392117987
h5__eeg3_total_power_0p5_30_std_min,-0.05582690421634158,0.05582690421634158
h5__N2_epochs_std,-0.05578805174753357,0.05578805174753357
report__n2_percentage_mean,-0.055696263891137784,0.055696263891137784
h5__eeg2_skew_median_min,-0.05569399696850762,0.05569399696850762
h5__eeg2_sigma_relative_power_mean_max,0.05551594708311508,0.05551594708311508
report__n2_duration_std,-0.05482600019632744,0.05482600019632744
h5__eeg3_hjorth_complexity_mean_std,0.05478290436051793,0.05478290436051793
h5__eeg1_std_std_std,0.05469631907587711,0.05469631907587711
h5__eeg2_sigma_relative_power_std_max,0.05451841585787094,0.05451841585787094
h5__eeg4_theta_relative_power_std_mean,0.05448579507629083,0.05448579507629083
report__sleep_efficiency_min,0.0543523752805436,0.0543523752805436
report__nr_of_shifts_min,0.054173502411255584,0.054173502411255584
h5__eeg1_delta_sigma_ratio_mean_median,0.05349812565242537,0.05349812565242537
report__waso_min,0.053291758250798404,0.053291758250798404
h5__eeg1_delta_beta_ratio_std_max,0.053147982316701314,0.053147982316701314
report__awakenings_mean,0.05294653201520378,0.05294653201520378
h5__eeg4_sigma_relative_power_std_min,0.05282716783216326,0.05282716783216326
h5__eeg2_theta_alpha_ratio_mean_max,0.05259368913051899,0.05259368913051899
report__sol_aasm_median,-0.052557458838543965,0.052557458838543965
h5__eeg3_beta_relative_power_mean_std,-0.05249258805725362,0.05249258805725362
report__rem_duration_median,0.05233678822464361,0.05233678822464361
h5__eeg3_theta_alpha_ratio_median_min,0.052215757577867686,0.052215757577867686
h5__eeg3_delta_sigma_ratio_std_max,0.052202757144908164,0.052202757144908164
h5__sleep_efficiency_epoch_ratio_min,0.051836332756083445,0.051836332756083445
h5__eeg2_theta_relative_power_std_mean,0.05183200814201138,0.05183200814201138
report__lps_min,-0.0517238697391649,0.0517238697391649
report__n2_duration_max,-0.051690131752598296,0.051690131752598296
h5__eeg4_theta_relative_power_std_median,0.051434115260633885,0.051434115260633885
report__awakenings_min,0.051393699648585006,0.051393699648585006
h5__eeg3_delta_power_mean_min,-0.051385643157571395,0.051385643157571395
h5__eeg4_kurtosis_median_std,-0.05136148693936047,0.05136148693936047
report__waso_aasm_min,0.05118970531865228,0.05118970531865228
h5__eeg4_theta_alpha_ratio_std_mean,0.051146239724003124,0.051146239724003124
h5__eeg3_kurtosis_median_max,-0.051075632102009765,0.051075632102009765
h5__N2_epochs_mean,-0.05105988290224076,0.05105988290224076
h5__eeg4_theta_power_std_std,0.051032987465401816,0.051032987465401816
report__lps_median,-0.05076885239488217,0.05076885239488217
h5__eeg1_theta_relative_power_std_max,0.05075434397260558,0.05075434397260558
h5__eeg4_theta_power_median_min,0.05072759946525006,0.05072759946525006
report__rem_latency_aasm_median,-0.05056113533269818,0.05056113533269818
h5__eeg3_std_mean_median,-0.05054387455821632,0.05054387455821632
h5__eeg1_theta_alpha_ratio_std_min,0.050507362677623485,0.050507362677623485
report__sol_aasm_mean,-0.05049349128344721,0.05049349128344721
h5__eeg3_std_std_std,0.0503941921364006,0.0503941921364006
h5__eeg1_delta_beta_ratio_std_std,0.05010771490036484,0.05010771490036484
report__tst_max,-0.05007225145094341,0.05007225145094341
h5__eeg4_alpha_relative_power_mean_min,0.049915283859645276,0.049915283859645276
report__micro_arousal_index_mean,0.049884034816126875,0.049884034816126875
h5__eeg3_theta_alpha_ratio_mean_min,0.049449405036235905,0.049449405036235905
h5__eeg4_delta_relative_power_mean_max,-0.049373805382076114,0.049373805382076114
h5__n_epochs_std,-0.0493334283740659,0.0493334283740659
h5__eeg1_skew_mean_mean,-0.04932207889493802,0.04932207889493802
h5__eeg4_delta_sigma_ratio_std_median,0.04921360072321566,0.04921360072321566
h5__wake_epochs_std,-0.04909753022563175,0.04909753022563175
h5__Wake_epochs_std,-0.04909753022563175,0.04909753022563175
h5__eeg4_theta_power_std_max,0.049034046622974115,0.049034046622974115
h5__eeg4_sigma_power_std_std,0.04897218182095569,0.04897218182095569
h5__eeg2_delta_sigma_ratio_std_min,0.04896717361458083,0.04896717361458083
h5__eeg3_total_power_0p5_30_mean_min,-0.048961043265314495,0.048961043265314495
h5__eeg4_alpha_relative_power_median_min,0.04888804300904767,0.04888804300904767
h5__eeg2_theta_alpha_ratio_mean_median,0.04883393438169659,0.04883393438169659
h5__eeg3_hjorth_mobility_std_max,-0.04874006597756352,0.04874006597756352
h5__eeg4_kurtosis_median_max,-0.04868098892724104,0.04868098892724104
h5__eeg4_iqr_median_min,0.04864778284138665,0.04864778284138665
h5__eeg2_sigma_relative_power_std_mean,0.048297689750441,0.048297689750441
h5__eeg2_std_std_std,0.04824915940114445,0.04824915940114445
h5__eeg2_beta_power_mean_mean,0.04813712247057496,0.04813712247057496
h5__eeg1_delta_beta_ratio_mean_mean,0.04811101019428026,0.04811101019428026
h5__eeg4_alpha_power_std_mean,0.048027074749347476,0.048027074749347476
h5__eeg2_delta_sigma_ratio_mean_min,0.0477317976648434,0.0477317976648434
h5__eeg2_beta_power_mean_max,0.04765939018198675,0.04765939018198675
h5__eeg2_beta_power_mean_std,0.04765763718532019,0.04765763718532019
h5__eeg3_iqr_std_min,-0.0475213063641157,0.0475213063641157
h5__eeg2_hjorth_complexity_median_min,-0.047472020042218704,0.047472020042218704
h5__eeg2_beta_power_std_mean,0.0473861058278415,0.0473861058278415
h5__eeg2_sigma_power_mean_max,0.047291683485628656,0.047291683485628656
h5__eeg2_sigma_power_mean_std,0.04707880103196622,0.04707880103196622
h5__eeg4_sigma_relative_power_median_min,0.046874999462498096,0.046874999462498096
h5__eeg1_delta_relative_power_std_median,0.04685798060421107,0.04685798060421107
h5__eeg2_delta_relative_power_std_max,0.04680084268499003,0.04680084268499003
h5__eeg4_iqr_median_median,0.04676820388016993,0.04676820388016993
h5__eeg2_beta_power_std_std,0.04671448596135945,0.04671448596135945
h5__eeg3_sigma_power_median_min,-0.04658373907999997,0.04658373907999997
h5__eeg4_alpha_power_mean_std,0.04654887697728905,0.04654887697728905
h5__eeg3_hjorth_complexity_median_std,0.04652494079664304,0.04652494079664304
h5__eeg4_delta_relative_power_median_max,-0.04637181835065496,0.04637181835065496
h5__eeg1_kurtosis_median_std,-0.046366549514940056,0.046366549514940056
h5__eeg1_delta_sigma_ratio_std_mean,0.04635978372482054,0.04635978372482054
h5__eeg3_total_power_0p5_30_mean_median,-0.046333080973346555,0.046333080973346555
h5__eeg4_sigma_power_std_max,0.04628834085283571,0.04628834085283571
h5__eeg2_sigma_power_mean_mean,0.046180068860756075,0.046180068860756075
h5__eeg3_skew_std_min,0.046004349593016185,0.046004349593016185
h5__eeg4_alpha_power_mean_mean,0.04587655099483547,0.04587655099483547
h5__eeg1_delta_beta_ratio_mean_std,0.04576121632285848,0.04576121632285848
report__nrem_percentage_mean,-0.04537149403185025,0.04537149403185025
report__rem_percentage_mean,0.0453714940318499,0.0453714940318499
h5__eeg2_beta_power_std_max,0.04533950692178498,0.04533950692178498
h5__eeg3_delta_sigma_ratio_std_std,0.045266136598314424,0.045266136598314424
report__tst_std,-0.04511678475366697,0.04511678475366697
h5__eeg1_delta_sigma_ratio_mean_mean,0.04511212958497378,0.04511212958497378
h5__N2_epochs_max,-0.0450398093066493,0.0450398093066493
h5__eeg4_hjorth_mobility_mean_std,-0.045012739474440296,0.045012739474440296
h5__eeg4_theta_alpha_ratio_median_std,-0.04501005783572177,0.04501005783572177
h5__eeg4_alpha_power_mean_max,0.04454615341863094,0.04454615341863094
h5__eeg1_delta_power_mean_mean,0.04452584725657094,0.04452584725657094
h5__eeg2_skew_mean_max,-0.04452527504866755,0.04452527504866755
h5__eeg2_theta_alpha_ratio_mean_mean,0.04450109696581455,0.04450109696581455
h5__eeg1_beta_relative_power_std_min,0.04449735508235679,0.04449735508235679
h5__eeg2_theta_alpha_ratio_std_mean,0.044492101295847665,0.044492101295847665
h5__N2_epochs_median,-0.04438307554571205,0.04438307554571205
h5__N2_percentage_median,-0.044280151497460715,0.044280151497460715
h5__eeg4_total_power_0p5_30_std_std,0.04420699196836654,0.04420699196836654
h5__eeg1_alpha_relative_power_mean_std,-0.04420152735625841,0.04420152735625841
report__rem_latency_median,-0.044120251458304845,0.044120251458304845
report__wake_duration_std,-0.04398270506006383,0.04398270506006383
h5__eeg4_delta_power_std_std,0.04398099436212402,0.04398099436212402
h5__eeg1_delta_beta_ratio_median_std,0.04395863485430989,0.04395863485430989
h5__eeg2_delta_sigma_ratio_std_std,0.04390895098948596,0.04390895098948596
h5__eeg4_mean_std_mean,-0.04381747348065403,0.04381747348065403
h5__eeg3_delta_power_mean_median,-0.043765478161261494,0.043765478161261494
h5__eeg1_delta_relative_power_std_mean,0.04374818598429565,0.04374818598429565
h5__REM_percentage_mean,0.04372864344012878,0.04372864344012878
report__sol_max,-0.0437168182900056,0.0437168182900056
h5__eeg4_std_mean_min,0.04366644473284086,0.04366644473284086
h5__eeg1_total_power_0p5_30_mean_mean,0.043649875383233984,0.043649875383233984
h5__eeg2_sigma_power_std_std,0.04357455904520705,0.04357455904520705
h5__eeg4_theta_relative_power_mean_min,0.04352422301468101,0.04352422301468101
h5__eeg1_kurtosis_median_max,-0.04348364304252298,0.04348364304252298
report__n2_latency_aasm_min,-0.04347804180726513,0.04347804180726513
h5__eeg3_iqr_median_mean,0.043468468255961124,0.043468468255961124
h5__eeg1_delta_beta_ratio_mean_max,0.043388613544134945,0.043388613544134945
h5__eeg2_std_median_std,0.043376339880833885,0.043376339880833885
h5__eeg3_beta_relative_power_mean_max,-0.04337174373384719,0.04337174373384719
h5__eeg4_theta_power_std_mean,0.04334630104399051,0.04334630104399051
h5__eeg1_beta_relative_power_std_mean,0.04334345595545691,0.04334345595545691
h5__eeg4_iqr_std_min,0.043206157863724545,0.043206157863724545
h5__eeg4_delta_beta_ratio_mean_median,0.04319445898093276,0.04319445898093276
h5__eeg2_sigma_power_std_max,0.043110323702312894,0.043110323702312894
h5__eeg4_delta_beta_ratio_std_median,0.043102219019631405,0.043102219019631405
h5__eeg3_alpha_power_std_std,0.04304651135435942,0.04304651135435942
h5__eeg1_zero_crossings_std_std,0.0429036112244062,0.0429036112244062
h5__eeg2_total_power_0p5_30_median_mean,0.04290051872009917,0.04290051872009917
h5__eeg2_delta_power_median_mean,0.04283316180723172,0.04283316180723172
h5__eeg2_zero_crossings_median_std,-0.04276330683609783,0.04276330683609783
h5__eeg1_delta_beta_ratio_std_median,0.04273398296689974,0.04273398296689974
h5__eeg1_delta_sigma_ratio_std_median,0.04268308050531196,0.04268308050531196
h5__eeg2_alpha_power_mean_max,0.04257982451612787,0.04257982451612787
h5__eeg2_alpha_power_mean_std,0.042551598715526655,0.042551598715526655
h5__eeg3_mean_std_std,-0.04253581526959804,0.04253581526959804
h5__eeg2_std_median_max,0.04251119813357422,0.04251119813357422
h5__eeg2_theta_power_median_mean,0.0425000007846896,0.0425000007846896
h5__eeg4_alpha_relative_power_median_std,-0.042488691336466655,0.042488691336466655
h5__eeg1_delta_power_mean_std,0.042486238204478485,0.042486238204478485
h5__eeg4_theta_power_mean_std,0.04214282329703314,0.04214282329703314
h5__eeg2_hjorth_mobility_mean_max,0.042130644380934244,0.042130644380934244
h5__eeg4_theta_power_mean_mean,0.042088196935126415,0.042088196935126415
h5__eeg2_total_power_0p5_30_median_std,0.04201514989346446,0.04201514989346446
h5__eeg3_skew_median_min,0.04200680569195065,0.04200680569195065
report__lrem4_median,-0.04199729495022436,0.04199729495022436
h5__eeg4_theta_alpha_ratio_mean_mean,0.041977752149424216,0.041977752149424216
h5__eeg2_delta_power_median_std,0.04195577742755967,0.04195577742755967
h5__eeg3_skew_mean_max,-0.04181675902313759,0.04181675902313759
h5__eeg3_std_std_min,-0.04181553559117364,0.04181553559117364
h5__eeg4_total_power_0p5_30_std_max,0.041800009253575326,0.041800009253575326
h5__eeg3_alpha_power_mean_std,0.04178191236552773,0.04178191236552773
h5__eeg2_alpha_power_mean_mean,0.04176890369240649,0.04176890369240649
h5__eeg2_kurtosis_median_std,-0.04172869206396172,0.04172869206396172
h5__eeg2_theta_power_median_std,0.04171775491792168,0.04171775491792168
h5__eeg4_mean_mean_max,-0.04171749077561607,0.04171749077561607
report__rem_latency_aasm_mean,-0.041705233853001004,0.041705233853001004
h5__eeg3_kurtosis_median_std,-0.04159716765971958,0.04159716765971958
h5__eeg4_delta_power_std_max,0.041547379671386775,0.041547379671386775
h5__eeg2_sigma_relative_power_std_median,0.0414807445880384,0.0414807445880384
h5__eeg1_total_power_0p5_30_mean_std,0.041330158924286875,0.041330158924286875
h5__eeg4_theta_relative_power_median_min,0.04126989021147502,0.04126989021147502
h5__eeg2_delta_sigma_ratio_std_max,0.04124801191066922,0.04124801191066922
h5__eeg2_beta_power_median_mean,0.04121903201099717,0.04121903201099717
h5__eeg3_kurtosis_mean_max,-0.04116141279325079,0.04116141279325079
h5__eeg2_total_power_0p5_30_median_max,0.04111399505863407,0.04111399505863407
h5__eeg3_hjorth_complexity_mean_min,-0.04106126826981073,0.04106126826981073
h5__eeg2_delta_power_median_max,0.041059620191377016,0.041059620191377016
h5__eeg4_delta_sigma_ratio_mean_mean,0.041040408111104834,0.041040408111104834
h5__eeg3_iqr_median_min,-0.040933226612115785,0.040933226612115785
h5__eeg4_zero_crossings_median_std,-0.040929870389502,0.040929870389502
h5__eeg4_theta_power_mean_max,0.040917370893688326,0.040917370893688326
h5__eeg4_sigma_power_mean_std,0.040757360816505835,0.040757360816505835
h5__eeg1_std_mean_std,0.04075483088379905,0.04075483088379905
h5__eeg2_theta_power_median_max,0.040752859267334185,0.040752859267334185
h5__eeg1_std_std_max,0.0407341995571094,0.0407341995571094
report__nrem_duration_max,-0.040717215096728154,0.040717215096728154
h5__eeg2_theta_relative_power_std_median,0.040691014515342905,0.040691014515342905
h5__eeg1_hjorth_complexity_std_min,0.04061449091015252,0.04061449091015252
h5__eeg4_theta_relative_power_std_std,0.04056773958834634,0.04056773958834634
h5__eeg2_std_median_mean,0.04055076766706912,0.04055076766706912
h5__eeg2_theta_alpha_ratio_mean_std,0.04048931995084541,0.04048931995084541
h5__eeg3_skew_mean_min,0.04048267245883562,0.04048267245883562
h5__eeg2_sigma_power_std_mean,0.040479689700350235,0.040479689700350235
h5__eeg3_alpha_power_mean_max,0.040374314299418984,0.040374314299418984
report__sol_aasm_max,-0.04036396559954114,0.04036396559954114
h5__eeg4_beta_power_mean_std,0.040220553309115906,0.040220553309115906
h5__eeg3_alpha_power_std_max,0.040177845848270825,0.040177845848270825
h5__eeg4_sigma_power_mean_max,0.04014666954836152,0.04014666954836152
h5__eeg2_beta_power_median_std,0.04014643067334768,0.04014643067334768
h5__eeg2_std_std_max,0.03992402429206652,0.03992402429206652
h5__eeg4_sigma_power_mean_mean,0.0398595343254176,0.0398595343254176
h5__eeg1_theta_relative_power_std_mean,0.03982401879370109,0.03982401879370109
h5__eeg4_beta_power_mean_max,0.03981551335831083,0.03981551335831083
h5__eeg1_delta_power_mean_max,0.039767365560335784,0.039767365560335784
h5__eeg3_delta_power_median_min,-0.03969280123275436,0.03969280123275436
h5__eeg3_theta_alpha_ratio_std_max,0.03968315866220509,0.03968315866220509
h5__eeg1_delta_beta_ratio_mean_median,0.03967558829558281,0.03967558829558281
h5__eeg3_delta_relative_power_mean_std,-0.03965888983136184,0.03965888983136184
h5__eeg3_total_power_0p5_30_median_min,-0.03964951072598836,0.03964951072598836
h5__eeg1_beta_power_mean_mean,0.03963401554530271,0.03963401554530271
h5__eeg1_delta_relative_power_mean_std,-0.039501124729270205,0.039501124729270205
h5__eeg2_alpha_power_median_mean,0.03949423844897872,0.03949423844897872
h5__eeg4_beta_power_std_std,0.039436248293534044,0.039436248293534044
h5__eeg2_beta_power_median_max,0.03943380294177387,0.03943380294177387
h5__eeg1_alpha_power_mean_mean,0.03941629020508535,0.03941629020508535
h5__eeg1_theta_alpha_ratio_mean_min,0.03941496411517027,0.03941496411517027
h5__eeg2_kurtosis_median_max,-0.03941191239532016,0.03941191239532016
h5__eeg2_sigma_power_median_mean,0.03937306160531654,0.03937306160531654
h5__eeg1_delta_sigma_ratio_mean_min,0.03929262711969778,0.03929262711969778
h5__eeg4_total_power_0p5_30_mean_std,0.03923193480814087,0.03923193480814087
h5__eeg3_beta_power_mean_std,0.03921231952618874,0.03921231952618874
h5__N2_percentage_min,-0.039151271365940904,0.039151271365940904
h5__eeg4_delta_beta_ratio_mean_mean,0.03911400380139288,0.03911400380139288
h5__eeg4_delta_power_mean_std,0.039060356672201924,0.039060356672201924
h5__eeg4_theta_alpha_ratio_mean_median,0.039051376821922605,0.039051376821922605
h5__eeg2_alpha_power_std_std,0.039044101119360214,0.039044101119360214
h5__eeg1_total_power_0p5_30_mean_max,0.03902300996636008,0.03902300996636008
h5__eeg3_sigma_power_mean_std,0.03885325004811223,0.03885325004811223
h5__eeg4_delta_sigma_ratio_mean_median,0.038806539263319055,0.038806539263319055
h5__eeg2_alpha_power_median_std,0.03873542030537148,0.03873542030537148
h5__eeg4_total_power_0p5_30_mean_mean,0.0386337821365334,0.0386337821365334
h5__eeg1_mean_std_median,0.03862272016759304,0.03862272016759304
h5__eeg4_hjorth_mobility_median_std,-0.038595241235691066,0.038595241235691066
report__sleep_efficiency_std,-0.03857591291928599,0.03857591291928599
h5__eeg2_delta_power_mean_std,0.038526034777075134,0.038526034777075134
h5__eeg3_delta_sigma_ratio_median_median,-0.038474187355690914,0.038474187355690914
h5__eeg2_total_power_0p5_30_mean_std,0.038435086454304775,0.038435086454304775
h5__eeg2_total_power_0p5_30_mean_mean,0.0383790287200114,0.0383790287200114
h5__eeg4_delta_power_mean_mean,0.038333900067283835,0.038333900067283835
h5__eeg4_hjorth_mobility_std_std,-0.03832520124044379,0.03832520124044379
h5__eeg1_delta_power_median_mean,0.03832326659911826,0.03832326659911826
h5__eeg2_alpha_power_std_max,0.03826865987857242,0.03826865987857242
h5__eeg2_sigma_power_median_std,0.038255683542618685,0.038255683542618685
h5__eeg2_theta_power_mean_mean,0.038247742222116125,0.038247742222116125
report__n1_duration_median,0.03821661254750485,0.03821661254750485
h5__eeg2_delta_power_mean_mean,0.03817311735438912,0.03817311735438912
h5__eeg1_delta_relative_power_std_std,0.038157996721773585,0.038157996721773585
h5__eeg1_total_power_0p5_30_median_mean,0.03814480950123698,0.03814480950123698
h5__eeg4_total_power_0p5_30_mean_max,0.0381006536793291,0.0381006536793291
h5__eeg2_hjorth_mobility_std_mean,0.03807523745545614,0.03807523745545614
h5__eeg2_alpha_power_median_max,0.038072622442904144,0.038072622442904144
h5__eeg4_delta_power_mean_max,0.0379975629113688,0.0379975629113688
h5__eeg3_kurtosis_mean_std,-0.037996801383234094,0.037996801383234094
report__n3_latency_aasm_median,0.037985302272874624,0.037985302272874624
h5__eeg2_theta_power_std_mean,0.03791244199918883,0.03791244199918883
h5__eeg1_skew_std_std,0.037910860627002246,0.037910860627002246
h5__eeg4_beta_power_mean_mean,0.037864121314199334,0.037864121314199334
h5__eeg4_theta_alpha_ratio_median_median,0.03784961410763048,0.03784961410763048
h5__eeg4_std_std_std,0.037832363569512764,0.037832363569512764
h5__eeg4_beta_power_std_max,0.03778498335203285,0.03778498335203285
h5__eeg2_theta_power_mean_max,0.03774510286127847,0.03774510286127847
report__nr_of_shifts_std,-0.037701207441811144,0.037701207441811144
h5__eeg2_theta_power_mean_std,0.0376654672123819,0.0376654672123819
h5__eeg2_sigma_power_median_max,0.037651731351771786,0.037651731351771786
h5__eeg3_total_power_0p5_30_std_std,0.03758811683646287,0.03758811683646287
h5__eeg2_theta_power_std_max,0.03757625033368308,0.03757625033368308
h5__eeg1_alpha_power_mean_std,0.03754667784507967,0.03754667784507967
h5__eeg2_theta_power_std_std,0.037507769826989744,0.037507769826989744
h5__eeg1_sigma_relative_power_mean_min,0.037489411252966245,0.037489411252966245
h5__eeg1_total_power_0p5_30_std_mean,0.037449811563974915,0.037449811563974915
h5__eeg1_theta_power_mean_mean,0.03734540847051315,0.03734540847051315
h5__eeg3_iqr_median_max,0.0373358450358906,0.0373358450358906
h5__eeg1_theta_power_std_mean,0.03731691565041425,0.03731691565041425
h5__eeg2_total_power_0p5_30_mean_max,0.03731079028247289,0.03731079028247289
h5__eeg3_delta_power_std_std,0.0372497669446187,0.0372497669446187
h5__eeg1_delta_power_std_mean,0.03724512602232889,0.03724512602232889
h5__eeg2_hjorth_mobility_median_std,-0.03723016586970402,0.03723016586970402
h5__eeg1_beta_power_mean_std,0.037217237644351,0.037217237644351
h5__eeg2_delta_power_mean_max,0.03716790569381918,0.03716790569381918
h5__eeg2_mean_median_mean,0.03716218214442942,0.03716218214442942
h5__eeg1_beta_power_std_mean,0.03711710544917029,0.03711710544917029
h5__eeg3_theta_power_std_min,-0.03704399296225671,0.03704399296225671
h5__eeg2_beta_relative_power_mean_max,0.036944151680633204,0.036944151680633204
h5__eeg1_beta_power_std_std,0.036938023213694424,0.036938023213694424
h5__eeg3_sigma_power_mean_max,0.036800081558522685,0.036800081558522685
h5__eeg3_std_median_min,-0.036759605164582675,0.036759605164582675
h5__eeg1_mean_mean_std,0.036757212949745724,0.036757212949745724
h5__eeg2_hjorth_complexity_std_std,-0.0366647050032558,0.0366647050032558
report__waso_aasm_std,-0.03665458628441821,0.03665458628441821
h5__eeg1_alpha_power_std_mean,0.03663971390841359,0.03663971390841359
h5__eeg1_beta_power_mean_max,0.03662214183645073,0.03662214183645073
h5__eeg1_alpha_power_std_std,0.03652997204876132,0.03652997204876132
h5__eeg1_delta_sigma_ratio_std_max,0.036522140012236866,0.036522140012236866
h5__eeg1_alpha_power_mean_max,0.036485433999521165,0.036485433999521165
h5__eeg1_delta_power_median_std,0.03645156893765842,0.03645156893765842
h5__eeg2_sigma_relative_power_mean_min,0.03644613935232879,0.03644613935232879
h5__REM_epochs_mean,0.03638880290130572,0.03638880290130572
h5__eeg2_iqr_std_min,-0.036386964778756255,0.036386964778756255
h5__eeg3_theta_power_mean_median,-0.036374256891614026,0.036374256891614026
h5__eeg1_total_power_0p5_30_median_std,0.03637023604148269,0.03637023604148269
h5__eeg1_sigma_power_mean_mean,0.036260138162473254,0.036260138162473254
h5__eeg3_sigma_power_median_median,0.03623208988804724,0.03623208988804724
h5__eeg4_hjorth_mobility_mean_max,-0.036199513897371256,0.036199513897371256
h5__eeg4_total_power_0p5_30_std_mean,0.0361914822112801,0.0361914822112801
h5__eeg3_beta_power_mean_max,0.03615969893930322,0.03615969893930322
h5__eeg1_mean_std_mean,0.03610834724041601,0.03610834724041601
h5__eeg2_mean_std_max,-0.03605726964738002,0.03605726964738002
h5__eeg1_beta_relative_power_mean_median,0.03600716033011227,0.03600716033011227
h5__eeg1_beta_relative_power_mean_mean,0.036006885402419364,0.036006885402419364
h5__n_epochs_median,0.03600239836730212,0.03600239836730212
h5__eeg4_std_median_min,0.035993630450292136,0.035993630450292136
h5__eeg1_std_mean_max,0.03596916722791834,0.03596916722791834
h5__eeg1_theta_power_std_std,0.035964394869761496,0.035964394869761496
h5__eeg1_theta_power_mean_std,0.03589813994472277,0.03589813994472277
report__n2_percentage_max,-0.035897081021737026,0.035897081021737026
h5__eeg1_delta_power_std_std,0.035878498687169726,0.035878498687169726
h5__eeg4_zero_crossings_median_min,0.03583945296639857,0.03583945296639857
h5__eeg3_std_median_mean,0.03580187348002922,0.03580187348002922
h5__eeg4_mean_median_mean,0.035786958908674935,0.035786958908674935
h5__eeg1_theta_relative_power_std_std,0.03575240414892644,0.03575240414892644
h5__eeg3_theta_power_std_std,0.035706651918872706,0.035706651918872706
h5__Wake_epochs_mean,-0.03565257224738778,0.03565257224738778
h5__wake_epochs_mean,-0.03565257224738778,0.03565257224738778
h5__eeg1_delta_power_median_max,0.035637396215152974,0.035637396215152974
h5__eeg1_total_power_0p5_30_median_max,0.035626778865810026,0.035626778865810026
h5__eeg4_mean_mean_min,0.035585161125178906,0.035585161125178906
h5__eeg2_alpha_power_std_mean,0.03555884480625833,0.03555884480625833
h5__eeg4_delta_power_std_mean,0.03555652599420646,0.03555652599420646
h5__eeg1_theta_power_mean_max,0.03554143471831786,0.03554143471831786
h5__eeg4_alpha_relative_power_mean_std,-0.035532109948009455,0.035532109948009455
h5__eeg2_delta_relative_power_mean_min,-0.03552642231811013,0.03552642231811013
h5__eeg2_beta_relative_power_std_median,0.03545382965313132,0.03545382965313132
report__sol_std,-0.035450963006255554,0.035450963006255554
h5__eeg2_delta_sigma_ratio_mean_std,0.03532627799798346,0.03532627799798346
h5__eeg1_theta_power_median_mean,0.035326125162409544,0.035326125162409544
h5__eeg4_sigma_power_std_mean,0.03527617139910575,0.03527617139910575
h5__eeg2_iqr_median_mean,0.03520000329736649,0.03520000329736649
h5__eeg2_delta_sigma_ratio_mean_max,0.03516309112636346,0.03516309112636346
report__n3_duration_max,0.035156459664313224,0.035156459664313224
h5__eeg1_sigma_power_mean_std,0.035153368477920444,0.035153368477920444
h5__eeg1_total_power_0p5_30_std_std,0.03510811687282764,0.03510811687282764
h5__eeg3_kurtosis_std_min,0.03499297296825347,0.03499297296825347
h5__eeg4_alpha_relative_power_std_max,-0.0348445228460854,0.0348445228460854
report__rem_latency_aasm_min,-0.03479473752780962,0.03479473752780962
h5__eeg1_delta_sigma_ratio_std_min,0.03478419898220147,0.03478419898220147
h5__eeg1_theta_power_std_max,0.034782887122824575,0.034782887122824575
h5__eeg4_hjorth_complexity_std_std,-0.03477634773578255,0.03477634773578255
h5__eeg1_std_mean_mean,0.034727488810778716,0.034727488810778716
h5__N1_percentage_min,-0.034722023450748596,0.034722023450748596
h5__eeg2_iqr_std_std,0.03469786601956824,0.03469786601956824
h5__eeg1_iqr_mean_mean,0.03468795152592338,0.03468795152592338
h5__eeg2_beta_power_median_median,0.034671355586358234,0.034671355586358234
h5__eeg2_zero_crossings_std_std,0.03465093906803283,0.03465093906803283
h5__eeg2_mean_median_max,0.034608743565413776,0.034608743565413776
h5__eeg4_std_std_max,0.03459757759208691,0.03459757759208691
h5__eeg2_delta_sigma_ratio_std_mean,0.03458778201636769,0.03458778201636769
h5__eeg1_theta_power_median_std,0.03453427153672545,0.03453427153672545
h5__eeg2_mean_median_std,0.03452645130295331,0.03452645130295331
h5__eeg4_mean_median_max,0.034497124944395406,0.034497124944395406
h5__eeg1_sigma_power_mean_max,0.03449133790995871,0.03449133790995871
h5__eeg2_delta_relative_power_std_std,0.03447281001898234,0.03447281001898234
h5__eeg4_delta_power_median_mean,0.03446428688573111,0.03446428688573111
h5__eeg4_total_power_0p5_30_median_mean,0.03446178883549682,0.03446178883549682
h5__eeg1_alpha_relative_power_median_median,-0.03446018460334839,0.03446018460334839
h5__eeg1_sigma_relative_power_std_median,0.03445674993344026,0.03445674993344026
h5__eeg4_theta_alpha_ratio_median_max,-0.03441588955509839,0.03441588955509839
h5__eeg4_delta_power_median_std,0.03441404076371923,0.03441404076371923
h5__eeg4_total_power_0p5_30_median_std,0.03441198389405582,0.03441198389405582
h5__eeg4_delta_power_median_max,0.03436741326401847,0.03436741326401847
h5__eeg4_total_power_0p5_30_median_max,0.0343652758828855,0.0343652758828855
h5__eeg4_alpha_power_median_median,0.03432996418497008,0.03432996418497008
report__lrem4_max,0.0342681848545054,0.0342681848545054
h5__eeg4_zero_crossings_mean_std,-0.03425825216983684,0.03425825216983684
h5__eeg4_alpha_power_median_max,0.034192396427425734,0.034192396427425734
h5__eeg4_alpha_power_median_std,0.034189078465936426,0.034189078465936426
h5__eeg4_theta_power_median_std,0.03418451637710128,0.03418451637710128
h5__eeg4_theta_power_median_max,0.034181411964273475,0.034181411964273475
h5__eeg1_skew_median_std,0.03417495532466056,0.03417495532466056
h5__eeg4_theta_power_median_mean,0.03417456894648561,0.03417456894648561
h5__eeg4_alpha_power_median_mean,0.03417099673277243,0.03417099673277243
h5__eeg2_delta_relative_power_std_min,0.03414298339488617,0.03414298339488617
h5__N3_percentage_max,0.034138400647045784,0.034138400647045784
h5__eeg2_std_mean_max,0.03413485763321145,0.03413485763321145
h5__eeg4_sigma_power_median_max,0.03412692697808105,0.03412692697808105
h5__eeg4_sigma_power_median_std,0.03411976514545619,0.03411976514545619
h5__eeg1_theta_alpha_ratio_median_std,-0.03408056868835616,0.03408056868835616
h5__eeg4_sigma_power_median_mean,0.034058422607339406,0.034058422607339406
h5__eeg1_theta_power_median_max,0.034033136522272335,0.034033136522272335
h5__N2_percentage_max,-0.034011180095136165,0.034011180095136165
h5__eeg2_std_mean_std,0.03400959132568273,0.03400959132568273
h5__eeg3_beta_relative_power_std_std,-0.033984166046459464,0.033984166046459464
h5__eeg4_mean_median_std,0.033978834681800775,0.033978834681800775
h5__eeg1_beta_power_std_max,0.03389740133923584,0.03389740133923584
h5__eeg4_beta_power_median_max,0.033880765109782725,0.033880765109782725
h5__eeg4_beta_power_median_std,0.03383186931453276,0.03383186931453276
h5__eeg2_beta_relative_power_mean_std,0.033810777699403334,0.033810777699403334
h5__eeg1_zero_crossings_std_min,0.03380393109814056,0.03380393109814056
h5__REM_percentage_min,0.033786754081542185,0.033786754081542185
h5__eeg1_theta_relative_power_std_median,0.03373798298509379,0.03373798298509379
h5__eeg2_sigma_relative_power_std_min,0.033731913952890206,0.033731913952890206
h5__eeg2_delta_beta_ratio_mean_std,0.03372751265510315,0.03372751265510315
report__micro_arousal_index_median,0.03371446451271347,0.03371446451271347
h5__eeg1_theta_alpha_ratio_mean_mean,0.03370933038802921,0.03370933038802921
report__nrem_percentage_max,-0.033704055065575424,0.033704055065575424
report__rem_percentage_min,0.03370405506557521,0.03370405506557521
h5__sleep_efficiency_epoch_ratio_std,-0.03353739617665661,0.03353739617665661
h5__eeg4_mean_mean_std,-0.03350961582354191,0.03350961582354191
h5__eeg3_delta_sigma_ratio_mean_mean,0.03349854484680999,0.03349854484680999
h5__eeg1_sigma_power_median_mean,0.033484592238961976,0.033484592238961976
h5__eeg2_iqr_mean_std,0.03347384871268662,0.03347384871268662
report__rem_duration_std,-0.03338749402445337,0.03338749402445337
h5__eeg1_sigma_relative_power_std_mean,0.033376449393915306,0.033376449393915306
h5__eeg3_total_power_0p5_30_std_max,0.03337016274832419,0.03337016274832419
h5__eeg4_beta_power_median_mean,0.033350767598097804,0.033350767598097804
h5__eeg4_skew_std_max,0.03332614191865472,0.03332614191865472
h5__eeg1_iqr_mean_std,0.033253114190618036,0.033253114190618036
h5__eeg2_total_power_0p5_30_std_std,0.033154940569300975,0.033154940569300975
h5__eeg2_delta_beta_ratio_std_std,0.033123957075072055,0.033123957075072055
h5__eeg2_iqr_median_std,0.033004901392868775,0.033004901392868775
h5__eeg1_alpha_power_median_std,0.032963640651038066,0.032963640651038066
h5__eeg2_iqr_mean_max,0.03296221663203738,0.03296221663203738
report__rem_latency_min,-0.03292983421617513,0.03292983421617513
h5__eeg3_theta_power_std_max,0.03288880257331653,0.03288880257331653
h5__eeg4_std_median_std,0.03287762319871361,0.03287762319871361
h5__eeg2_alpha_relative_power_std_median,-0.032850669269923805,0.032850669269923805
h5__eeg4_beta_relative_power_mean_median,-0.032801441949827585,0.032801441949827585
h5__eeg1_alpha_power_median_max,0.032784223269552756,0.032784223269552756
h5__eeg3_delta_power_std_max,0.03278345857729229,0.03278345857729229
h5__eeg1_sigma_power_median_std,0.03272258358488662,0.03272258358488662
h5__eeg4_std_median_max,0.03270840219005139,0.03270840219005139
h5__eeg1_sigma_power_median_max,0.03266536155147001,0.03266536155147001
h5__eeg1_iqr_mean_max,0.032664140105519546,0.032664140105519546
h5__eeg3_delta_sigma_ratio_std_mean,0.03264460106048213,0.03264460106048213
h5__eeg2_iqr_mean_mean,0.03263431994213511,0.03263431994213511
h5__eeg3_sigma_power_std_std,0.03244832663307467,0.03244832663307467
report__lrem4_min,0.032440569426721716,0.032440569426721716
h5__eeg2_hjorth_mobility_std_std,0.03239437624976418,0.03239437624976418
h5__eeg2_kurtosis_mean_std,0.032382737328593536,0.032382737328593536
h5__eeg1_alpha_power_median_mean,0.032355614523229895,0.032355614523229895
h5__eeg4_alpha_relative_power_mean_median,-0.03228962976128929,0.03228962976128929
h5__eeg4_std_median_mean,0.03222864925721119,0.03222864925721119
h5__eeg3_theta_alpha_ratio_std_std,0.0322085354210054,0.0322085354210054
h5__eeg1_beta_relative_power_std_median,0.03217049432033314,0.03217049432033314
h5__eeg4_iqr_std_std,0.03207886978324126,0.03207886978324126
h5__eeg1_skew_mean_std,0.03205172032486845,0.03205172032486845
h5__eeg2_delta_relative_power_std_median,0.03202337950947694,0.03202337950947694
report__n1_percentage_std,-0.03198218631590469,0.03198218631590469
h5__eeg3_beta_power_median_median,0.03194433840687159,0.03194433840687159
h5__n_epochs_mean,-0.0319435796403789,0.0319435796403789
h5__eeg2_sigma_power_median_median,0.03189906926740583,0.03189906926740583
h5__eeg4_iqr_std_max,0.03188385316716022,0.03188385316716022
report__wake_duration_mean,-0.03185611531416598,0.03185611531416598
h5__eeg2_delta_power_std_std,0.031815347693258285,0.031815347693258285
h5__eeg4_delta_beta_ratio_mean_max,0.0318116843172131,0.0318116843172131
h5__wake_epochs_max,-0.031661274074456604,0.031661274074456604
h5__Wake_epochs_max,-0.031661274074456604,0.031661274074456604
h5__eeg4_zero_crossings_mean_min,0.03159721678545997,0.03159721678545997
report__rem_latency_mean,-0.031567634815131765,0.031567634815131765
h5__eeg2_delta_sigma_ratio_mean_mean,0.031554333429590825,0.031554333429590825
h5__eeg2_beta_power_std_min,0.0315340806004611,0.0315340806004611
h5__eeg3_std_median_median,0.03150214541750903,0.03150214541750903
h5__eeg1_hjorth_mobility_std_mean,0.03147168793954837,0.03147168793954837
h5__eeg2_iqr_median_max,0.03146465626572323,0.03146465626572323
h5__eeg3_alpha_power_median_mean,0.031454606218193674,0.031454606218193674
h5__eeg3_alpha_power_mean_mean,0.03138602891111705,0.03138602891111705
h5__eeg1_alpha_power_std_max,0.031368668111013714,0.031368668111013714
h5__eeg3_delta_beta_ratio_mean_max,0.031357284320405326,0.031357284320405326
h5__eeg4_skew_std_std,0.031311028126559816,0.031311028126559816
h5__eeg1_delta_beta_ratio_std_min,0.0313020924282991,0.0313020924282991
h5__eeg1_beta_power_median_max,0.031170499809749737,0.031170499809749737
h5__eeg1_beta_power_mean_median,0.03115328258947817,0.03115328258947817
h5__eeg2_iqr_std_max,0.03113978807378159,0.03113978807378159
report__sol_aasm_std,-0.031121590324827378,0.031121590324827378
h5__eeg1_beta_power_median_std,0.03110344361848404,0.03110344361848404
h5__eeg3_alpha_power_std_mean,0.03106405052642164,0.03106405052642164
h5__eeg2_hjorth_complexity_mean_min,-0.03100235385040644,0.03100235385040644
h5__eeg3_delta_sigma_ratio_std_min,0.030844354842463725,0.030844354842463725
h5__eeg4_delta_beta_ratio_median_mean,0.030835374459384324,0.030835374459384324
h5__eeg4_theta_alpha_ratio_median_min,0.03081200241226735,0.03081200241226735
h5__eeg1_total_power_0p5_30_std_median,0.030808624320737346,0.030808624320737346
report__n1_percentage_max,-0.030791263070063777,0.030791263070063777
h5__eeg2_beta_relative_power_std_mean,0.03077738119141699,0.03077738119141699
h5__eeg2_delta_beta_ratio_std_max,0.030750045915996907,0.030750045915996907
h5__eeg4_kurtosis_mean_min,0.03073965328758081,0.03073965328758081
report__n1_duration_std,-0.030712172741866595,0.030712172741866595
h5__eeg2_mean_mean_mean,-0.03064833021362537,0.03064833021362537
h5__eeg1_total_power_0p5_30_mean_median,0.030592875737665906,0.030592875737665906
h5__eeg2_theta_alpha_ratio_median_median,0.03057910892501265,0.03057910892501265
h5__eeg1_beta_power_median_mean,0.030567277787294393,0.030567277787294393
h5__eeg3_alpha_relative_power_mean_median,-0.030452072988468887,0.030452072988468887
h5__eeg1_theta_power_mean_min,-0.030435643957160613,0.030435643957160613
h5__eeg4_iqr_mean_mean,0.030427482884934173,0.030427482884934173
h5__eeg4_theta_relative_power_median_median,-0.03040915142754117,0.03040915142754117
h5__eeg3_theta_alpha_ratio_mean_mean,0.03040796801057555,0.03040796801057555
h5__eeg1_std_std_mean,0.030327049489557643,0.030327049489557643
h5__eeg2_zero_crossings_std_max,0.030287214301181028,0.030287214301181028
h5__eeg2_sigma_relative_power_mean_mean,0.030270686600010033,0.030270686600010033
h5__eeg1_mean_std_min,0.03024327832524357,0.03024327832524357
h5__eeg4_iqr_mean_max,0.030222269225741734,0.030222269225741734
h5__eeg3_mean_median_mean,-0.030209637025083908,0.030209637025083908
h5__eeg1_hjorth_complexity_std_median,0.030176813113558507,0.030176813113558507
h5__eeg2_total_power_0p5_30_std_max,0.030175922256351656,0.030175922256351656
h5__eeg1_iqr_std_std,0.030108347510672914,0.030108347510672914
report__waso_std,-0.030071318854372135,0.030071318854372135
h5__eeg1_sigma_relative_power_std_min,0.03006217014927745,0.03006217014927745
h5__eeg1_alpha_relative_power_mean_max,-0.029983578167321622,0.029983578167321622
h5__eeg3_delta_beta_ratio_mean_std,0.029966274207990168,0.029966274207990168
h5__eeg3_alpha_power_mean_median,-0.02995037556644928,0.02995037556644928
h5__eeg4_hjorth_mobility_median_min,0.029920673388429096,0.029920673388429096
h5__eeg2_delta_beta_ratio_mean_mean,0.029890809006356062,0.029890809006356062
h5__eeg1_iqr_std_mean,0.029872483446225544,0.029872483446225544
h5__eeg1_delta_power_std_median,0.029797994397436082,0.029797994397436082
h5__eeg4_iqr_std_mean,0.029792651768597293,0.029792651768597293
h5__eeg2_delta_beta_ratio_mean_max,0.029783110268887483,0.029783110268887483
report__wake_duration_min,0.029722481360786392,0.029722481360786392
h5__eeg1_theta_alpha_ratio_std_median,0.02970787134770966,0.02970787134770966
h5__eeg1_sigma_power_std_std,0.02960135522085947,0.02960135522085947
h5__eeg3_delta_sigma_ratio_median_max,-0.029582421658416645,0.029582421658416645
report__tst_min,0.029486150374051848,0.029486150374051848
report__waso_median,0.029475759274988602,0.029475759274988602
h5__eeg2_hjorth_complexity_std_min,0.02945854083882572,0.02945854083882572
h5__eeg1_theta_alpha_ratio_mean_median,0.029446659424680215,0.029446659424680215
h5__eeg2_kurtosis_mean_max,0.02941944497530155,0.02941944497530155
h5__eeg3_sigma_power_mean_mean,0.029418270248893704,0.029418270248893704
h5__eeg3_alpha_relative_power_median_std,-0.029360928960979926,0.029360928960979926
h5__eeg3_theta_power_mean_min,-0.029353029898482947,0.029353029898482947
h5__eeg2_delta_beta_ratio_mean_min,0.029265443722840616,0.029265443722840616
h5__eeg2_delta_beta_ratio_std_mean,0.029212651223743828,0.029212651223743828
h5__eeg2_mean_std_std,-0.029182889423190306,0.029182889423190306
report__waso_aasm_median,0.029146723164543892,0.029146723164543892
h5__eeg1_beta_power_std_median,0.02914238235913937,0.02914238235913937
h5__eeg1_delta_power_mean_median,0.02904175288448676,0.02904175288448676
report__n2_duration_mean,-0.029030261528364788,0.029030261528364788
h5__eeg3_alpha_relative_power_std_std,0.029007635355960605,0.029007635355960605
h5__eeg2_hjorth_complexity_std_median,0.028997066801790313,0.028997066801790313
h5__eeg1_delta_power_mean_min,-0.02899383338479658,0.02899383338479658
h5__eeg4_iqr_mean_std,0.028918688542331237,0.028918688542331237
h5__eeg2_iqr_median_median,0.028914964568233857,0.028914964568233857
h5__eeg1_iqr_std_max,0.02881058565851867,0.02881058565851867
h5__eeg4_skew_mean_std,0.0287781158859409,0.0287781158859409
h5__eeg3_theta_power_median_min,-0.02874641727462635,0.02874641727462635
h5__eeg1_hjorth_mobility_std_std,0.028712217940546764,0.028712217940546764
h5__eeg4_delta_beta_ratio_mean_std,0.028705099122783174,0.028705099122783174
h5__eeg1_total_power_0p5_30_mean_min,-0.028671922408054613,0.028671922408054613
h5__eeg2_skew_median_max,-0.028617631238341188,0.028617631238341188
h5__eeg1_delta_relative_power_std_max,0.028591514829698073,0.028591514829698073
report__tst_median,0.02859101751829649,0.02859101751829649
h5__eeg3_delta_beta_ratio_std_min,0.028560894263272303,0.028560894263272303
h5__eeg3_hjorth_mobility_std_median,-0.02854510793087291,0.02854510793087291
h5__eeg2_kurtosis_std_max,0.02845736923524654,0.02845736923524654
h5__eeg3_sigma_power_std_max,0.028407603458103624,0.028407603458103624
h5__eeg3_alpha_relative_power_std_max,0.02839862166251464,0.02839862166251464
h5__eeg2_theta_alpha_ratio_median_std,-0.028323870488577204,0.028323870488577204
h5__eeg2_theta_relative_power_median_std,-0.02822463504880276,0.02822463504880276
h5__eeg2_delta_power_std_max,0.028184925118188944,0.028184925118188944
report__micro_arousal_index_std,-0.028107464288105958,0.028107464288105958
h5__eeg2_mean_median_median,0.02810281447767663,0.02810281447767663
h5__eeg3_iqr_mean_std,0.02802714636593269,0.02802714636593269
h5__eeg2_theta_relative_power_mean_max,0.028016287811454283,0.028016287811454283
h5__eeg4_hjorth_mobility_median_max,-0.027986975083633292,0.027986975083633292
h5__eeg4_theta_power_median_median,0.027950308786071146,0.027950308786071146
h5__eeg3_sigma_power_mean_median,-0.027947368111136194,0.027947368111136194
h5__eeg1_alpha_relative_power_mean_min,0.027922029257001924,0.027922029257001924
h5__eeg3_mean_mean_mean,-0.027916824624667106,0.027916824624667106
h5__eeg2_iqr_mean_min,0.027899827037865928,0.027899827037865928
h5__eeg1_theta_relative_power_mean_max,0.02788331577781798,0.02788331577781798
h5__eeg3_delta_relative_power_std_std,-0.027826004326941444,0.027826004326941444
report__awakenings_std,-0.02771733598439167,0.02771733598439167
h5__eeg2_zero_crossings_median_min,0.027577843682494878,0.027577843682494878
h5__eeg1_delta_relative_power_median_std,-0.027538398996027866,0.027538398996027866
h5__eeg3_alpha_power_median_median,0.02752950715467308,0.02752950715467308
h5__eeg3_mean_std_mean,-0.027516827458999506,0.027516827458999506
h5__eeg2_total_power_0p5_30_std_mean,0.027492299978211728,0.027492299978211728
h5__eeg2_hjorth_mobility_median_min,0.027470645925086867,0.027470645925086867
report__sleep_efficiency_mean,0.027437685434380132,0.027437685434380132
h5__eeg3_beta_power_median_std,-0.027431158830362245,0.027431158830362245
report__n3_duration_min,0.027430761153139506,0.027430761153139506
h5__eeg1_sigma_relative_power_median_std,-0.02738188985606807,0.02738188985606807
h5__eeg3_delta_relative_power_std_max,-0.02732894487312481,0.02732894487312481
h5__eeg1_std_std_median,0.027327891196830115,0.027327891196830115
h5__eeg3_mean_std_median,-0.027237453212346874,0.027237453212346874
h5__eeg2_sigma_relative_power_mean_std,0.0271611074802239,0.0271611074802239
h5__eeg3_hjorth_mobility_std_std,-0.027158199253550175,0.027158199253550175
h5__eeg3_mean_median_std,-0.02715640842818128,0.02715640842818128
h5__eeg3_beta_power_mean_mean,0.027149536304451504,0.027149536304451504
h5__eeg4_zero_crossings_median_max,-0.02713985737174671,0.02713985737174671
h5__eeg2_hjorth_mobility_std_max,0.02713850636520469,0.02713850636520469
h5__eeg3_zero_crossings_std_mean,-0.027099183787955707,0.027099183787955707
h5__eeg2_sigma_relative_power_median_max,0.027069242256904078,0.027069242256904078
h5__eeg1_theta_power_std_min,-0.02703741914736367,0.02703741914736367
h5__eeg1_theta_alpha_ratio_mean_max,0.026925623502467105,0.026925623502467105
h5__eeg3_hjorth_complexity_median_min,-0.02685899445664028,0.02685899445664028
h5__eeg1_mean_mean_median,0.02681885929243973,0.02681885929243973
h5__eeg4_beta_relative_power_median_median,-0.026803869723388527,0.026803869723388527
h5__eeg1_sigma_power_std_max,0.026777200253875304,0.026777200253875304
h5__eeg3_total_power_0p5_30_mean_std,0.026732897739600647,0.026732897739600647
h5__eeg3_std_mean_min,-0.026715433929286762,0.026715433929286762
h5__eeg3_theta_alpha_ratio_mean_max,0.02668463221017925,0.02668463221017925
h5__eeg1_skew_median_max,0.02667887851382662,0.02667887851382662
h5__eeg3_iqr_median_median,0.026638336685363525,0.026638336685363525
h5__eeg1_total_power_0p5_30_std_max,0.026627091696325902,0.026627091696325902
h5__eeg1_total_power_0p5_30_std_min,-0.026614530302257404,0.026614530302257404
h5__eeg3_delta_power_mean_std,0.0266138248957327,0.0266138248957327
h5__eeg3_theta_relative_power_median_median,0.026574649155842584,0.026574649155842584
h5__eeg2_kurtosis_std_median,0.026562030536404987,0.026562030536404987
h5__eeg1_std_median_std,0.026520004090535548,0.026520004090535548
h5__eeg3_kurtosis_std_mean,-0.026401727210773752,0.026401727210773752
h5__eeg1_sigma_relative_power_mean_std,-0.026392123888269392,0.026392123888269392
h5__eeg1_sigma_power_std_mean,0.026375698949573183,0.026375698949573183
h5__eeg4_beta_power_std_mean,0.026350360840801633,0.026350360840801633
h5__eeg2_alpha_relative_power_std_min,0.0262674768872144,0.0262674768872144
h5__N1_epochs_median,0.026228765751701546,0.026228765751701546
h5__eeg4_hjorth_complexity_mean_std,-0.026222831984036996,0.026222831984036996
h5__eeg1_delta_power_std_max,0.026220120246178542,0.026220120246178542
h5__eeg2_alpha_relative_power_median_median,-0.026124535557732562,0.026124535557732562
h5__eeg1_zero_crossings_std_max,0.026114955068347507,0.026114955068347507
h5__eeg1_std_median_max,0.026091568691842884,0.026091568691842884
h5__eeg1_delta_power_std_min,-0.026018427827302272,0.026018427827302272
h5__eeg1_delta_relative_power_mean_max,-0.026006838307895158,0.026006838307895158
h5__eeg2_alpha_relative_power_median_std,-0.026004449907033753,0.026004449907033753
h5__N1_percentage_max,-0.026002854023692294,0.026002854023692294
h5__eeg2_delta_beta_ratio_median_std,0.025921741906050597,0.025921741906050597
h5__eeg2_hjorth_mobility_std_median,0.02579830927726593,0.02579830927726593
h5__eeg3_theta_relative_power_std_max,0.02579253458861007,0.02579253458861007
report__n3_percentage_median,-0.025769401261739017,0.025769401261739017
h5__eeg2_zero_crossings_std_mean,0.025645485345544092,0.025645485345544092
h5__eeg4_delta_sigma_ratio_mean_max,0.025644908290542105,0.025644908290542105
h5__eeg2_mean_median_min,0.025641996531891042,0.025641996531891042
h5__eeg1_skew_std_mean,-0.02562360133040552,0.02562360133040552
h5__N3_epochs_min,0.025611487564794568,0.025611487564794568
h5__eeg3_beta_power_mean_median,-0.025603515238157792,0.025603515238157792
h5__eeg1_delta_beta_ratio_median_max,0.025574421627187555,0.025574421627187555
h5__eeg4_alpha_relative_power_std_median,0.025537551107060477,0.025537551107060477
h5__eeg3_std_median_std,0.02552607616384863,0.02552607616384863
h5__eeg1_delta_sigma_ratio_mean_max,0.025510241786519422,0.025510241786519422
h5__eeg2_beta_relative_power_mean_mean,0.025488660772161536,0.025488660772161536
h5__eeg4_beta_relative_power_median_std,-0.025452977098249088,0.025452977098249088
h5__eeg4_zero_crossings_std_std,-0.02544826520399855,0.02544826520399855
h5__eeg1_sigma_power_mean_median,0.025388787859456842,0.025388787859456842
h5__eeg3_kurtosis_median_median,0.02536505183859769,0.02536505183859769
h5__eeg1_hjorth_complexity_mean_std,-0.02527188985224816,0.02527188985224816
h5__eeg3_theta_power_mean_std,0.025252399895349546,0.025252399895349546
h5__eeg4_theta_alpha_ratio_std_max,0.025233492377215498,0.025233492377215498
h5__eeg1_theta_alpha_ratio_median_max,-0.025214963427804656,0.025214963427804656
h5__eeg2_zero_crossings_median_median,-0.02519932127640521,0.02519932127640521
h5__eeg2_sigma_relative_power_median_min,0.025198938279478677,0.025198938279478677
h5__eeg1_mean_mean_min,-0.025156606306656025,0.025156606306656025
h5__eeg2_hjorth_complexity_std_max,-0.025055209579838533,0.025055209579838533
h5__eeg1_beta_relative_power_median_max,-0.025043054302670547,0.025043054302670547
h5__eeg2_delta_relative_power_median_std,-0.025028407861610168,0.025028407861610168
h5__eeg1_skew_std_median,-0.0250168022350643,0.0250168022350643
h5__eeg4_iqr_mean_median,0.024955638073195584,0.024955638073195584
h5__eeg1_alpha_relative_power_median_std,-0.024946409292960985,0.024946409292960985
h5__eeg4_hjorth_mobility_std_max,-0.02490239487312239,0.02490239487312239
h5__eeg3_skew_std_max,-0.024826099747524567,0.024826099747524567
h5__eeg1_alpha_relative_power_std_max,-0.024806916078128013,0.024806916078128013
h5__eeg3_beta_power_median_max,-0.02470943436710452,0.02470943436710452
h5__eeg4_beta_relative_power_median_max,-0.024693988950676735,0.024693988950676735
h5__eeg2_delta_power_std_mean,0.024628359181916828,0.024628359181916828
report__nrem_duration_std,-0.024625438726842443,0.024625438726842443
h5__eeg3_iqr_mean_mean,0.024563449862666075,0.024563449862666075
h5__eeg3_skew_median_mean,-0.024505354360548647,0.024505354360548647
h5__eeg2_delta_sigma_ratio_median_min,-0.024358476843983186,0.024358476843983186
h5__eeg4_delta_relative_power_median_median,0.024355587641911935,0.024355587641911935
h5__eeg3_delta_relative_power_mean_min,0.024233524900908476,0.024233524900908476
h5__eeg1_zero_crossings_mean_median,0.0242288075851528,0.0242288075851528
h5__eeg4_kurtosis_std_median,0.02419574754458266,0.02419574754458266
h5__eeg2_alpha_relative_power_mean_median,-0.024119653350601348,0.024119653350601348
h5__eeg3_iqr_std_std,0.024071933658896916,0.024071933658896916
h5__eeg3_theta_power_mean_max,0.024030534898749022,0.024030534898749022
report__rem_duration_max,-0.023993337331182266,0.023993337331182266
h5__eeg3_kurtosis_mean_min,0.023973951981088076,0.023973951981088076
h5__eeg1_alpha_relative_power_std_std,-0.023949204389392142,0.023949204389392142
h5__eeg3_zero_crossings_median_std,0.023939973491296746,0.023939973491296746
h5__eeg1_beta_relative_power_median_median,0.023909218689370286,0.023909218689370286
h5__eeg2_sigma_power_std_min,0.023905767361305532,0.023905767361305532
h5__eeg2_beta_relative_power_median_std,-0.023900648225371638,0.023900648225371638
h5__eeg1_sigma_relative_power_median_max,-0.023888032491588534,0.023888032491588534
h5__eeg3_alpha_relative_power_std_median,-0.023877136066454297,0.023877136066454297
h5__eeg2_iqr_std_mean,0.02382560941786269,0.02382560941786269
h5__eeg1_alpha_relative_power_mean_median,-0.02376924652928595,0.02376924652928595
h5__eeg3_total_power_0p5_30_median_median,0.023725140801595407,0.023725140801595407
h5__eeg3_mean_std_min,-0.023716426252786492,0.023716426252786492
h5__eeg3_theta_power_median_median,0.023689745058639276,0.023689745058639276
h5__eeg1_std_median_mean,0.023668487372594596,0.023668487372594596
h5__eeg1_hjorth_complexity_median_max,0.023647170264233935,0.023647170264233935
h5__eeg3_mean_mean_std,-0.023568303638191266,0.023568303638191266
h5__eeg2_std_mean_mean,0.02354763502748034,0.02354763502748034
h5__eeg1_theta_power_mean_median,0.023536356654031962,0.023536356654031962
h5__eeg4_iqr_median_mean,0.023518648929657937,0.023518648929657937
h5__eeg2_alpha_relative_power_median_min,0.02344620407329904,0.02344620407329904
h5__eeg1_iqr_mean_median,0.023419089207111762,0.023419089207111762
h5__eeg3_std_mean_std,0.023357781613876572,0.023357781613876572
report__rem_duration_mean,0.02328269129494973,0.02328269129494973
h5__eeg3_mean_median_max,-0.023243793414802816,0.023243793414802816
h5__eeg4_skew_median_median,-0.02321232560890188,0.02321232560890188
h5__eeg4_skew_std_mean,0.023165758653467594,0.023165758653467594
h5__sleep_efficiency_epoch_ratio_mean,0.02307792241193581,0.02307792241193581
h5__eeg4_delta_sigma_ratio_mean_std,0.023056555799675166,0.023056555799675166
h5__N1_epochs_std,-0.02303656647264844,0.02303656647264844
h5__eeg1_kurtosis_std_mean,-0.023022862786858216,0.023022862786858216
h5__eeg1_hjorth_mobility_median_max,-0.022972392012932552,0.022972392012932552
h5__eeg3_delta_power_median_median,0.022967764628773174,0.022967764628773174
h5__eeg4_delta_relative_power_std_mean,0.022876705041621766,0.022876705041621766
h5__eeg3_total_power_0p5_30_std_median,-0.02284684803741777,0.02284684803741777
h5__eeg2_delta_sigma_ratio_median_std,0.022805765768000055,0.022805765768000055
h5__eeg2_theta_alpha_ratio_median_min,0.022779202095685375,0.022779202095685375
h5__eeg4_delta_relative_power_std_median,0.02276738562191198,0.02276738562191198
h5__eeg4_alpha_relative_power_std_std,-0.02273384337076859,0.02273384337076859
h5__eeg1_delta_relative_power_std_min,0.022706651854680186,0.022706651854680186
h5__eeg1_delta_relative_power_median_median,0.022704022919712023,0.022704022919712023
h5__N3_percentage_mean,0.022689507983827316,0.022689507983827316
h5__eeg3_mean_mean_min,0.022689127913859606,0.022689127913859606
report__n2_percentage_std,-0.022673666166736033,0.022673666166736033
h5__eeg3_theta_alpha_ratio_std_mean,0.02266744894055848,0.02266744894055848
h5__eeg3_sigma_relative_power_std_median,0.022656377290056134,0.022656377290056134
h5__eeg2_hjorth_mobility_mean_std,0.022641498195262205,0.022641498195262205
h5__eeg1_theta_power_median_min,-0.022603934626661215,0.022603934626661215
h5__eeg3_delta_power_std_median,-0.022575520550460235,0.022575520550460235
h5__eeg3_beta_power_std_median,-0.022525292761747542,0.022525292761747542
h5__eeg4_delta_power_median_median,0.022496784254696846,0.022496784254696846
h5__eeg2_theta_alpha_ratio_mean_min,0.022483166738472653,0.022483166738472653
h5__eeg1_sigma_relative_power_mean_max,-0.022477910787158783,0.022477910787158783
h5__eeg1_alpha_power_median_min,-0.02245436238655661,0.02245436238655661
h5__eeg1_kurtosis_median_mean,-0.022432861976164693,0.022432861976164693
h5__eeg4_skew_mean_mean,-0.02243022378552489,0.02243022378552489
h5__REM_percentage_std,0.02238565999518731,0.02238565999518731
h5__eeg4_theta_alpha_ratio_mean_max,0.02230454161519136,0.02230454161519136
h5__eeg4_zero_crossings_mean_max,-0.022218609223204885,0.022218609223204885
h5__eeg4_skew_median_mean,-0.022210799753821526,0.022210799753821526
h5__eeg1_alpha_power_std_min,-0.022193574414763655,0.022193574414763655
h5__eeg3_delta_relative_power_median_std,-0.022191297861707968,0.022191297861707968
h5__eeg1_hjorth_mobility_mean_mean,0.02218670899593643,0.02218670899593643
h5__eeg2_theta_alpha_ratio_median_mean,0.02218243412684817,0.02218243412684817
h5__eeg3_theta_relative_power_mean_median,0.0221508283599249,0.0221508283599249
h5__eeg1_delta_sigma_ratio_mean_std,0.022074837219451884,0.022074837219451884
h5__eeg3_hjorth_mobility_mean_max,-0.02204862213943297,0.02204862213943297
h5__eeg2_theta_alpha_ratio_std_min,-0.022027287575599103,0.022027287575599103
h5__eeg3_sigma_relative_power_std_min,-0.021993074783465336,0.021993074783465336
h5__eeg1_total_power_0p5_30_median_min,-0.021881495998626443,0.021881495998626443
h5__eeg4_total_power_0p5_30_median_median,0.021831762757172715,0.021831762757172715
h5__eeg1_hjorth_complexity_mean_median,-0.02179538804878834,0.02179538804878834
h5__eeg2_delta_relative_power_mean_max,-0.02171960807850039,0.02171960807850039
h5__eeg2_alpha_relative_power_mean_min,0.021678242588960086,0.021678242588960086
h5__eeg1_delta_power_median_min,-0.021676009965761835,0.021676009965761835
h5__eeg3_sigma_relative_power_std_mean,0.021609047175294747,0.021609047175294747
h5__eeg4_skew_median_max,-0.02160657179692902,0.02160657179692902
h5__eeg1_zero_crossings_median_std,0.021590236428887258,0.021590236428887258
h5__eeg4_kurtosis_std_mean,0.021538090516895207,0.021538090516895207
h5__eeg2_delta_beta_ratio_median_max,0.021485163024595116,0.021485163024595116
h5__eeg4_alpha_power_std_median,-0.02148025170514181,0.02148025170514181
h5__eeg3_delta_beta_ratio_std_max,0.021457879836386813,0.021457879836386813
h5__eeg1_delta_sigma_ratio_std_std,0.02143959537348967,0.02143959537348967
h5__eeg1_sigma_relative_power_median_min,0.02139490557830809,0.02139490557830809
h5__eeg4_mean_std_min,0.021362273676459254,0.021362273676459254
h5__eeg3_skew_median_median,-0.02133148600750496,0.02133148600750496
h5__eeg3_sigma_power_std_mean,0.02132411100340267,0.02132411100340267
h5__eeg1_sigma_relative_power_mean_median,0.021317571111793974,0.021317571111793974
h5__eeg1_kurtosis_std_min,-0.02130113130745681,0.02130113130745681
h5__eeg1_theta_alpha_ratio_median_min,0.021287722521182086,0.021287722521182086
h5__eeg1_theta_power_std_median,0.021256299611221958,0.021256299611221958
h5__eeg2_hjorth_mobility_mean_min,0.02123159955669612,0.02123159955669612
h5__eeg3_std_std_mean,-0.02121420174153723,0.02121420174153723
h5__eeg3_sigma_power_std_median,-0.021159330319781046,0.021159330319781046
h5__eeg2_delta_beta_ratio_mean_median,0.021110942805005223,0.021110942805005223
h5__eeg1_delta_beta_ratio_median_mean,0.021081468812133106,0.021081468812133106
h5__eeg1_zero_crossings_median_min,-0.021017368295876915,0.021017368295876915
h5__eeg2_delta_power_median_min,-0.021010229041898844,0.021010229041898844
h5__eeg3_theta_power_median_mean,0.020969680286015032,0.020969680286015032
h5__eeg1_zero_crossings_mean_std,0.020940397415129396,0.020940397415129396
h5__eeg2_beta_relative_power_mean_min,0.020835229383268022,0.020835229383268022
h5__eeg4_sigma_power_median_median,0.020780882256314113,0.020780882256314113
h5__eeg2_delta_relative_power_median_max,-0.020748933817183908,0.020748933817183908
h5__eeg3_theta_power_std_mean,0.02073817390206386,0.02073817390206386
h5__eeg2_delta_beta_ratio_std_min,0.020736513756371443,0.020736513756371443
h5__eeg4_sigma_relative_power_mean_std,-0.020710798886371326,0.020710798886371326
h5__eeg2_kurtosis_std_std,0.02057674572756816,0.02057674572756816
h5__eeg4_skew_mean_max,-0.020522771382369544,0.020522771382369544
h5__eeg4_std_std_median,-0.02048006937814589,0.02048006937814589
h5__eeg3_alpha_relative_power_median_max,-0.020461569726593277,0.020461569726593277
h5__eeg2_total_power_0p5_30_median_min,-0.02040748594631349,0.02040748594631349
report__wake_duration_max,-0.020384493049985544,0.020384493049985544
h5__eeg4_delta_power_std_min,-0.020315770150675174,0.020315770150675174
h5__eeg4_skew_mean_median,-0.020282748714364505,0.020282748714364505
h5__eeg4_delta_sigma_ratio_median_median,0.020275020117481307,0.020275020117481307
h5__eeg1_sigma_power_std_min,-0.02021635160668164,0.02021635160668164
h5__eeg4_delta_sigma_ratio_median_mean,0.0201042427854314,0.0201042427854314
h5__eeg1_alpha_power_mean_min,-0.02008677978966243,0.02008677978966243
h5__eeg2_alpha_relative_power_std_max,-0.020082044162900374,0.020082044162900374
h5__eeg4_beta_power_median_min,0.020024640713496137,0.020024640713496137
h5__eeg4_zero_crossings_median_median,-0.019953033266677148,0.019953033266677148
h5__eeg3_hjorth_mobility_mean_std,-0.019950030048386296,0.019950030048386296
h5__eeg4_beta_relative_power_median_mean,-0.01993459813048876,0.01993459813048876
h5__eeg1_theta_alpha_ratio_median_median,0.019790618512056258,0.019790618512056258
h5__REM_percentage_max,0.019751369273630647,0.019751369273630647
h5__sleep_efficiency_epoch_ratio_median,0.019713878861778236,0.019713878861778236
h5__eeg3_alpha_power_median_std,0.01967650002979692,0.01967650002979692
h5__eeg1_delta_beta_ratio_median_median,-0.019672439362290507,0.019672439362290507
h5__eeg1_zero_crossings_std_median,0.019664403443878285,0.019664403443878285
h5__eeg2_theta_relative_power_std_max,0.01955998030540501,0.01955998030540501
h5__eeg3_delta_beta_ratio_std_std,0.019553763852105315,0.019553763852105315
h5__eeg2_iqr_median_min,0.019549283266946632,0.019549283266946632
h5__eeg1_kurtosis_mean_mean,-0.019546063202679976,0.019546063202679976
h5__eeg4_kurtosis_mean_max,0.019537528474015138,0.019537528474015138
h5__eeg4_mean_median_min,0.01953460731272917,0.01953460731272917
h5__eeg3_total_power_0p5_30_mean_max,0.019523669719638554,0.019523669719638554
h5__eeg2_theta_relative_power_mean_mean,0.01949666458096968,0.01949666458096968
h5__eeg1_alpha_relative_power_median_mean,-0.019469092631271123,0.019469092631271123
h5__eeg1_iqr_std_min,0.01938251599186269,0.01938251599186269
h5__eeg3_theta_alpha_ratio_mean_median,0.019337707261947487,0.019337707261947487
h5__eeg2_hjorth_mobility_mean_mean,0.019335004608959597,0.019335004608959597
h5__eeg1_alpha_power_mean_median,0.01933380103649279,0.01933380103649279
h5__eeg3_skew_mean_median,0.01925425439729072,0.01925425439729072
h5__eeg1_hjorth_complexity_median_min,0.01917629129012697,0.01917629129012697
h5__eeg3_delta_power_mean_max,0.019172863958287666,0.019172863958287666
h5__eeg3_delta_beta_ratio_mean_mean,0.01915161855297474,0.01915161855297474
h5__eeg2_zero_crossings_mean_max,0.01908542899886718,0.01908542899886718
h5__eeg2_skew_std_median,0.01900071597191822,0.01900071597191822
h5__eeg2_theta_relative_power_median_min,0.01896179413932183,0.01896179413932183
h5__eeg1_delta_beta_ratio_median_min,-0.018959625051525306,0.018959625051525306
h5__eeg4_alpha_relative_power_median_median,-0.018954791506939073,0.018954791506939073
h5__eeg3_delta_relative_power_std_min,0.0189531314707163,0.0189531314707163
h5__eeg2_theta_relative_power_mean_min,0.01889942088302739,0.01889942088302739
h5__eeg3_theta_alpha_ratio_median_mean,0.018811816224989418,0.018811816224989418
h5__eeg1_alpha_relative_power_std_mean,-0.018742520192316467,0.018742520192316467
h5__eeg2_sigma_relative_power_median_median,-0.018717211958956734,0.018717211958956734
h5__eeg2_zero_crossings_std_median,0.018688109079458247,0.018688109079458247
h5__eeg3_delta_sigma_ratio_median_mean,-0.018681801563820908,0.018681801563820908
h5__eeg3_theta_relative_power_median_std,-0.018641895159319636,0.018641895159319636
h5__eeg3_delta_beta_ratio_std_mean,0.018576733171138494,0.018576733171138494
h5__eeg2_kurtosis_median_mean,-0.018512964783676932,0.018512964783676932
h5__eeg1_delta_relative_power_median_mean,0.018479004892211007,0.018479004892211007
report__sleep_efficiency_median,0.018436966009510856,0.018436966009510856
h5__REM_epochs_max,0.01841716624315091,0.01841716624315091
h5__eeg1_sigma_power_std_median,0.01840346723583298,0.01840346723583298
h5__eeg2_beta_relative_power_median_min,0.01839883541325985,0.01839883541325985
h5__eeg2_skew_std_mean,0.018383263607478786,0.018383263607478786
h5__eeg3_std_std_max,0.018345713933920486,0.018345713933920486
h5__eeg4_mean_mean_mean,-0.018340820820436723,0.018340820820436723
h5__eeg2_delta_sigma_ratio_median_max,0.01830617555507289,0.01830617555507289
h5__eeg4_total_power_0p5_30_std_min,-0.018295749826218708,0.018295749826218708
h5__eeg2_delta_power_median_median,-0.018276556420944036,0.018276556420944036
h5__eeg3_theta_alpha_ratio_std_median,0.018180048529376668,0.018180048529376668
h5__eeg1_delta_relative_power_mean_min,0.018172701375097307,0.018172701375097307
h5__eeg1_kurtosis_std_max,-0.01810635929732212,0.01810635929732212
h5__eeg3_hjorth_complexity_std_min,-0.01802160258470848,0.01802160258470848
h5__eeg3_mean_median_min,0.01800819375677107,0.01800819375677107
h5__eeg3_theta_alpha_ratio_mean_std,0.0179808950962031,0.0179808950962031
h5__eeg1_hjorth_complexity_std_mean,0.01781779882196961,0.01781779882196961
h5__eeg3_beta_power_median_mean,-0.017763541495490507,0.017763541495490507
h5__eeg2_beta_power_std_median,0.017755620409180228,0.017755620409180228
h5__eeg2_theta_power_std_median,0.017664788165869184,0.017664788165869184
h5__eeg3_beta_power_median_min,-0.017617891873856477,0.017617891873856477
h5__eeg2_zero_crossings_mean_min,0.017613340148229486,0.017613340148229486
h5__eeg1_kurtosis_mean_median,-0.017588016634807455,0.017588016634807455
h5__eeg4_hjorth_mobility_mean_min,0.017567232406698035,0.017567232406698035
h5__eeg3_mean_mean_max,-0.017547546808109517,0.017547546808109517
h5__eeg2_hjorth_complexity_median_std,0.017521712912334043,0.017521712912334043
h5__N3_epochs_max,0.017480738372238847,0.017480738372238847
h5__eeg2_theta_power_median_min,-0.017475171039745913,0.017475171039745913
h5__eeg1_kurtosis_std_median,-0.01745333537254541,0.01745333537254541
h5__eeg2_beta_power_mean_min,0.017422980649647417,0.017422980649647417
report__nrem_duration_mean,-0.01734646050178516,0.01734646050178516
h5__eeg1_zero_crossings_median_mean,-0.017330993828466125,0.017330993828466125
h5__eeg2_delta_beta_ratio_median_median,-0.017279334866554915,0.017279334866554915
h5__eeg4_kurtosis_median_mean,-0.01720583778636491,0.01720583778636491
h5__eeg4_std_mean_max,0.017195851113191527,0.017195851113191527
h5__eeg3_zero_crossings_mean_max,-0.01719446440475175,0.01719446440475175
h5__eeg1_iqr_std_median,0.017173662553630557,0.017173662553630557
h5__eeg2_kurtosis_std_mean,0.017156095416617913,0.017156095416617913
h5__eeg3_theta_power_mean_mean,0.017058939792026707,0.017058939792026707
h5__eeg2_theta_alpha_ratio_std_median,0.017038937891184592,0.017038937891184592
h5__eeg2_hjorth_mobility_std_min,0.017038806678978894,0.017038806678978894
h5__eeg1_sigma_relative_power_mean_mean,0.017022973742304905,0.017022973742304905
h5__eeg1_beta_relative_power_median_std,-0.016992582187136437,0.016992582187136437
h5__eeg4_sigma_relative_power_median_std,-0.016974306215009637,0.016974306215009637
h5__eeg2_delta_relative_power_mean_mean,-0.01694682836056603,0.01694682836056603
h5__eeg3_alpha_relative_power_std_min,0.01691120565562421,0.01691120565562421
h5__eeg1_hjorth_complexity_std_max,-0.016868115432043577,0.016868115432043577
h5__eeg3_theta_relative_power_median_mean,0.01686135747150109,0.01686135747150109
h5__eeg1_alpha_relative_power_std_median,-0.016783997231450992,0.016783997231450992
h5__N3_percentage_std,0.016748304916894524,0.016748304916894524
h5__eeg1_std_std_min,-0.016731403537964717,0.016731403537964717
h5__eeg3_hjorth_mobility_std_mean,-0.01668407074985842,0.01668407074985842
h5__eeg1_skew_std_min,-0.016615569553588855,0.016615569553588855
h5__eeg1_std_mean_median,0.016557542697857325,0.016557542697857325
h5__eeg1_mean_std_std,0.01654688431794211,0.01654688431794211
h5__eeg4_skew_std_min,0.016507571196109943,0.016507571196109943
h5__eeg2_mean_mean_min,0.01649544655990125,0.01649544655990125
h5__eeg2_std_std_median,-0.01647522976616251,0.01647522976616251
h5__eeg2_hjorth_complexity_median_median,0.016470743540647308,0.016470743540647308
report__n3_duration_std,0.016456045855035902,0.016456045855035902
h5__eeg3_sigma_power_median_mean,0.016443520464004057,0.016443520464004057
h5__wake_epochs_min,0.016406342049518248,0.016406342049518248
h5__Wake_epochs_min,0.016406342049518248,0.016406342049518248
h5__N1_percentage_median,-0.016405771513900443,0.016405771513900443
h5__eeg1_beta_relative_power_mean_min,0.016337642230490217,0.016337642230490217
h5__eeg2_total_power_0p5_30_median_median,-0.016319036113766058,0.016319036113766058
h5__eeg3_alpha_power_median_max,0.016123695753697476,0.016123695753697476
h5__eeg4_beta_relative_power_mean_mean,-0.016073481912608985,0.016073481912608985
h5__eeg1_theta_relative_power_median_mean,-0.01605260500853227,0.01605260500853227
h5__eeg4_theta_alpha_ratio_median_mean,0.016018519912052213,0.016018519912052213
h5__eeg4_hjorth_mobility_mean_mean,-0.01595551949601235,0.01595551949601235
h5__eeg3_delta_relative_power_median_min,0.01594990360396727,0.01594990360396727
h5__eeg3_theta_relative_power_mean_mean,0.015944628539501998,0.015944628539501998
h5__eeg2_total_power_0p5_30_std_median,0.015921531253500393,0.015921531253500393
h5__REM_epochs_median,0.015893441944255727,0.015893441944255727
h5__eeg1_beta_relative_power_std_std,0.015854044450487634,0.015854044450487634
h5__eeg2_delta_relative_power_median_min,-0.015815287980545756,0.015815287980545756
h5__eeg1_mean_median_min,-0.01581132729240493,0.01581132729240493
h5__eeg4_iqr_median_max,0.01579926354042824,0.01579926354042824
h5__eeg4_delta_beta_ratio_median_std,0.01577927012344597,0.01577927012344597
h5__eeg3_iqr_std_mean,0.015774591247299647,0.015774591247299647
h5__eeg4_std_median_median,0.015736947134983626,0.015736947134983626
h5__eeg4_hjorth_complexity_mean_min,0.015720053018392466,0.015720053018392466
h5__eeg2_delta_power_std_min,-0.01570364876472993,0.01570364876472993
h5__eeg2_delta_beta_ratio_median_min,-0.015699238876792317,0.015699238876792317
h5__eeg1_sigma_power_median_median,0.01564541527324736,0.01564541527324736
h5__eeg1_zero_crossings_mean_mean,0.015645144391655277,0.015645144391655277
h5__eeg4_beta_relative_power_mean_min,0.015553369492570164,0.015553369492570164
h5__eeg4_hjorth_mobility_std_mean,-0.015525260903814094,0.015525260903814094
h5__eeg4_total_power_0p5_30_std_median,0.015502233275977587,0.015502233275977587
h5__eeg1_hjorth_mobility_mean_min,0.015476974013293246,0.015476974013293246
h5__eeg1_hjorth_mobility_mean_median,0.01541773385422587,0.01541773385422587
h5__eeg2_std_mean_min,0.015410556521324134,0.015410556521324134
report__n3_percentage_mean,0.01539936140309037,0.01539936140309037
report__n3_percentage_max,0.015394977010935165,0.015394977010935165
h5__eeg3_delta_sigma_ratio_mean_min,0.01537788604913957,0.01537788604913957
h5__n_epochs_min,-0.015376572875677997,0.015376572875677997
report__waso_aasm_mean,-0.015352872640962377,0.015352872640962377
h5__eeg4_sigma_relative_power_std_median,0.01531366774890267,0.01531366774890267
h5__eeg3_delta_power_median_mean,0.015312569630038348,0.015312569630038348
h5__eeg4_beta_relative_power_mean_max,-0.015311673166506728,0.015311673166506728
h5__eeg1_mean_median_std,-0.01530028321743998,0.01530028321743998
h5__eeg4_skew_std_median,0.015269671644976012,0.015269671644976012
h5__eeg3_theta_relative_power_median_max,-0.01518505205850885,0.01518505205850885
h5__eeg1_delta_sigma_ratio_median_min,0.0151769796718212,0.0151769796718212
h5__eeg4_delta_sigma_ratio_median_std,0.015154421871893073,0.015154421871893073
h5__eeg2_std_std_mean,0.015129935773348846,0.015129935773348846
h5__eeg3_std_median_max,0.014922236022323749,0.014922236022323749
h5__eeg2_delta_sigma_ratio_mean_median,0.014889823094198137,0.014889823094198137
h5__eeg3_hjorth_complexity_std_max,-0.014867012244783899,0.014867012244783899
h5__eeg2_delta_relative_power_median_median,0.014866072734842608,0.014866072734842608
h5__eeg3_skew_mean_mean,0.01474329525368008,0.01474329525368008
h5__eeg3_total_power_0p5_30_median_mean,0.014705725375421683,0.014705725375421683
h5__eeg3_alpha_power_std_min,-0.01466610978272805,0.01466610978272805
h5__eeg1_sigma_power_median_min,-0.014615746776780425,0.014615746776780425
h5__eeg4_hjorth_mobility_median_median,-0.014590964576071664,0.014590964576071664
h5__eeg2_hjorth_complexity_mean_max,-0.014463682297112665,0.014463682297112665
h5__eeg2_theta_power_std_min,0.014418844946056776,0.014418844946056776
h5__eeg3_iqr_std_max,0.014385180694359944,0.014385180694359944
h5__eeg4_zero_crossings_std_max,-0.014375952785579928,0.014375952785579928
h5__eeg4_iqr_median_std,0.014370434565873698,0.014370434565873698
h5__eeg4_sigma_power_std_median,-0.014344069302522314,0.014344069302522314
h5__eeg1_kurtosis_median_median,-0.014316460101256218,0.014316460101256218
h5__eeg2_hjorth_mobility_median_max,0.01431502434905358,0.01431502434905358
h5__eeg3_iqr_std_median,-0.014302834953871144,0.014302834953871144
h5__eeg1_hjorth_mobility_mean_std,0.014296418836544556,0.014296418836544556
h5__eeg2_theta_relative_power_mean_median,0.014287320467694965,0.014287320467694965
h5__sleep_epochs_mean,-0.014237804729239524,0.014237804729239524
h5__tst_minutes_from_hypnogram_mean,-0.01423780472923951,0.01423780472923951
h5__eeg3_beta_power_std_std,0.014199387302958104,0.014199387302958104
h5__eeg1_alpha_relative_power_mean_mean,-0.014164611773552747,0.014164611773552747
h5__eeg3_alpha_relative_power_median_mean,-0.014162057632212477,0.014162057632212477
h5__eeg1_hjorth_mobility_std_median,0.013787235350476669,0.013787235350476669
report__n1_duration_max,-0.013721062866378161,0.013721062866378161
report__n2_duration_median,-0.01369870372220282,0.01369870372220282
h5__eeg4_theta_relative_power_std_min,0.01365108080152629,0.01365108080152629
h5__eeg4_theta_power_std_median,0.013641190863206283,0.013641190863206283
h5__eeg2_total_power_0p5_30_std_min,-0.013640028864602612,0.013640028864602612
h5__eeg1_delta_relative_power_median_min,0.013582857554190886,0.013582857554190886
h5__eeg3_alpha_power_std_median,-0.013544263311313535,0.013544263311313535
h5__eeg3_hjorth_complexity_mean_mean,-0.013519332208706776,0.013519332208706776
h5__eeg3_delta_power_median_max,0.01345218578137167,0.01345218578137167
h5__eeg1_alpha_relative_power_median_min,0.013442005016182052,0.013442005016182052
h5__eeg3_delta_sigma_ratio_median_std,-0.013415744398127245,0.013415744398127245
h5__eeg4_beta_relative_power_mean_std,-0.013282453560318621,0.013282453560318621
report__n1_percentage_mean,-0.013224814870263387,0.013224814870263387
h5__eeg4_hjorth_complexity_median_max,-0.013195468595605164,0.013195468595605164
h5__eeg3_hjorth_complexity_median_mean,-0.01318363973229223,0.01318363973229223
h5__eeg2_theta_power_median_median,-0.013181904072762917,0.013181904072762917
h5__eeg1_sigma_relative_power_std_max,0.013178083765005937,0.013178083765005937
h5__eeg2_theta_alpha_ratio_median_max,-0.013166408916416407,0.013166408916416407
h5__eeg3_theta_relative_power_mean_std,-0.013144856382601286,0.013144856382601286
h5__eeg4_hjorth_complexity_std_mean,0.013101691972746965,0.013101691972746965
h5__N3_percentage_median,-0.013097546016080803,0.013097546016080803
h5__eeg3_alpha_power_mean_min,-0.013002797112760707,0.013002797112760707
h5__eeg3_theta_alpha_ratio_median_max,0.012988432947236204,0.012988432947236204
h5__eeg3_alpha_relative_power_std_mean,0.012959394702781046,0.012959394702781046
h5__eeg4_delta_relative_power_mean_median,0.012928223660666153,0.012928223660666153
h5__eeg1_delta_sigma_ratio_median_max,-0.012927160010584731,0.012927160010584731
h5__eeg3_total_power_0p5_30_std_mean,0.01291629245784035,0.01291629245784035
h5__eeg3_zero_crossings_median_min,-0.012878977604739656,0.012878977604739656
h5__eeg4_sigma_relative_power_std_mean,0.012814360391150999,0.012814360391150999
h5__eeg3_delta_power_median_std,0.012768772278687964,0.012768772278687964
h5__eeg4_kurtosis_mean_mean,0.012767557830834778,0.012767557830834778
h5__eeg2_mean_std_median,0.01276559431069159,0.01276559431069159
h5__eeg4_beta_relative_power_median_min,0.012721168220884418,0.012721168220884418
h5__eeg3_iqr_mean_max,0.012655409095447183,0.012655409095447183
h5__eeg3_total_power_0p5_30_median_max,0.012637472424469826,0.012637472424469826
h5__eeg1_skew_median_min,0.012618428009220107,0.012618428009220107
h5__eeg3_kurtosis_std_median,-0.012612352618917654,0.012612352618917654
h5__eeg2_alpha_relative_power_std_mean,-0.01250595139664358,0.01250595139664358
h5__eeg1_hjorth_mobility_std_min,0.012464606455777872,0.012464606455777872
h5__eeg4_delta_relative_power_std_min,0.012407893057230831,0.012407893057230831
h5__eeg2_beta_relative_power_mean_median,0.012375237358775215,0.012375237358775215
h5__eeg3_beta_relative_power_std_median,-0.01236091755353373,0.01236091755353373
h5__eeg1_zero_crossings_mean_max,0.012321624005380042,0.012321624005380042
h5__eeg3_delta_beta_ratio_median_median,-0.012296628375984822,0.012296628375984822
h5__eeg4_theta_power_mean_median,0.012291792622091317,0.012291792622091317
h5__eeg2_delta_sigma_ratio_std_median,0.012205473244172947,0.012205473244172947
h5__eeg4_zero_crossings_mean_median,-0.012181415724768123,0.012181415724768123
h5__eeg1_sigma_power_mean_min,-0.012176027785180872,0.012176027785180872
h5__eeg4_delta_sigma_ratio_median_max,0.012104512758344505,0.012104512758344505
h5__eeg4_delta_power_std_median,0.012089083392749108,0.012089083392749108
h5__REM_epochs_std,0.012055266702467345,0.012055266702467345
h5__eeg3_theta_relative_power_std_median,0.01203964871432083,0.01203964871432083
h5__eeg3_delta_power_std_mean,0.011975001287661153,0.011975001287661153
h5__N1_percentage_mean,-0.01195670534464595,0.01195670534464595
h5__eeg2_delta_beta_ratio_std_median,0.011948951668980504,0.011948951668980504
h5__eeg3_total_power_0p5_30_median_std,0.011933624095500653,0.011933624095500653
h5__eeg3_delta_relative_power_mean_max,-0.011895178386788564,0.011895178386788564
h5__eeg3_hjorth_complexity_median_median,-0.011850102004646994,0.011850102004646994
h5__eeg1_kurtosis_mean_max,-0.011808323188399613,0.011808323188399613
h5__N1_epochs_max,-0.011802642737307585,0.011802642737307585
h5__eeg2_theta_power_mean_median,0.011757595391785943,0.011757595391785943
h5__eeg4_hjorth_complexity_median_min,-0.011685159067592776,0.011685159067592776
h5__eeg3_theta_relative_power_median_min,0.011681126511466492,0.011681126511466492
h5__eeg1_iqr_mean_min,0.011625718527031825,0.011625718527031825
h5__eeg3_delta_sigma_ratio_median_min,0.011583368753631685,0.011583368753631685
h5__tst_minutes_from_hypnogram_min,0.011548889704828492,0.011548889704828492
h5__sleep_epochs_min,0.011548889704828492,0.011548889704828492
h5__eeg2_hjorth_complexity_std_mean,0.01150782034852981,0.01150782034852981
h5__eeg1_delta_beta_ratio_mean_min,0.011489163944123656,0.011489163944123656
h5__eeg1_hjorth_mobility_median_median,0.011466438034450391,0.011466438034450391
h5__eeg4_kurtosis_mean_median,0.01145833387777415,0.01145833387777415
h5__n_epochs_max,-0.011418646473125408,0.011418646473125408
h5__N1_percentage_std,-0.011393461791347663,0.011393461791347663
h5__eeg4_sigma_relative_power_mean_max,0.011380482037809793,0.011380482037809793
h5__eeg4_theta_power_std_min,-0.011351465652785072,0.011351465652785072
h5__eeg1_beta_relative_power_std_max,0.011341278675281853,0.011341278675281853
h5__eeg2_alpha_power_std_min,0.011303618596961648,0.011303618596961648
h5__eeg1_iqr_median_mean,0.011300706939895112,0.011300706939895112
report__n2_duration_min,0.011285361380284364,0.011285361380284364
h5__eeg3_theta_relative_power_std_mean,0.011198642693476786,0.011198642693476786
h5__eeg4_total_power_0p5_30_median_min,0.011168440931824385,0.011168440931824385
h5__eeg2_hjorth_mobility_median_median,-0.011150844550739286,0.011150844550739286
h5__eeg2_beta_relative_power_median_max,0.01114412460054449,0.01114412460054449
h5__eeg1_iqr_median_median,0.011133655392877514,0.011133655392877514
h5__eeg1_theta_alpha_ratio_median_mean,0.011097584563144363,0.011097584563144363
h5__eeg3_zero_crossings_std_median,-0.011080089728286016,0.011080089728286016
h5__eeg2_delta_power_std_median,0.010955037047105532,0.010955037047105532
h5__eeg4_kurtosis_std_max,-0.010953329808920435,0.010953329808920435
report__micro_arousal_index_max,0.01093885057899751,0.01093885057899751
h5__eeg2_beta_relative_power_std_std,0.010878454396085238,0.010878454396085238
h5__eeg4_hjorth_mobility_std_min,0.01084874559062518,0.01084874559062518
h5__eeg1_alpha_relative_power_median_max,-0.010793089190915605,0.010793089190915605
report__waso_mean,-0.010773683759122762,0.010773683759122762
h5__eeg4_beta_relative_power_std_std,-0.010665060619628304,0.010665060619628304
h5__eeg1_mean_mean_max,0.01061134838890405,0.01061134838890405
h5__N3_epochs_std,0.010573014663630633,0.010573014663630633
report__n2_latency_aasm_max,-0.010525357771981528,0.010525357771981528
h5__eeg2_total_power_0p5_30_mean_min,-0.010504793223034315,0.010504793223034315
h5__eeg1_beta_relative_power_mean_max,-0.010390707274502486,0.010390707274502486
h5__eeg4_theta_relative_power_mean_mean,0.010249091604029521,0.010249091604029521
h5__eeg4_kurtosis_std_std,-0.01019916444093628,0.01019916444093628
h5__eeg4_sigma_relative_power_mean_median,-0.01010810724261292,0.01010810724261292
h5__eeg4_alpha_relative_power_std_mean,0.010079588084023788,0.010079588084023788
h5__eeg3_delta_beta_ratio_median_min,-0.01007009407910986,0.01007009407910986
h5__eeg4_kurtosis_std_min,0.010039288360032464,0.010039288360032464
h5__eeg3_beta_relative_power_std_mean,-0.010020962899575433,0.010020962899575433
h5__eeg4_sigma_relative_power_std_max,0.009999692884121156,0.009999692884121156
h5__eeg4_std_mean_std,0.009985707945892227,0.009985707945892227
h5__eeg1_std_median_min,-0.009983036374874226,0.009983036374874226
h5__eeg3_alpha_relative_power_median_median,-0.009955135596009626,0.009955135596009626
h5__eeg4_zero_crossings_std_min,0.009914372736972914,0.009914372736972914
h5__eeg2_mean_std_min,-0.009885098191249858,0.009885098191249858
h5__eeg2_beta_power_mean_median,0.009846718988768939,0.009846718988768939
h5__eeg1_hjorth_complexity_mean_mean,-0.00980441563429639,0.00980441563429639
h5__eeg2_zero_crossings_median_mean,-0.009798282969814843,0.009798282969814843
h5__eeg4_sigma_relative_power_std_std,-0.00978601835787717,0.00978601835787717
h5__eeg4_hjorth_mobility_mean_median,-0.0097769060588538,0.0097769060588538
h5__eeg3_delta_relative_power_median_median,-0.00966881389861945,0.00966881389861945
h5__eeg3_sigma_power_std_min,-0.00966492589042091,0.00966492589042091
h5__eeg4_skew_mean_min,-0.009612763704064706,0.009612763704064706
h5__eeg1_skew_median_mean,-0.009548925981187185,0.009548925981187185
h5__eeg3_theta_alpha_ratio_median_median,0.009520386777725888,0.009520386777725888
h5__eeg4_total_power_0p5_30_mean_min,0.009497466603121443,0.009497466603121443
h5__eeg4_delta_relative_power_median_min,0.009452727254192992,0.009452727254192992
h5__eeg3_delta_beta_ratio_median_std,0.00944669061779303,0.00944669061779303
h5__eeg1_beta_power_median_median,0.009440859512327352,0.009440859512327352
h5__eeg3_alpha_relative_power_mean_mean,-0.009421372813870841,0.009421372813870841
h5__eeg2_alpha_relative_power_median_mean,-0.009404253488995698,0.009404253488995698
h5__eeg4_sigma_relative_power_median_median,-0.00937860446892721,0.00937860446892721
h5__eeg2_hjorth_complexity_mean_mean,-0.009377099834484676,0.009377099834484676
h5__eeg3_total_power_0p5_30_mean_mean,0.009272258705682632,0.009272258705682632
h5__eeg2_beta_power_median_min,0.009271851057464557,0.009271851057464557
h5__eeg2_zero_crossings_mean_mean,0.009253260120636526,0.009253260120636526
h5__eeg4_theta_relative_power_mean_median,-0.00923191266220138,0.00923191266220138
h5__eeg2_theta_relative_power_median_max,0.009215913894173342,0.009215913894173342
h5__eeg4_alpha_relative_power_median_max,-0.009194614435453068,0.009194614435453068
h5__eeg2_alpha_relative_power_std_std,-0.009163247859090897,0.009163247859090897
report__n1_duration_mean,0.009131506765140096,0.009131506765140096
h5__eeg1_theta_relative_power_mean_std,0.009121352563840104,0.009121352563840104
h5__eeg4_hjorth_complexity_median_mean,-0.009110062412015283,0.009110062412015283
h5__eeg4_delta_power_median_min,0.009100299868303002,0.009100299868303002
h5__eeg2_alpha_relative_power_mean_max,0.009051785175047006,0.009051785175047006
h5__eeg4_theta_alpha_ratio_std_std,0.00898919053377063,0.00898919053377063
h5__eeg4_beta_power_median_median,-0.008982472259863313,0.008982472259863313
report__n3_duration_mean,0.008968163407821434,0.008968163407821434
h5__N3_epochs_median,-0.00892251797942049,0.00892251797942049
h5__eeg4_sigma_power_mean_median,-0.008854891495335342,0.008854891495335342
h5__eeg2_std_median_min,-0.008829183068397122,0.008829183068397122
h5__eeg4_hjorth_complexity_mean_max,-0.008782591243524077,0.008782591243524077
h5__eeg3_alpha_relative_power_mean_std,0.008766021832918632,0.008766021832918632
h5__eeg3_theta_relative_power_mean_max,-0.008723585405535427,0.008723585405535427
h5__eeg4_delta_power_mean_min,0.008700495608035135,0.008700495608035135
report__n1_percentage_median,-0.008679648793698199,0.008679648793698199
h5__eeg2_sigma_power_std_median,0.008673284911122153,0.008673284911122153
h5__eeg4_beta_relative_power_std_mean,-0.008661910041424643,0.008661910041424643
h5__eeg2_hjorth_complexity_median_max,-0.008630785722156515,0.008630785722156515
h5__eeg3_zero_crossings_mean_min,-0.008566826014626987,0.008566826014626987
h5__eeg2_sigma_power_mean_median,0.008540735324210366,0.008540735324210366
h5__eeg3_skew_std_mean,0.00851233398375096,0.00851233398375096
h5__eeg4_skew_median_std,-0.008503660297499913,0.008503660297499913
h5__eeg2_kurtosis_std_min,0.00849666651870509,0.00849666651870509
h5__eeg2_alpha_power_median_min,-0.008432138901181458,0.008432138901181458
h5__eeg1_delta_sigma_ratio_median_std,-0.008346028074943805,0.008346028074943805
h5__eeg2_sigma_power_mean_min,0.008335942437980469,0.008335942437980469
h5__eeg1_sigma_relative_power_median_mean,-0.008326961814264025,0.008326961814264025
h5__eeg2_iqr_std_median,-0.008326372582615255,0.008326372582615255
h5__N1_epochs_min,-0.00832261301106337,0.00832261301106337
h5__eeg3_delta_power_mean_mean,0.008308469645083643,0.008308469645083643
h5__eeg1_total_power_0p5_30_median_median,-0.008298998560069654,0.008298998560069654
h5__eeg3_iqr_mean_median,0.008268024827397065,0.008268024827397065
report__n2_latency_aasm_std,-0.00825342102411224,0.00825342102411224
h5__eeg3_sigma_relative_power_std_std,0.008241821398198125,0.008241821398198125
h5__eeg3_hjorth_mobility_median_median,0.008183802335244735,0.008183802335244735
report__n1_percentage_min,-0.008141370708689297,0.008141370708689297
h5__eeg4_zero_crossings_median_mean,-0.0080691425482517,0.0080691425482517
h5__eeg3_hjorth_complexity_median_max,0.008030020826626544,0.008030020826626544
h5__eeg4_std_mean_median,0.008019014754023956,0.008019014754023956
h5__eeg2_alpha_power_mean_median,0.007984732554006588,0.007984732554006588
h5__eeg4_delta_beta_ratio_median_min,0.007961999061784982,0.007961999061784982
h5__eeg3_beta_power_std_max,0.007948136320394128,0.007948136320394128
report__nr_of_shifts_max,-0.007938775897262627,0.007938775897262627
report__n1_duration_min,0.007930106846923276,0.007930106846923276
h5__eeg3_zero_crossings_mean_median,0.007874250651308423,0.007874250651308423
h5__eeg1_zero_crossings_median_max,-0.007859181802012425,0.007859181802012425
h5__eeg3_theta_relative_power_std_min,0.007828743178415754,0.007828743178415754
h5__eeg4_std_std_mean,0.00777850795330756,0.00777850795330756
h5__eeg2_delta_power_mean_min,-0.0077290737530898625,0.0077290737530898625
h5__eeg3_hjorth_mobility_median_min,0.0077069337407580036,0.0077069337407580036
report__rem_latency_std,0.007567704724651626,0.007567704724651626
h5__sleep_epochs_max,-0.007540045088213533,0.007540045088213533
h5__tst_minutes_from_hypnogram_max,-0.007540045088213533,0.007540045088213533
h5__eeg3_std_mean_mean,-0.00752680993283449,0.00752680993283449
report__rem_percentage_std,-0.007514544284287253,0.007514544284287253
report__nrem_percentage_std,-0.007514544284287245,0.007514544284287245
h5__eeg4_alpha_relative_power_median_mean,-0.00750790802668732,0.00750790802668732
h5__eeg2_beta_relative_power_std_max,0.007440778545039423,0.007440778545039423
h5__sleep_epochs_median,-0.0074253048886202145,0.0074253048886202145
h5__tst_minutes_from_hypnogram_median,-0.0074253048886202145,0.0074253048886202145
h5__eeg2_theta_relative_power_median_median,-0.007374577129779661,0.007374577129779661
h5__eeg1_theta_relative_power_median_min,-0.007363437049563762,0.007363437049563762
h5__eeg3_beta_relative_power_mean_mean,-0.007354051105429882,0.007354051105429882
h5__eeg2_kurtosis_median_min,-0.007328088644264639,0.007328088644264639
h5__eeg3_mean_mean_median,-0.007256770959848915,0.007256770959848915
h5__eeg1_delta_power_median_median,-0.007228459058404467,0.007228459058404467
h5__eeg4_hjorth_complexity_std_max,-0.007225539459939455,0.007225539459939455
h5__eeg3_sigma_power_median_max,0.007221121875684808,0.007221121875684808
h5__eeg4_std_mean_mean,0.00720293971456451,0.00720293971456451
h5__eeg1_mean_std_max,0.007152561190192445,0.007152561190192445
h5__eeg2_alpha_power_mean_min,-0.007142952226473548,0.007142952226473548
h5__eeg3_beta_relative_power_median_max,0.007118354622357133,0.007118354622357133
h5__eeg3_sigma_power_median_std,0.007089807008786545,0.007089807008786545
h5__eeg2_total_power_0p5_30_mean_median,0.007016559909540969,0.007016559909540969
h5__eeg1_delta_relative_power_mean_mean,-0.006985452474155834,0.006985452474155834
h5__eeg4_sigma_power_mean_min,0.00697942773086831,0.00697942773086831
h5__eeg1_hjorth_complexity_mean_min,0.006933984539027487,0.006933984539027487
h5__eeg3_beta_relative_power_median_std,0.006922279803797294,0.006922279803797294
h5__eeg3_delta_beta_ratio_std_median,-0.006874779866907124,0.006874779866907124
h5__eeg3_sigma_relative_power_mean_std,0.0067621787913567525,0.0067621787913567525
h5__eeg3_theta_relative_power_std_std,0.006736850767253958,0.006736850767253958
h5__eeg4_beta_power_mean_median,-0.006711970429403761,0.006711970429403761
report__awakenings_max,0.006684526844793513,0.006684526844793513
h5__eeg2_mean_mean_max,0.006680452041820974,0.006680452041820974
h5__eeg3_theta_alpha_ratio_std_min,0.006656166421348042,0.006656166421348042
h5__eeg4_beta_relative_power_std_max,-0.0066497858642398855,0.0066497858642398855
h5__eeg3_hjorth_complexity_std_median,0.006620598704213179,0.006620598704213179
h5__eeg1_delta_relative_power_median_max,-0.00660129543796334,0.00660129543796334
h5__eeg1_skew_std_max,0.00659201486222598,0.00659201486222598
h5__eeg3_sigma_relative_power_median_std,0.006590962007429035,0.006590962007429035
h5__eeg1_zero_crossings_median_median,-0.006553113023832811,0.006553113023832811
report__nrem_duration_min,0.006539988655052183,0.006539988655052183
h5__eeg3_delta_beta_ratio_median_max,-0.006535872801361745,0.006535872801361745
h5__eeg1_hjorth_complexity_mean_max,0.006506650503670224,0.006506650503670224
h5__eeg3_delta_relative_power_std_median,-0.006488794901011135,0.006488794901011135
h5__eeg4_hjorth_complexity_std_median,0.006479869722141232,0.006479869722141232
h5__eeg1_alpha_relative_power_std_min,0.006463234033620566,0.006463234033620566
h5__eeg2_kurtosis_mean_median,0.0064405243977647105,0.0064405243977647105
h5__sleep_epochs_std,-0.006435661186353577,0.006435661186353577
h5__tst_minutes_from_hypnogram_std,-0.006435661186353576,0.006435661186353576
h5__eeg1_theta_power_median_median,-0.00639295086292146,0.00639295086292146
h5__eeg3_kurtosis_median_mean,0.00638620842222112,0.00638620842222112
h5__eeg3_zero_crossings_mean_std,-0.006383390145057215,0.006383390145057215
h5__eeg1_theta_relative_power_mean_mean,0.006380354652360683,0.006380354652360683
h5__eeg2_kurtosis_mean_mean,0.006340613657388071,0.006340613657388071
h5__eeg3_theta_power_median_std,0.006335749276346646,0.006335749276346646
h5__eeg2_sigma_power_median_min,0.0063296697654302864,0.0063296697654302864
h5__eeg1_alpha_power_std_median,0.006324662913469552,0.006324662913469552
report__sleep_efficiency_max,0.006320208420413351,0.006320208420413351
h5__eeg3_delta_relative_power_std_mean,0.00626565643849221,0.00626565643849221
h5__eeg2_delta_relative_power_mean_median,0.006256790910399235,0.006256790910399235
h5__eeg2_hjorth_mobility_mean_median,0.006256754984799742,0.006256754984799742
h5__eeg1_hjorth_mobility_median_std,-0.006246478415000375,0.006246478415000375
h5__eeg2_beta_relative_power_std_min,0.006237272240168729,0.006237272240168729
h5__eeg4_alpha_relative_power_mean_max,-0.006218354430383308,0.006218354430383308
h5__eeg4_sigma_relative_power_mean_mean,0.00607281046300009,0.00607281046300009
report__lrem4_mean,-0.006058957714033621,0.006058957714033621
h5__eeg2_skew_std_min,0.005958432348393013,0.005958432348393013
h5__eeg2_theta_relative_power_median_mean,0.00592392403763191,0.00592392403763191
h5__eeg3_beta_power_std_mean,0.005872718429432572,0.005872718429432572
h5__eeg2_skew_median_std,-0.0058651788787627895,0.0058651788787627895
h5__eeg1_iqr_median_max,0.005839969304015089,0.005839969304015089
h5__eeg2_delta_power_mean_median,0.005803761998109396,0.005803761998109396
h5__eeg4_hjorth_mobility_median_mean,-0.005798231598771729,0.005798231598771729
h5__eeg3_std_mean_max,0.005785265155992436,0.005785265155992436
h5__eeg3_delta_relative_power_median_max,-0.005777202150010173,0.005777202150010173
report__waso_aasm_max,-0.005696312561281514,0.005696312561281514
h5__eeg2_sigma_relative_power_median_std,-0.0056412402461098665,0.0056412402461098665
h5__eeg2_alpha_relative_power_median_max,0.005616443736908122,0.005616443736908122
h5__eeg3_kurtosis_mean_mean,0.0055678161356467176,0.0055678161356467176
h5__eeg2_iqr_mean_median,-0.00547077226313418,0.00547077226313418
h5__eeg4_delta_relative_power_std_max,0.005463379145247883,0.005463379145247883
h5__eeg2_kurtosis_mean_min,0.005462903079843754,0.005462903079843754
h5__eeg1_theta_alpha_ratio_mean_std,0.0053598635261382244,0.0053598635261382244
h5__eeg2_delta_sigma_ratio_median_median,0.0053465029695070965,0.0053465029695070965
h5__sleep_efficiency_epoch_ratio_max,0.005324230594925423,0.005324230594925423
h5__eeg1_hjorth_mobility_median_min,0.005292192331242687,0.005292192331242687
h5__eeg3_hjorth_mobility_median_max,-0.005287418617113427,0.005287418617113427
h5__eeg2_hjorth_complexity_median_mean,-0.005198542399883828,0.005198542399883828
h5__eeg2_zero_crossings_mean_median,-0.005182355450417055,0.005182355450417055
h5__eeg1_kurtosis_mean_min,-0.005146371038543437,0.005146371038543437
h5__eeg3_kurtosis_mean_median,0.00512629984824094,0.00512629984824094
report__n3_duration_median,-0.005112985594575221,0.005112985594575221
h5__eeg4_delta_relative_power_mean_min,0.005097500506970809,0.005097500506970809
h5__eeg1_theta_relative_power_std_min,0.005090702549643968,0.005090702549643968
h5__eeg3_alpha_relative_power_mean_min,0.00506197468816573,0.00506197468816573
h5__eeg4_delta_relative_power_median_mean,0.005042435693405454,0.005042435693405454
h5__eeg4_alpha_power_mean_median,-0.0050232818888464705,0.0050232818888464705
h5__eeg4_delta_power_mean_median,-0.004965021953002006,0.004965021953002006
report__n2_latency_aasm_mean,-0.004932503812926066,0.004932503812926066
h5__eeg3_theta_relative_power_mean_min,0.0048901240462056765,0.0048901240462056765
h5__eeg4_delta_beta_ratio_median_max,0.0047943795695400615,0.0047943795695400615
h5__eeg2_delta_relative_power_mean_std,0.004721257404469565,0.004721257404469565
h5__eeg3_beta_power_mean_min,0.004688306975697549,0.004688306975697549
h5__eeg4_std_std_min,0.004654148292249737,0.004654148292249737
report__nrem_duration_median,-0.004627697855545403,0.004627697855545403
h5__eeg3_sigma_relative_power_median_mean,-0.004557315931655952,0.004557315931655952
h5__eeg1_iqr_median_std,0.004538543964096532,0.004538543964096532
h5__eeg4_alpha_relative_power_mean_mean,-0.004526721439606804,0.004526721439606804
h5__eeg4_alpha_power_std_min,-0.004501910385728621,0.004501910385728621
h5__eeg1_std_median_median,0.004497544706576658,0.004497544706576658
h5__eeg2_zero_crossings_median_max,-0.004458287679143145,0.004458287679143145
h5__eeg1_beta_power_median_min,-0.004451391997930934,0.004451391997930934
h5__eeg2_alpha_power_std_median,0.004447154476733541,0.004447154476733541
h5__eeg3_sigma_relative_power_median_max,0.004440820023929419,0.004440820023929419
h5__eeg4_zero_crossings_mean_mean,-0.004260717812596637,0.004260717812596637
h5__eeg3_skew_std_median,0.004249813668391857,0.004249813668391857
h5__eeg1_delta_relative_power_mean_median,0.0042074140100742275,0.0042074140100742275
h5__eeg4_zero_crossings_std_mean,-0.004176496801903788,0.004176496801903788
h5__N2_epochs_min,0.00415092195156102,0.00415092195156102
h5__eeg3_theta_alpha_ratio_median_std,-0.004144301773298216,0.004144301773298216
h5__eeg3_hjorth_mobility_mean_min,0.004109422761047499,0.004109422761047499
h5__eeg3_hjorth_mobility_mean_mean,-0.004093211681725738,0.004093211681725738
h5__eeg3_zero_crossings_mean_mean,-0.004000557618570199,0.004000557618570199
h5__eeg1_theta_relative_power_median_median,-0.003955702246707148,0.003955702246707148
h5__eeg4_beta_power_mean_min,0.003895695539858962,0.003895695539858962
h5__eeg3_zero_crossings_median_mean,-0.003859790355037991,0.003859790355037991
h5__eeg3_theta_power_median_max,0.0038554387100235817,0.0038554387100235817
report__rem_latency_aasm_std,0.003823953129818879,0.003823953129818879
h5__eeg2_kurtosis_median_median,-0.003818976298081991,0.003818976298081991
h5__eeg4_alpha_power_mean_min,0.0038108803589119297,0.0038108803589119297
h5__eeg4_hjorth_mobility_std_median,-0.0037669056077573354,0.0037669056077573354
report__lrem4_std,0.0037619873517558016,0.0037619873517558016
report__n2_percentage_min,-0.0037160353414220906,0.0037160353414220906
h5__eeg3_hjorth_complexity_std_std,0.0036566127039829944,0.0036566127039829944
h5__eeg1_alpha_power_median_median,-0.003615842120516173,0.003615842120516173
h5__eeg3_delta_sigma_ratio_mean_median,-0.0035672719805676916,0.0035672719805676916
h5__eeg3_sigma_relative_power_mean_min,-0.00351781502621031,0.00351781502621031
h5__eeg1_sigma_relative_power_median_median,-0.0034782621083341196,0.0034782621083341196
h5__eeg4_theta_relative_power_median_max,-0.0033814981437706006,0.0033814981437706006
h5__eeg3_sigma_relative_power_std_max,-0.003367598795407607,0.003367598795407607
h5__eeg3_zero_crossings_median_max,-0.0033658214752053882,0.0033658214752053882
h5__eeg3_theta_power_std_median,-0.003278097397674907,0.003278097397674907
h5__eeg4_mean_std_median,-0.0032129860503128686,0.0032129860503128686
report__rem_latency_aasm_max,-0.003181216521506435,0.003181216521506435
h5__eeg4_hjorth_complexity_median_std,-0.00314989706390513,0.00314989706390513
h5__eeg4_theta_alpha_ratio_mean_std,-0.003149758597091479,0.003149758597091479
h5__eeg3_beta_power_std_min,-0.0031478776370215526,0.0031478776370215526
h5__eeg2_std_median_median,-0.0031283187499578165,0.0031283187499578165
h5__eeg2_std_mean_median,0.0031225618257703235,0.0031225618257703235
h5__eeg2_sigma_relative_power_mean_median,0.0030680818628111123,0.0030680818628111123
h5__eeg2_delta_sigma_ratio_median_mean,0.003032387252146974,0.003032387252146974
report__rem_latency_max,0.0030158999868651237,0.0030158999868651237
h5__eeg1_theta_relative_power_median_std,0.002923303706441597,0.002923303706441597
h5__eeg2_delta_relative_power_median_mean,-0.0029059184179933426,0.0029059184179933426
h5__eeg2_beta_relative_power_median_median,-0.002875803738182192,0.002875803738182192
h5__eeg3_delta_beta_ratio_median_mean,-0.0028279564053762833,0.0028279564053762833
h5__eeg3_delta_beta_ratio_mean_median,-0.0027960604966525346,0.0027960604966525346
h5__eeg1_sigma_relative_power_std_std,0.002743983177761642,0.002743983177761642
h5__eeg3_alpha_relative_power_mean_max,-0.002616690561421286,0.002616690561421286
h5__eeg1_mean_mean_mean,-0.0025792882189132013,0.0025792882189132013
h5__eeg1_hjorth_complexity_median_mean,0.0025275844695003755,0.0025275844695003755
h5__eeg2_hjorth_complexity_mean_median,0.0024528493482092943,0.0024528493482092943
h5__eeg3_kurtosis_median_min,-0.002417893759027464,0.002417893759027464
report__nrem_percentage_min,-0.0023744423671172203,0.0023744423671172203
report__rem_percentage_max,0.0023744423671170746,0.0023744423671170746
h5__eeg2_sigma_relative_power_median_mean,0.002334855883701424,0.002334855883701424
h5__eeg1_beta_relative_power_mean_std,0.0023192255119239497,0.0023192255119239497
h5__eeg3_zero_crossings_median_median,-0.0022967956951458397,0.0022967956951458397
h5__eeg1_skew_mean_min,-0.0022961125061939495,0.0022961125061939495
h5__N3_epochs_mean,0.0022715815258440675,0.0022715815258440675
h5__eeg1_delta_sigma_ratio_median_median,0.0022380222702567307,0.0022380222702567307
h5__eeg3_alpha_relative_power_median_min,0.00221012839650469,0.00221012839650469
h5__eeg1_theta_relative_power_mean_median,0.0021982252785036085,0.0021982252785036085
h5__eeg4_sigma_power_std_min,0.0021980957762132063,0.0021980957762132063
h5__eeg3_delta_beta_ratio_mean_min,-0.002196528041184931,0.002196528041184931
report__wake_duration_median,0.0021417403514205633,0.0021417403514205633
h5__eeg3_sigma_relative_power_mean_mean,-0.0021383633463447163,0.0021383633463447163
h5__eeg4_hjorth_complexity_mean_median,0.002124159569765453,0.002124159569765453
h5__eeg3_hjorth_complexity_mean_median,-0.0021060978006733197,0.0021060978006733197
report__waso_max,0.00198509837499605,0.00198509837499605
h5__eeg2_zero_crossings_std_min,-0.0019359207248427436,0.0019359207248427436
h5__eeg2_mean_std_mean,0.0019120840181889591,0.0019120840181889591
h5__eeg3_zero_crossings_std_min,0.0019079374285803686,0.0019079374285803686
h5__eeg2_zero_crossings_mean_std,-0.0018706203248438742,0.0018706203248438742
h5__eeg3_hjorth_mobility_mean_median,0.0018592345231470836,0.0018592345231470836
h5__eeg3_sigma_power_mean_min,-0.0018578960137752962,0.0018578960137752962
h5__eeg4_hjorth_complexity_mean_mean,-0.0018195081943692378,0.0018195081943692378
h5__eeg4_delta_sigma_ratio_median_min,0.0017907498578132988,0.0017907498578132988
h5__Wake_epochs_median,-0.001737679204448628,0.001737679204448628
h5__wake_epochs_median,-0.001737679204448628,0.001737679204448628
h5__eeg4_beta_power_std_median,-0.0017190009180362436,0.0017190009180362436
h5__eeg2_std_std_min,-0.001697888233943429,0.001697888233943429
h5__eeg1_kurtosis_mean_std,0.0016968676436613036,0.0016968676436613036
h5__eeg4_total_power_0p5_30_mean_median,-0.0016217929470483576,0.0016217929470483576
h5__eeg1_iqr_median_min,-0.0015541855205179252,0.0015541855205179252
h5__eeg2_theta_relative_power_std_std,0.0015125437784948143,0.0015125437784948143
h5__eeg4_delta_relative_power_std_std,0.0014997997653456677,0.0014997997653456677
h5__eeg1_hjorth_mobility_std_max,0.0014920789060502062,0.0014920789060502062
h5__eeg2_alpha_relative_power_mean_std,0.0014799312202573584,0.0014799312202573584
h5__eeg1_theta_relative_power_median_max,0.0014642163013573527,0.0014642163013573527
h5__eeg2_theta_power_mean_min,-0.0014173267886509473,0.0014173267886509473
h5__eeg3_delta_relative_power_median_mean,-0.0013961252002412403,0.0013961252002412403
h5__eeg3_beta_relative_power_median_mean,-0.0013811938610563876,0.0013811938610563876
h5__eeg1_zero_crossings_mean_min,0.0013698482861052021,0.0013698482861052021
h5__eeg1_beta_power_mean_min,0.0013667807884882497,0.0013667807884882497
report__n3_latency_aasm_min,0.0013607555591452108,0.0013607555591452108
h5__eeg1_hjorth_complexity_median_median,0.0013514085252584746,0.0013514085252584746
h5__eeg4_zero_crossings_std_median,0.0013329815728845662,0.0013329815728845662
h5__eeg4_kurtosis_mean_std,-0.0013288329980624507,0.0013288329980624507
h5__eeg1_hjorth_mobility_median_mean,-0.0012966946022977283,0.0012966946022977283
h5__eeg3_delta_sigma_ratio_std_median,0.0012881715295730227,0.0012881715295730227
h5__eeg3_beta_relative_power_median_median,-0.001275887936894281,0.001275887936894281
h5__eeg2_hjorth_complexity_mean_std,-0.001209705858117209,0.001209705858117209
h5__eeg2_delta_beta_ratio_median_mean,-0.0012058696544997457,0.0012058696544997457
h5__eeg3_delta_relative_power_mean_mean,-0.0011881108351292267,0.0011881108351292267
h5__eeg2_hjorth_mobility_median_mean,0.001178775805276706,0.001178775805276706
h5__eeg4_sigma_relative_power_median_max,0.0011753873221795042,0.0011753873221795042
h5__eeg1_kurtosis_std_std,-0.0011514400141957024,0.0011514400141957024
h5__eeg4_kurtosis_median_median,-0.0011161874119992108,0.0011161874119992108
h5__eeg3_hjorth_mobility_median_mean,-0.0010975968224779386,0.0010975968224779386
h5__eeg3_sigma_relative_power_median_median,-0.0010972374172615754,0.0010972374172615754
h5__eeg2_alpha_relative_power_mean_mean,-0.0010928716760787332,0.0010928716760787332
h5__eeg3_beta_relative_power_median_min,0.0010658147285378162,0.0010658147285378162
h5__eeg1_beta_relative_power_median_mean,-0.0010628629419504616,0.0010628629419504616
h5__eeg2_skew_mean_std,-0.0010375947509062141,0.0010375947509062141
h5__eeg4_beta_relative_power_std_median,-0.0010342857022068788,0.0010342857022068788
h5__eeg4_kurtosis_median_min,0.0010110620576511977,0.0010110620576511977
h5__eeg1_std_mean_min,-0.0009918070885159276,0.0009918070885159276
h5__eeg1_skew_mean_max,-0.0009504306932343836,0.0009504306932343836
h5__eeg2_beta_relative_power_median_mean,0.000874561052283885,0.000874561052283885
report__n3_percentage_std,-0.0008704818076273366,0.0008704818076273366
h5__eeg3_beta_relative_power_std_min,0.0008608554579653485,0.0008608554579653485
h5__eeg3_hjorth_complexity_mean_max,-0.0008554341377753241,0.0008554341377753241
h5__eeg1_delta_sigma_ratio_median_mean,0.0008296599476100469,0.0008296599476100469
h5__eeg4_beta_relative_power_std_min,0.0007780677093715936,0.0007780677093715936
h5__eeg4_theta_power_mean_min,0.0007679100385587861,0.0007679100385587861
h5__eeg3_sigma_relative_power_median_min,0.0007264838923594161,0.0007264838923594161
h5__eeg4_iqr_std_median,-0.000714537951424495,0.000714537951424495
h5__eeg4_beta_power_std_min,0.0006557823073233586,0.0006557823073233586
report__tst_mean,0.0006169351250552869,0.0006169351250552869
h5__eeg3_delta_relative_power_mean_median,0.0005879059358618246,0.0005879059358618246
h5__eeg4_alpha_relative_power_std_min,0.0005861593994475787,0.0005861593994475787
h5__eeg1_beta_power_std_min,-0.0005503197494116056,0.0005503197494116056
h5__N2_percentage_std,0.0005409476786552648,0.0005409476786552648
h5__eeg1_hjorth_mobility_mean_max,0.0005384113514369867,0.0005384113514369867
h5__eeg4_theta_relative_power_median_mean,0.0005303824812993289,0.0005303824812993289
h5__eeg3_hjorth_mobility_median_std,-0.0005234418502504225,0.0005234418502504225
h5__eeg3_sigma_relative_power_mean_max,-0.000473324017233741,0.000473324017233741
h5__eeg1_hjorth_complexity_median_std,-0.00046604143654764606,0.00046604143654764606
h5__eeg4_hjorth_complexity_median_median,0.0004487541734730423,0.0004487541734730423
h5__eeg2_alpha_power_median_median,0.00043560343205392883,0.00043560343205392883
h5__eeg3_beta_relative_power_mean_min,0.0004152551037010835,0.0004152551037010835
h5__eeg4_theta_relative_power_mean_max,0.0003618643191204208,0.0003618643191204208
h5__eeg1_theta_relative_power_mean_min,0.0003605834272028621,0.0003605834272028621
h5__eeg3_beta_relative_power_mean_median,-0.00032498881582827414,0.00032498881582827414
h5__eeg3_sigma_relative_power_mean_median,-0.00030349748346750937,0.00030349748346750937
h5__eeg3_hjorth_mobility_std_min,-0.0002858247360908668,0.0002858247360908668
h5__eeg4_delta_relative_power_mean_mean,0.00021572283672187536,0.00021572283672187536
h5__eeg1_kurtosis_median_min,0.0001709486297105068,0.0001709486297105068
h5__eeg4_mean_mean_median,0.0001673149606415084,0.0001673149606415084
h5__eeg4_skew_median_min,0.0001432393396658883,0.0001432393396658883
h5__eeg4_sigma_relative_power_median_mean,-0.00011542744933268927,0.00011542744933268927
h5__eeg2_theta_relative_power_mean_std,9.136718948590088e-05,9.136718948590088e-05
h5__eeg3_hjorth_complexity_std_mean,6.76761293686022e-05,6.76761293686022e-05
h5__eeg1_beta_relative_power_median_min,5.157851619631945e-05,5.157851619631945e-05
h5__N1_epochs_mean,-2.347965704835946e-05,2.347965704835946e-05
h5__eeg2_mean_mean_std,6.114896931591305e-06,6.114896931591305e-06
