dataset,column,missing_count,missing_percentage
report_subject_features,average_respiration_rate_std,3,0.06382978723404255
report_subject_features,awakenings_std,3,0.06382978723404255
report_subject_features,confidence_awakenings_std,3,0.06382978723404255
report_subject_features,confidence_last_sleep_std,3,0.06382978723404255
report_subject_features,confidence_lps_std,3,0.06382978723404255
report_subject_features,confidence_lrem4_std,3,0.06382978723404255
report_subject_features,confidence_n1_duration_std,3,0.06382978723404255
report_subject_features,confidence_n1_percentage_std,3,0.06382978723404255
report_subject_features,confidence_n2_duration_std,3,0.06382978723404255
report_subject_features,confidence_n2_latency_aasm_std,3,0.06382978723404255
report_subject_features,confidence_n2_percentage_std,3,0.06382978723404255
report_subject_features,confidence_n3_duration_std,3,0.06382978723404255
report_subject_features,confidence_n3_latency_aasm_std,3,0.06382978723404255
report_subject_features,confidence_n3_percentage_std,3,0.06382978723404255
report_subject_features,confidence_nr_of_shifts_std,3,0.06382978723404255
report_subject_features,confidence_nrem_duration_std,3,0.06382978723404255
report_subject_features,confidence_nrem_percentage_std,3,0.06382978723404255
report_subject_features,confidence_rem_duration_std,3,0.06382978723404255
report_subject_features,confidence_rem_latency_std,3,0.06382978723404255
report_subject_features,confidence_rem_latency_aasm_std,3,0.06382978723404255
report_subject_features,confidence_rem_percentage_std,3,0.06382978723404255
report_subject_features,confidence_sleep_efficiency_std,3,0.06382978723404255
report_subject_features,confidence_sleep_onset_std,3,0.06382978723404255
report_subject_features,confidence_sol_std,3,0.06382978723404255
report_subject_features,confidence_sol_aasm_std,3,0.06382978723404255
report_subject_features,confidence_tst_std,3,0.06382978723404255
report_subject_features,confidence_wake_duration_std,3,0.06382978723404255
report_subject_features,confidence_waso_std,3,0.06382978723404255
report_subject_features,confidence_waso_aasm_std,3,0.06382978723404255
report_subject_features,lps_std,3,0.06382978723404255
report_subject_features,lrem4_std,3,0.06382978723404255
report_subject_features,micro_arousal_index_std,3,0.06382978723404255
report_subject_features,n1_duration_std,3,0.06382978723404255
report_subject_features,n1_percentage_std,3,0.06382978723404255
report_subject_features,n2_duration_std,3,0.06382978723404255
report_subject_features,n2_latency_aasm_std,3,0.06382978723404255
report_subject_features,n2_percentage_std,3,0.06382978723404255
report_subject_features,n3_duration_std,3,0.06382978723404255
report_subject_features,n3_latency_aasm_std,3,0.06382978723404255
report_subject_features,n3_percentage_std,3,0.06382978723404255
report_subject_features,nr_of_shifts_std,3,0.06382978723404255
report_subject_features,nrem_duration_std,3,0.06382978723404255
report_subject_features,nrem_percentage_std,3,0.06382978723404255
report_subject_features,proportion_off_head_std,3,0.06382978723404255
report_subject_features,proportion_scorable_and_on_head_std,3,0.06382978723404255
report_subject_features,quality_index_F7_O1_std,3,0.06382978723404255
report_subject_features,quality_index_F7_O2_std,3,0.06382978723404255
report_subject_features,quality_index_F8_F7_std,3,0.06382978723404255
report_subject_features,quality_index_F8_O1_std,3,0.06382978723404255
report_subject_features,quality_index_F8_O2_std,3,0.06382978723404255
report_subject_features,record_duration_std,3,0.06382978723404255
report_subject_features,record_quality_index_std,3,0.06382978723404255
report_subject_features,rem_duration_std,3,0.06382978723404255
report_subject_features,rem_latency_std,3,0.06382978723404255
report_subject_features,rem_latency_aasm_std,3,0.06382978723404255
report_subject_features,rem_percentage_std,3,0.06382978723404255
report_subject_features,respiration_rate_n1_std,3,0.06382978723404255
report_subject_features,respiration_rate_n2_std,3,0.06382978723404255
report_subject_features,respiration_rate_n3_std,3,0.06382978723404255
report_subject_features,respiration_rate_rem_std,3,0.06382978723404255
report_subject_features,respiration_rate_wake_std,3,0.06382978723404255
report_subject_features,sleep_efficiency_std,3,0.06382978723404255
report_subject_features,sol_std,3,0.06382978723404255
report_subject_features,sol_aasm_std,3,0.06382978723404255
report_subject_features,tst_std,3,0.06382978723404255
report_subject_features,wake_duration_std,3,0.06382978723404255
report_subject_features,waso_std,3,0.06382978723404255
report_subject_features,waso_aasm_std,3,0.06382978723404255
report_subject_features,confidence_last_sleep_mean,1,0.02127659574468085
report_subject_features,confidence_lps_mean,1,0.02127659574468085
report_subject_features,confidence_lrem4_mean,1,0.02127659574468085
report_subject_features,confidence_n1_percentage_mean,1,0.02127659574468085
report_subject_features,confidence_n2_latency_aasm_mean,1,0.02127659574468085
report_subject_features,confidence_n2_percentage_mean,1,0.02127659574468085
report_subject_features,confidence_n3_latency_aasm_mean,1,0.02127659574468085
report_subject_features,confidence_n3_percentage_mean,1,0.02127659574468085
report_subject_features,confidence_nr_of_shifts_mean,1,0.02127659574468085
report_subject_features,confidence_nrem_percentage_mean,1,0.02127659574468085
report_subject_features,confidence_rem_latency_mean,1,0.02127659574468085
report_subject_features,confidence_rem_latency_aasm_mean,1,0.02127659574468085
report_subject_features,confidence_rem_percentage_mean,1,0.02127659574468085
report_subject_features,confidence_sleep_onset_mean,1,0.02127659574468085
report_subject_features,confidence_sol_mean,1,0.02127659574468085
report_subject_features,confidence_sol_aasm_mean,1,0.02127659574468085
report_subject_features,lps_mean,1,0.02127659574468085
report_subject_features,lrem4_mean,1,0.02127659574468085
report_subject_features,n1_percentage_mean,1,0.02127659574468085
report_subject_features,n2_latency_aasm_mean,1,0.02127659574468085
report_subject_features,n2_percentage_mean,1,0.02127659574468085
report_subject_features,n3_latency_aasm_mean,1,0.02127659574468085
report_subject_features,n3_percentage_mean,1,0.02127659574468085
report_subject_features,nr_of_shifts_mean,1,0.02127659574468085
report_subject_features,nrem_percentage_mean,1,0.02127659574468085
report_subject_features,rem_latency_mean,1,0.02127659574468085
report_subject_features,rem_latency_aasm_mean,1,0.02127659574468085
report_subject_features,rem_percentage_mean,1,0.02127659574468085
report_subject_features,respiration_rate_n1_mean,1,0.02127659574468085
report_subject_features,respiration_rate_n2_mean,1,0.02127659574468085
report_subject_features,respiration_rate_n3_mean,1,0.02127659574468085
report_subject_features,respiration_rate_rem_mean,1,0.02127659574468085
report_subject_features,sol_mean,1,0.02127659574468085
report_subject_features,sol_aasm_mean,1,0.02127659574468085
report_subject_features,confidence_last_sleep_median,1,0.02127659574468085
report_subject_features,confidence_lps_median,1,0.02127659574468085
report_subject_features,confidence_lrem4_median,1,0.02127659574468085
report_subject_features,confidence_n1_percentage_median,1,0.02127659574468085
report_subject_features,confidence_n2_latency_aasm_median,1,0.02127659574468085
report_subject_features,confidence_n2_percentage_median,1,0.02127659574468085
report_subject_features,confidence_n3_latency_aasm_median,1,0.02127659574468085
report_subject_features,confidence_n3_percentage_median,1,0.02127659574468085
report_subject_features,confidence_nr_of_shifts_median,1,0.02127659574468085
report_subject_features,confidence_nrem_percentage_median,1,0.02127659574468085
report_subject_features,confidence_rem_latency_median,1,0.02127659574468085
report_subject_features,confidence_rem_latency_aasm_median,1,0.02127659574468085
report_subject_features,confidence_rem_percentage_median,1,0.02127659574468085
report_subject_features,confidence_sleep_onset_median,1,0.02127659574468085
report_subject_features,confidence_sol_median,1,0.02127659574468085
report_subject_features,confidence_sol_aasm_median,1,0.02127659574468085
report_subject_features,lps_median,1,0.02127659574468085
report_subject_features,lrem4_median,1,0.02127659574468085
report_subject_features,n1_percentage_median,1,0.02127659574468085
report_subject_features,n2_latency_aasm_median,1,0.02127659574468085
report_subject_features,n2_percentage_median,1,0.02127659574468085
report_subject_features,n3_latency_aasm_median,1,0.02127659574468085
report_subject_features,n3_percentage_median,1,0.02127659574468085
report_subject_features,nr_of_shifts_median,1,0.02127659574468085
report_subject_features,nrem_percentage_median,1,0.02127659574468085
report_subject_features,rem_latency_median,1,0.02127659574468085
report_subject_features,rem_latency_aasm_median,1,0.02127659574468085
report_subject_features,rem_percentage_median,1,0.02127659574468085
report_subject_features,respiration_rate_n1_median,1,0.02127659574468085
report_subject_features,respiration_rate_n2_median,1,0.02127659574468085
report_subject_features,respiration_rate_n3_median,1,0.02127659574468085
report_subject_features,respiration_rate_rem_median,1,0.02127659574468085
report_subject_features,sol_median,1,0.02127659574468085
report_subject_features,sol_aasm_median,1,0.02127659574468085
report_subject_features,confidence_last_sleep_min,1,0.02127659574468085
report_subject_features,confidence_lps_min,1,0.02127659574468085
report_subject_features,confidence_lrem4_min,1,0.02127659574468085
report_subject_features,confidence_n1_percentage_min,1,0.02127659574468085
report_subject_features,confidence_n2_latency_aasm_min,1,0.02127659574468085
report_subject_features,confidence_n2_percentage_min,1,0.02127659574468085
report_subject_features,confidence_n3_latency_aasm_min,1,0.02127659574468085
report_subject_features,confidence_n3_percentage_min,1,0.02127659574468085
report_subject_features,confidence_nr_of_shifts_min,1,0.02127659574468085
report_subject_features,confidence_nrem_percentage_min,1,0.02127659574468085
report_subject_features,confidence_rem_latency_min,1,0.02127659574468085
report_subject_features,confidence_rem_latency_aasm_min,1,0.02127659574468085
report_subject_features,confidence_rem_percentage_min,1,0.02127659574468085
report_subject_features,confidence_sleep_onset_min,1,0.02127659574468085
report_subject_features,confidence_sol_min,1,0.02127659574468085
report_subject_features,confidence_sol_aasm_min,1,0.02127659574468085
report_subject_features,lps_min,1,0.02127659574468085
report_subject_features,lrem4_min,1,0.02127659574468085
report_subject_features,n1_percentage_min,1,0.02127659574468085
report_subject_features,n2_latency_aasm_min,1,0.02127659574468085
report_subject_features,n2_percentage_min,1,0.02127659574468085
report_subject_features,n3_latency_aasm_min,1,0.02127659574468085
report_subject_features,n3_percentage_min,1,0.02127659574468085
report_subject_features,nr_of_shifts_min,1,0.02127659574468085
report_subject_features,nrem_percentage_min,1,0.02127659574468085
report_subject_features,rem_latency_min,1,0.02127659574468085
report_subject_features,rem_latency_aasm_min,1,0.02127659574468085
report_subject_features,rem_percentage_min,1,0.02127659574468085
report_subject_features,respiration_rate_n1_min,1,0.02127659574468085
report_subject_features,respiration_rate_n2_min,1,0.02127659574468085
report_subject_features,respiration_rate_n3_min,1,0.02127659574468085
report_subject_features,respiration_rate_rem_min,1,0.02127659574468085
report_subject_features,sol_min,1,0.02127659574468085
report_subject_features,sol_aasm_min,1,0.02127659574468085
report_subject_features,confidence_last_sleep_max,1,0.02127659574468085
report_subject_features,confidence_lps_max,1,0.02127659574468085
report_subject_features,confidence_lrem4_max,1,0.02127659574468085
report_subject_features,confidence_n1_percentage_max,1,0.02127659574468085
report_subject_features,confidence_n2_latency_aasm_max,1,0.02127659574468085
report_subject_features,confidence_n2_percentage_max,1,0.02127659574468085
report_subject_features,confidence_n3_latency_aasm_max,1,0.02127659574468085
report_subject_features,confidence_n3_percentage_max,1,0.02127659574468085
report_subject_features,confidence_nr_of_shifts_max,1,0.02127659574468085
report_subject_features,confidence_nrem_percentage_max,1,0.02127659574468085
report_subject_features,confidence_rem_latency_max,1,0.02127659574468085
report_subject_features,confidence_rem_latency_aasm_max,1,0.02127659574468085
report_subject_features,confidence_rem_percentage_max,1,0.02127659574468085
report_subject_features,confidence_sleep_onset_max,1,0.02127659574468085
report_subject_features,confidence_sol_max,1,0.02127659574468085
report_subject_features,confidence_sol_aasm_max,1,0.02127659574468085
report_subject_features,lps_max,1,0.02127659574468085
report_subject_features,lrem4_max,1,0.02127659574468085
report_subject_features,n1_percentage_max,1,0.02127659574468085
report_subject_features,n2_latency_aasm_max,1,0.02127659574468085
report_subject_features,n2_percentage_max,1,0.02127659574468085
report_subject_features,n3_latency_aasm_max,1,0.02127659574468085
report_subject_features,n3_percentage_max,1,0.02127659574468085
report_subject_features,nr_of_shifts_max,1,0.02127659574468085
report_subject_features,nrem_percentage_max,1,0.02127659574468085
report_subject_features,rem_latency_max,1,0.02127659574468085
report_subject_features,rem_latency_aasm_max,1,0.02127659574468085
report_subject_features,rem_percentage_max,1,0.02127659574468085
report_subject_features,respiration_rate_n1_max,1,0.02127659574468085
report_subject_features,respiration_rate_n2_max,1,0.02127659574468085
report_subject_features,respiration_rate_n3_max,1,0.02127659574468085
report_subject_features,respiration_rate_rem_max,1,0.02127659574468085
report_subject_features,sol_max,1,0.02127659574468085
report_subject_features,sol_aasm_max,1,0.02127659574468085
report_subject_features,patient_id,0,0.0
report_subject_features,NRID,0,0.0
report_subject_features,sex,0,0.0
report_subject_features,age,0,0.0
report_subject_features,diagnosis,0,0.0
report_subject_features,binary_target,0,0.0
report_subject_features,average_respiration_rate_mean,0,0.0
report_subject_features,awakenings_mean,0,0.0
report_subject_features,confidence_awakenings_mean,0,0.0
report_subject_features,confidence_n1_duration_mean,0,0.0
report_subject_features,confidence_n2_duration_mean,0,0.0
report_subject_features,confidence_n3_duration_mean,0,0.0
report_subject_features,confidence_nrem_duration_mean,0,0.0
report_subject_features,confidence_rem_duration_mean,0,0.0
report_subject_features,confidence_sleep_efficiency_mean,0,0.0
report_subject_features,confidence_tst_mean,0,0.0
report_subject_features,confidence_wake_duration_mean,0,0.0
report_subject_features,confidence_waso_mean,0,0.0
report_subject_features,confidence_waso_aasm_mean,0,0.0
report_subject_features,micro_arousal_index_mean,0,0.0
report_subject_features,n1_duration_mean,0,0.0
report_subject_features,n2_duration_mean,0,0.0
report_subject_features,n3_duration_mean,0,0.0
report_subject_features,nrem_duration_mean,0,0.0
report_subject_features,proportion_off_head_mean,0,0.0
report_subject_features,proportion_scorable_and_on_head_mean,0,0.0
report_subject_features,quality_index_F7_O1_mean,0,0.0
report_subject_features,quality_index_F7_O2_mean,0,0.0
report_subject_features,quality_index_F8_F7_mean,0,0.0
report_subject_features,quality_index_F8_O1_mean,0,0.0
report_subject_features,quality_index_F8_O2_mean,0,0.0
report_subject_features,record_duration_mean,0,0.0
report_subject_features,record_quality_index_mean,0,0.0
report_subject_features,rem_duration_mean,0,0.0
report_subject_features,respiration_rate_wake_mean,0,0.0
report_subject_features,sleep_efficiency_mean,0,0.0
report_subject_features,tst_mean,0,0.0
report_subject_features,wake_duration_mean,0,0.0
report_subject_features,waso_mean,0,0.0
report_subject_features,waso_aasm_mean,0,0.0
report_subject_features,average_respiration_rate_median,0,0.0
report_subject_features,awakenings_median,0,0.0
report_subject_features,confidence_awakenings_median,0,0.0
report_subject_features,confidence_n1_duration_median,0,0.0
report_subject_features,confidence_n2_duration_median,0,0.0
report_subject_features,confidence_n3_duration_median,0,0.0
report_subject_features,confidence_nrem_duration_median,0,0.0
report_subject_features,confidence_rem_duration_median,0,0.0
report_subject_features,confidence_sleep_efficiency_median,0,0.0
report_subject_features,confidence_tst_median,0,0.0
report_subject_features,confidence_wake_duration_median,0,0.0
report_subject_features,confidence_waso_median,0,0.0
report_subject_features,confidence_waso_aasm_median,0,0.0
report_subject_features,micro_arousal_index_median,0,0.0
report_subject_features,n1_duration_median,0,0.0
report_subject_features,n2_duration_median,0,0.0
report_subject_features,n3_duration_median,0,0.0
report_subject_features,nrem_duration_median,0,0.0
report_subject_features,proportion_off_head_median,0,0.0
report_subject_features,proportion_scorable_and_on_head_median,0,0.0
report_subject_features,quality_index_F7_O1_median,0,0.0
report_subject_features,quality_index_F7_O2_median,0,0.0
report_subject_features,quality_index_F8_F7_median,0,0.0
report_subject_features,quality_index_F8_O1_median,0,0.0
report_subject_features,quality_index_F8_O2_median,0,0.0
report_subject_features,record_duration_median,0,0.0
report_subject_features,record_quality_index_median,0,0.0
report_subject_features,rem_duration_median,0,0.0
report_subject_features,respiration_rate_wake_median,0,0.0
report_subject_features,sleep_efficiency_median,0,0.0
report_subject_features,tst_median,0,0.0
report_subject_features,wake_duration_median,0,0.0
report_subject_features,waso_median,0,0.0
report_subject_features,waso_aasm_median,0,0.0
report_subject_features,average_respiration_rate_min,0,0.0
report_subject_features,awakenings_min,0,0.0
report_subject_features,confidence_awakenings_min,0,0.0
report_subject_features,confidence_n1_duration_min,0,0.0
report_subject_features,confidence_n2_duration_min,0,0.0
report_subject_features,confidence_n3_duration_min,0,0.0
report_subject_features,confidence_nrem_duration_min,0,0.0
report_subject_features,confidence_rem_duration_min,0,0.0
report_subject_features,confidence_sleep_efficiency_min,0,0.0
report_subject_features,confidence_tst_min,0,0.0
report_subject_features,confidence_wake_duration_min,0,0.0
report_subject_features,confidence_waso_min,0,0.0
report_subject_features,confidence_waso_aasm_min,0,0.0
report_subject_features,micro_arousal_index_min,0,0.0
report_subject_features,n1_duration_min,0,0.0
report_subject_features,n2_duration_min,0,0.0
report_subject_features,n3_duration_min,0,0.0
report_subject_features,nrem_duration_min,0,0.0
report_subject_features,proportion_off_head_min,0,0.0
report_subject_features,proportion_scorable_and_on_head_min,0,0.0
report_subject_features,quality_index_F7_O1_min,0,0.0
report_subject_features,quality_index_F7_O2_min,0,0.0
report_subject_features,quality_index_F8_F7_min,0,0.0
report_subject_features,quality_index_F8_O1_min,0,0.0
report_subject_features,quality_index_F8_O2_min,0,0.0
report_subject_features,record_duration_min,0,0.0
report_subject_features,record_quality_index_min,0,0.0
report_subject_features,rem_duration_min,0,0.0
report_subject_features,respiration_rate_wake_min,0,0.0
report_subject_features,sleep_efficiency_min,0,0.0
report_subject_features,tst_min,0,0.0
report_subject_features,wake_duration_min,0,0.0
report_subject_features,waso_min,0,0.0
report_subject_features,waso_aasm_min,0,0.0
report_subject_features,average_respiration_rate_max,0,0.0
report_subject_features,awakenings_max,0,0.0
report_subject_features,confidence_awakenings_max,0,0.0
report_subject_features,confidence_n1_duration_max,0,0.0
report_subject_features,confidence_n2_duration_max,0,0.0
report_subject_features,confidence_n3_duration_max,0,0.0
report_subject_features,confidence_nrem_duration_max,0,0.0
report_subject_features,confidence_rem_duration_max,0,0.0
report_subject_features,confidence_sleep_efficiency_max,0,0.0
report_subject_features,confidence_tst_max,0,0.0
report_subject_features,confidence_wake_duration_max,0,0.0
report_subject_features,confidence_waso_max,0,0.0
report_subject_features,confidence_waso_aasm_max,0,0.0
report_subject_features,micro_arousal_index_max,0,0.0
report_subject_features,n1_duration_max,0,0.0
report_subject_features,n2_duration_max,0,0.0
report_subject_features,n3_duration_max,0,0.0
report_subject_features,nrem_duration_max,0,0.0
report_subject_features,proportion_off_head_max,0,0.0
report_subject_features,proportion_scorable_and_on_head_max,0,0.0
report_subject_features,quality_index_F7_O1_max,0,0.0
report_subject_features,quality_index_F7_O2_max,0,0.0
report_subject_features,quality_index_F8_F7_max,0,0.0
report_subject_features,quality_index_F8_O1_max,0,0.0
report_subject_features,quality_index_F8_O2_max,0,0.0
report_subject_features,record_duration_max,0,0.0
report_subject_features,record_quality_index_max,0,0.0
report_subject_features,rem_duration_max,0,0.0
report_subject_features,respiration_rate_wake_max,0,0.0
report_subject_features,sleep_efficiency_max,0,0.0
report_subject_features,tst_max,0,0.0
report_subject_features,wake_duration_max,0,0.0
report_subject_features,waso_max,0,0.0
report_subject_features,waso_aasm_max,0,0.0
h5_subject_features_labelled,Wake_percentage_mean,47,1.0
h5_subject_features_labelled,Wake_percentage_median,47,1.0
h5_subject_features_labelled,Wake_percentage_std,47,1.0
h5_subject_features_labelled,Wake_percentage_min,47,1.0
h5_subject_features_labelled,Wake_percentage_max,47,1.0
h5_subject_features_labelled,n_epochs_std,3,0.06382978723404255
h5_subject_features_labelled,wake_epochs_std,3,0.06382978723404255
h5_subject_features_labelled,sleep_epochs_std,3,0.06382978723404255
h5_subject_features_labelled,tst_minutes_from_hypnogram_std,3,0.06382978723404255
h5_subject_features_labelled,sleep_efficiency_epoch_ratio_std,3,0.06382978723404255
h5_subject_features_labelled,Wake_epochs_std,3,0.06382978723404255
h5_subject_features_labelled,N1_epochs_std,3,0.06382978723404255
h5_subject_features_labelled,N1_percentage_std,3,0.06382978723404255
h5_subject_features_labelled,N2_epochs_std,3,0.06382978723404255
h5_subject_features_labelled,N2_percentage_std,3,0.06382978723404255
h5_subject_features_labelled,N3_epochs_std,3,0.06382978723404255
h5_subject_features_labelled,N3_percentage_std,3,0.06382978723404255
h5_subject_features_labelled,REM_epochs_std,3,0.06382978723404255
h5_subject_features_labelled,REM_percentage_std,3,0.06382978723404255
h5_subject_features_labelled,eeg1_mean_mean_std,3,0.06382978723404255
h5_subject_features_labelled,eeg1_mean_std_std,3,0.06382978723404255
h5_subject_features_labelled,eeg1_mean_median_std,3,0.06382978723404255
h5_subject_features_labelled,eeg1_std_mean_std,3,0.06382978723404255
h5_subject_features_labelled,eeg1_std_std_std,3,0.06382978723404255
h5_subject_features_labelled,eeg1_std_median_std,3,0.06382978723404255
h5_subject_features_labelled,eeg1_iqr_mean_std,3,0.06382978723404255
h5_subject_features_labelled,eeg1_iqr_std_std,3,0.06382978723404255
h5_subject_features_labelled,eeg1_iqr_median_std,3,0.06382978723404255
h5_subject_features_labelled,eeg1_skew_mean_std,3,0.06382978723404255
h5_subject_features_labelled,eeg1_skew_std_std,3,0.06382978723404255
h5_subject_features_labelled,eeg1_skew_median_std,3,0.06382978723404255
h5_subject_features_labelled,eeg1_kurtosis_mean_std,3,0.06382978723404255
h5_subject_features_labelled,eeg1_kurtosis_std_std,3,0.06382978723404255
h5_subject_features_labelled,eeg1_kurtosis_median_std,3,0.06382978723404255
h5_subject_features_labelled,eeg1_zero_crossings_mean_std,3,0.06382978723404255
h5_subject_features_labelled,eeg1_zero_crossings_std_std,3,0.06382978723404255
h5_subject_features_labelled,eeg1_zero_crossings_median_std,3,0.06382978723404255
h5_subject_features_labelled,eeg1_hjorth_mobility_mean_std,3,0.06382978723404255
h5_subject_features_labelled,eeg1_hjorth_mobility_std_std,3,0.06382978723404255
h5_subject_features_labelled,eeg1_hjorth_mobility_median_std,3,0.06382978723404255
h5_subject_features_labelled,eeg1_hjorth_complexity_mean_std,3,0.06382978723404255
h5_subject_features_labelled,eeg1_hjorth_complexity_std_std,3,0.06382978723404255
h5_subject_features_labelled,eeg1_hjorth_complexity_median_std,3,0.06382978723404255
h5_subject_features_labelled,eeg1_total_power_0p5_30_mean_std,3,0.06382978723404255
h5_subject_features_labelled,eeg1_total_power_0p5_30_std_std,3,0.06382978723404255
h5_subject_features_labelled,eeg1_total_power_0p5_30_median_std,3,0.06382978723404255
h5_subject_features_labelled,eeg1_delta_power_mean_std,3,0.06382978723404255
h5_subject_features_labelled,eeg1_delta_power_std_std,3,0.06382978723404255
h5_subject_features_labelled,eeg1_delta_power_median_std,3,0.06382978723404255
h5_subject_features_labelled,eeg1_delta_relative_power_mean_std,3,0.06382978723404255
h5_subject_features_labelled,eeg1_delta_relative_power_std_std,3,0.06382978723404255
h5_subject_features_labelled,eeg1_delta_relative_power_median_std,3,0.06382978723404255
h5_subject_features_labelled,eeg1_theta_power_mean_std,3,0.06382978723404255
h5_subject_features_labelled,eeg1_theta_power_std_std,3,0.06382978723404255
h5_subject_features_labelled,eeg1_theta_power_median_std,3,0.06382978723404255
h5_subject_features_labelled,eeg1_theta_relative_power_mean_std,3,0.06382978723404255
h5_subject_features_labelled,eeg1_theta_relative_power_std_std,3,0.06382978723404255
h5_subject_features_labelled,eeg1_theta_relative_power_median_std,3,0.06382978723404255
h5_subject_features_labelled,eeg1_alpha_power_mean_std,3,0.06382978723404255
h5_subject_features_labelled,eeg1_alpha_power_std_std,3,0.06382978723404255
h5_subject_features_labelled,eeg1_alpha_power_median_std,3,0.06382978723404255
h5_subject_features_labelled,eeg1_alpha_relative_power_mean_std,3,0.06382978723404255
h5_subject_features_labelled,eeg1_alpha_relative_power_std_std,3,0.06382978723404255
h5_subject_features_labelled,eeg1_alpha_relative_power_median_std,3,0.06382978723404255
h5_subject_features_labelled,eeg1_sigma_power_mean_std,3,0.06382978723404255
h5_subject_features_labelled,eeg1_sigma_power_std_std,3,0.06382978723404255
h5_subject_features_labelled,eeg1_sigma_power_median_std,3,0.06382978723404255
h5_subject_features_labelled,eeg1_sigma_relative_power_mean_std,3,0.06382978723404255
h5_subject_features_labelled,eeg1_sigma_relative_power_std_std,3,0.06382978723404255
h5_subject_features_labelled,eeg1_sigma_relative_power_median_std,3,0.06382978723404255
h5_subject_features_labelled,eeg1_beta_power_mean_std,3,0.06382978723404255
h5_subject_features_labelled,eeg1_beta_power_std_std,3,0.06382978723404255
h5_subject_features_labelled,eeg1_beta_power_median_std,3,0.06382978723404255
h5_subject_features_labelled,eeg1_beta_relative_power_mean_std,3,0.06382978723404255
h5_subject_features_labelled,eeg1_beta_relative_power_std_std,3,0.06382978723404255
h5_subject_features_labelled,eeg1_beta_relative_power_median_std,3,0.06382978723404255
h5_subject_features_labelled,eeg1_theta_alpha_ratio_mean_std,3,0.06382978723404255
h5_subject_features_labelled,eeg1_theta_alpha_ratio_std_std,3,0.06382978723404255
h5_subject_features_labelled,eeg1_theta_alpha_ratio_median_std,3,0.06382978723404255
h5_subject_features_labelled,eeg1_delta_beta_ratio_mean_std,3,0.06382978723404255
h5_subject_features_labelled,eeg1_delta_beta_ratio_std_std,3,0.06382978723404255
h5_subject_features_labelled,eeg1_delta_beta_ratio_median_std,3,0.06382978723404255
h5_subject_features_labelled,eeg1_delta_sigma_ratio_mean_std,3,0.06382978723404255
h5_subject_features_labelled,eeg1_delta_sigma_ratio_std_std,3,0.06382978723404255
h5_subject_features_labelled,eeg1_delta_sigma_ratio_median_std,3,0.06382978723404255
h5_subject_features_labelled,eeg2_mean_mean_std,3,0.06382978723404255
h5_subject_features_labelled,eeg2_mean_std_std,3,0.06382978723404255
h5_subject_features_labelled,eeg2_mean_median_std,3,0.06382978723404255
h5_subject_features_labelled,eeg2_std_mean_std,3,0.06382978723404255
h5_subject_features_labelled,eeg2_std_std_std,3,0.06382978723404255
h5_subject_features_labelled,eeg2_std_median_std,3,0.06382978723404255
h5_subject_features_labelled,eeg2_iqr_mean_std,3,0.06382978723404255
h5_subject_features_labelled,eeg2_iqr_std_std,3,0.06382978723404255
h5_subject_features_labelled,eeg2_iqr_median_std,3,0.06382978723404255
h5_subject_features_labelled,eeg2_skew_mean_std,3,0.06382978723404255
h5_subject_features_labelled,eeg2_skew_std_std,3,0.06382978723404255
h5_subject_features_labelled,eeg2_skew_median_std,3,0.06382978723404255
h5_subject_features_labelled,eeg2_kurtosis_mean_std,3,0.06382978723404255
h5_subject_features_labelled,eeg2_kurtosis_std_std,3,0.06382978723404255
h5_subject_features_labelled,eeg2_kurtosis_median_std,3,0.06382978723404255
h5_subject_features_labelled,eeg2_zero_crossings_mean_std,3,0.06382978723404255
h5_subject_features_labelled,eeg2_zero_crossings_std_std,3,0.06382978723404255
h5_subject_features_labelled,eeg2_zero_crossings_median_std,3,0.06382978723404255
h5_subject_features_labelled,eeg2_hjorth_mobility_mean_std,3,0.06382978723404255
h5_subject_features_labelled,eeg2_hjorth_mobility_std_std,3,0.06382978723404255
h5_subject_features_labelled,eeg2_hjorth_mobility_median_std,3,0.06382978723404255
h5_subject_features_labelled,eeg2_hjorth_complexity_mean_std,3,0.06382978723404255
h5_subject_features_labelled,eeg2_hjorth_complexity_std_std,3,0.06382978723404255
h5_subject_features_labelled,eeg2_hjorth_complexity_median_std,3,0.06382978723404255
h5_subject_features_labelled,eeg2_total_power_0p5_30_mean_std,3,0.06382978723404255
h5_subject_features_labelled,eeg2_total_power_0p5_30_std_std,3,0.06382978723404255
h5_subject_features_labelled,eeg2_total_power_0p5_30_median_std,3,0.06382978723404255
h5_subject_features_labelled,eeg2_delta_power_mean_std,3,0.06382978723404255
h5_subject_features_labelled,eeg2_delta_power_std_std,3,0.06382978723404255
h5_subject_features_labelled,eeg2_delta_power_median_std,3,0.06382978723404255
h5_subject_features_labelled,eeg2_delta_relative_power_mean_std,3,0.06382978723404255
h5_subject_features_labelled,eeg2_delta_relative_power_std_std,3,0.06382978723404255
h5_subject_features_labelled,eeg2_delta_relative_power_median_std,3,0.06382978723404255
h5_subject_features_labelled,eeg2_theta_power_mean_std,3,0.06382978723404255
h5_subject_features_labelled,eeg2_theta_power_std_std,3,0.06382978723404255
h5_subject_features_labelled,eeg2_theta_power_median_std,3,0.06382978723404255
h5_subject_features_labelled,eeg2_theta_relative_power_mean_std,3,0.06382978723404255
h5_subject_features_labelled,eeg2_theta_relative_power_std_std,3,0.06382978723404255
h5_subject_features_labelled,eeg2_theta_relative_power_median_std,3,0.06382978723404255
h5_subject_features_labelled,eeg2_alpha_power_mean_std,3,0.06382978723404255
h5_subject_features_labelled,eeg2_alpha_power_std_std,3,0.06382978723404255
h5_subject_features_labelled,eeg2_alpha_power_median_std,3,0.06382978723404255
h5_subject_features_labelled,eeg2_alpha_relative_power_mean_std,3,0.06382978723404255
h5_subject_features_labelled,eeg2_alpha_relative_power_std_std,3,0.06382978723404255
h5_subject_features_labelled,eeg2_alpha_relative_power_median_std,3,0.06382978723404255
h5_subject_features_labelled,eeg2_sigma_power_mean_std,3,0.06382978723404255
h5_subject_features_labelled,eeg2_sigma_power_std_std,3,0.06382978723404255
h5_subject_features_labelled,eeg2_sigma_power_median_std,3,0.06382978723404255
h5_subject_features_labelled,eeg2_sigma_relative_power_mean_std,3,0.06382978723404255
h5_subject_features_labelled,eeg2_sigma_relative_power_std_std,3,0.06382978723404255
h5_subject_features_labelled,eeg2_sigma_relative_power_median_std,3,0.06382978723404255
h5_subject_features_labelled,eeg2_beta_power_mean_std,3,0.06382978723404255
h5_subject_features_labelled,eeg2_beta_power_std_std,3,0.06382978723404255
h5_subject_features_labelled,eeg2_beta_power_median_std,3,0.06382978723404255
h5_subject_features_labelled,eeg2_beta_relative_power_mean_std,3,0.06382978723404255
h5_subject_features_labelled,eeg2_beta_relative_power_std_std,3,0.06382978723404255
h5_subject_features_labelled,eeg2_beta_relative_power_median_std,3,0.06382978723404255
h5_subject_features_labelled,eeg2_theta_alpha_ratio_mean_std,3,0.06382978723404255
h5_subject_features_labelled,eeg2_theta_alpha_ratio_std_std,3,0.06382978723404255
h5_subject_features_labelled,eeg2_theta_alpha_ratio_median_std,3,0.06382978723404255
h5_subject_features_labelled,eeg2_delta_beta_ratio_mean_std,3,0.06382978723404255
h5_subject_features_labelled,eeg2_delta_beta_ratio_std_std,3,0.06382978723404255
h5_subject_features_labelled,eeg2_delta_beta_ratio_median_std,3,0.06382978723404255
h5_subject_features_labelled,eeg2_delta_sigma_ratio_mean_std,3,0.06382978723404255
h5_subject_features_labelled,eeg2_delta_sigma_ratio_std_std,3,0.06382978723404255
h5_subject_features_labelled,eeg2_delta_sigma_ratio_median_std,3,0.06382978723404255
h5_subject_features_labelled,eeg3_mean_mean_std,3,0.06382978723404255
h5_subject_features_labelled,eeg3_mean_std_std,3,0.06382978723404255
h5_subject_features_labelled,eeg3_mean_median_std,3,0.06382978723404255
h5_subject_features_labelled,eeg3_std_mean_std,3,0.06382978723404255
h5_subject_features_labelled,eeg3_std_std_std,3,0.06382978723404255
h5_subject_features_labelled,eeg3_std_median_std,3,0.06382978723404255
h5_subject_features_labelled,eeg3_iqr_mean_std,3,0.06382978723404255
h5_subject_features_labelled,eeg3_iqr_std_std,3,0.06382978723404255
h5_subject_features_labelled,eeg3_iqr_median_std,3,0.06382978723404255
h5_subject_features_labelled,eeg3_skew_mean_std,3,0.06382978723404255
h5_subject_features_labelled,eeg3_skew_std_std,3,0.06382978723404255
h5_subject_features_labelled,eeg3_skew_median_std,3,0.06382978723404255
h5_subject_features_labelled,eeg3_kurtosis_mean_std,3,0.06382978723404255
h5_subject_features_labelled,eeg3_kurtosis_std_std,3,0.06382978723404255
h5_subject_features_labelled,eeg3_kurtosis_median_std,3,0.06382978723404255
h5_subject_features_labelled,eeg3_zero_crossings_mean_std,3,0.06382978723404255
h5_subject_features_labelled,eeg3_zero_crossings_std_std,3,0.06382978723404255
h5_subject_features_labelled,eeg3_zero_crossings_median_std,3,0.06382978723404255
h5_subject_features_labelled,eeg3_hjorth_mobility_mean_std,3,0.06382978723404255
h5_subject_features_labelled,eeg3_hjorth_mobility_std_std,3,0.06382978723404255
h5_subject_features_labelled,eeg3_hjorth_mobility_median_std,3,0.06382978723404255
h5_subject_features_labelled,eeg3_hjorth_complexity_mean_std,3,0.06382978723404255
h5_subject_features_labelled,eeg3_hjorth_complexity_std_std,3,0.06382978723404255
h5_subject_features_labelled,eeg3_hjorth_complexity_median_std,3,0.06382978723404255
h5_subject_features_labelled,eeg3_total_power_0p5_30_mean_std,3,0.06382978723404255
h5_subject_features_labelled,eeg3_total_power_0p5_30_std_std,3,0.06382978723404255
h5_subject_features_labelled,eeg3_total_power_0p5_30_median_std,3,0.06382978723404255
h5_subject_features_labelled,eeg3_delta_power_mean_std,3,0.06382978723404255
h5_subject_features_labelled,eeg3_delta_power_std_std,3,0.06382978723404255
h5_subject_features_labelled,eeg3_delta_power_median_std,3,0.06382978723404255
h5_subject_features_labelled,eeg3_delta_relative_power_mean_std,3,0.06382978723404255
h5_subject_features_labelled,eeg3_delta_relative_power_std_std,3,0.06382978723404255
h5_subject_features_labelled,eeg3_delta_relative_power_median_std,3,0.06382978723404255
h5_subject_features_labelled,eeg3_theta_power_mean_std,3,0.06382978723404255
h5_subject_features_labelled,eeg3_theta_power_std_std,3,0.06382978723404255
h5_subject_features_labelled,eeg3_theta_power_median_std,3,0.06382978723404255
h5_subject_features_labelled,eeg3_theta_relative_power_mean_std,3,0.06382978723404255
h5_subject_features_labelled,eeg3_theta_relative_power_std_std,3,0.06382978723404255
h5_subject_features_labelled,eeg3_theta_relative_power_median_std,3,0.06382978723404255
h5_subject_features_labelled,eeg3_alpha_power_mean_std,3,0.06382978723404255
h5_subject_features_labelled,eeg3_alpha_power_std_std,3,0.06382978723404255
h5_subject_features_labelled,eeg3_alpha_power_median_std,3,0.06382978723404255
h5_subject_features_labelled,eeg3_alpha_relative_power_mean_std,3,0.06382978723404255
h5_subject_features_labelled,eeg3_alpha_relative_power_std_std,3,0.06382978723404255
h5_subject_features_labelled,eeg3_alpha_relative_power_median_std,3,0.06382978723404255
h5_subject_features_labelled,eeg3_sigma_power_mean_std,3,0.06382978723404255
h5_subject_features_labelled,eeg3_sigma_power_std_std,3,0.06382978723404255
h5_subject_features_labelled,eeg3_sigma_power_median_std,3,0.06382978723404255
h5_subject_features_labelled,eeg3_sigma_relative_power_mean_std,3,0.06382978723404255
h5_subject_features_labelled,eeg3_sigma_relative_power_std_std,3,0.06382978723404255
h5_subject_features_labelled,eeg3_sigma_relative_power_median_std,3,0.06382978723404255
h5_subject_features_labelled,eeg3_beta_power_mean_std,3,0.06382978723404255
h5_subject_features_labelled,eeg3_beta_power_std_std,3,0.06382978723404255
h5_subject_features_labelled,eeg3_beta_power_median_std,3,0.06382978723404255
h5_subject_features_labelled,eeg3_beta_relative_power_mean_std,3,0.06382978723404255
h5_subject_features_labelled,eeg3_beta_relative_power_std_std,3,0.06382978723404255
h5_subject_features_labelled,eeg3_beta_relative_power_median_std,3,0.06382978723404255
h5_subject_features_labelled,eeg3_theta_alpha_ratio_mean_std,3,0.06382978723404255
h5_subject_features_labelled,eeg3_theta_alpha_ratio_std_std,3,0.06382978723404255
h5_subject_features_labelled,eeg3_theta_alpha_ratio_median_std,3,0.06382978723404255
h5_subject_features_labelled,eeg3_delta_beta_ratio_mean_std,3,0.06382978723404255
h5_subject_features_labelled,eeg3_delta_beta_ratio_std_std,3,0.06382978723404255
h5_subject_features_labelled,eeg3_delta_beta_ratio_median_std,3,0.06382978723404255
h5_subject_features_labelled,eeg3_delta_sigma_ratio_mean_std,3,0.06382978723404255
h5_subject_features_labelled,eeg3_delta_sigma_ratio_std_std,3,0.06382978723404255
h5_subject_features_labelled,eeg3_delta_sigma_ratio_median_std,3,0.06382978723404255
h5_subject_features_labelled,eeg4_mean_mean_std,3,0.06382978723404255
h5_subject_features_labelled,eeg4_mean_std_std,3,0.06382978723404255
h5_subject_features_labelled,eeg4_mean_median_std,3,0.06382978723404255
h5_subject_features_labelled,eeg4_std_mean_std,3,0.06382978723404255
h5_subject_features_labelled,eeg4_std_std_std,3,0.06382978723404255
h5_subject_features_labelled,eeg4_std_median_std,3,0.06382978723404255
h5_subject_features_labelled,eeg4_iqr_mean_std,3,0.06382978723404255
h5_subject_features_labelled,eeg4_iqr_std_std,3,0.06382978723404255
h5_subject_features_labelled,eeg4_iqr_median_std,3,0.06382978723404255
h5_subject_features_labelled,eeg4_skew_mean_std,3,0.06382978723404255
h5_subject_features_labelled,eeg4_skew_std_std,3,0.06382978723404255
h5_subject_features_labelled,eeg4_skew_median_std,3,0.06382978723404255
h5_subject_features_labelled,eeg4_kurtosis_mean_std,3,0.06382978723404255
h5_subject_features_labelled,eeg4_kurtosis_std_std,3,0.06382978723404255
h5_subject_features_labelled,eeg4_kurtosis_median_std,3,0.06382978723404255
h5_subject_features_labelled,eeg4_zero_crossings_mean_std,3,0.06382978723404255
h5_subject_features_labelled,eeg4_zero_crossings_std_std,3,0.06382978723404255
h5_subject_features_labelled,eeg4_zero_crossings_median_std,3,0.06382978723404255
h5_subject_features_labelled,eeg4_hjorth_mobility_mean_std,3,0.06382978723404255
h5_subject_features_labelled,eeg4_hjorth_mobility_std_std,3,0.06382978723404255
h5_subject_features_labelled,eeg4_hjorth_mobility_median_std,3,0.06382978723404255
h5_subject_features_labelled,eeg4_hjorth_complexity_mean_std,3,0.06382978723404255
h5_subject_features_labelled,eeg4_hjorth_complexity_std_std,3,0.06382978723404255
h5_subject_features_labelled,eeg4_hjorth_complexity_median_std,3,0.06382978723404255
h5_subject_features_labelled,eeg4_total_power_0p5_30_mean_std,3,0.06382978723404255
h5_subject_features_labelled,eeg4_total_power_0p5_30_std_std,3,0.06382978723404255
h5_subject_features_labelled,eeg4_total_power_0p5_30_median_std,3,0.06382978723404255
h5_subject_features_labelled,eeg4_delta_power_mean_std,3,0.06382978723404255
h5_subject_features_labelled,eeg4_delta_power_std_std,3,0.06382978723404255
h5_subject_features_labelled,eeg4_delta_power_median_std,3,0.06382978723404255
h5_subject_features_labelled,eeg4_delta_relative_power_mean_std,3,0.06382978723404255
h5_subject_features_labelled,eeg4_delta_relative_power_std_std,3,0.06382978723404255
h5_subject_features_labelled,eeg4_delta_relative_power_median_std,3,0.06382978723404255
h5_subject_features_labelled,eeg4_theta_power_mean_std,3,0.06382978723404255
h5_subject_features_labelled,eeg4_theta_power_std_std,3,0.06382978723404255
h5_subject_features_labelled,eeg4_theta_power_median_std,3,0.06382978723404255
h5_subject_features_labelled,eeg4_theta_relative_power_mean_std,3,0.06382978723404255
h5_subject_features_labelled,eeg4_theta_relative_power_std_std,3,0.06382978723404255
h5_subject_features_labelled,eeg4_theta_relative_power_median_std,3,0.06382978723404255
h5_subject_features_labelled,eeg4_alpha_power_mean_std,3,0.06382978723404255
h5_subject_features_labelled,eeg4_alpha_power_std_std,3,0.06382978723404255
h5_subject_features_labelled,eeg4_alpha_power_median_std,3,0.06382978723404255
h5_subject_features_labelled,eeg4_alpha_relative_power_mean_std,3,0.06382978723404255
h5_subject_features_labelled,eeg4_alpha_relative_power_std_std,3,0.06382978723404255
h5_subject_features_labelled,eeg4_alpha_relative_power_median_std,3,0.06382978723404255
h5_subject_features_labelled,eeg4_sigma_power_mean_std,3,0.06382978723404255
h5_subject_features_labelled,eeg4_sigma_power_std_std,3,0.06382978723404255
h5_subject_features_labelled,eeg4_sigma_power_median_std,3,0.06382978723404255
h5_subject_features_labelled,eeg4_sigma_relative_power_mean_std,3,0.06382978723404255
h5_subject_features_labelled,eeg4_sigma_relative_power_std_std,3,0.06382978723404255
h5_subject_features_labelled,eeg4_sigma_relative_power_median_std,3,0.06382978723404255
h5_subject_features_labelled,eeg4_beta_power_mean_std,3,0.06382978723404255
h5_subject_features_labelled,eeg4_beta_power_std_std,3,0.06382978723404255
h5_subject_features_labelled,eeg4_beta_power_median_std,3,0.06382978723404255
h5_subject_features_labelled,eeg4_beta_relative_power_mean_std,3,0.06382978723404255
h5_subject_features_labelled,eeg4_beta_relative_power_std_std,3,0.06382978723404255
h5_subject_features_labelled,eeg4_beta_relative_power_median_std,3,0.06382978723404255
h5_subject_features_labelled,eeg4_theta_alpha_ratio_mean_std,3,0.06382978723404255
h5_subject_features_labelled,eeg4_theta_alpha_ratio_std_std,3,0.06382978723404255
h5_subject_features_labelled,eeg4_theta_alpha_ratio_median_std,3,0.06382978723404255
h5_subject_features_labelled,eeg4_delta_beta_ratio_mean_std,3,0.06382978723404255
h5_subject_features_labelled,eeg4_delta_beta_ratio_std_std,3,0.06382978723404255
h5_subject_features_labelled,eeg4_delta_beta_ratio_median_std,3,0.06382978723404255
h5_subject_features_labelled,eeg4_delta_sigma_ratio_mean_std,3,0.06382978723404255
h5_subject_features_labelled,eeg4_delta_sigma_ratio_std_std,3,0.06382978723404255
h5_subject_features_labelled,eeg4_delta_sigma_ratio_median_std,3,0.06382978723404255
h5_subject_features_labelled,N1_percentage_mean,1,0.02127659574468085
h5_subject_features_labelled,N2_percentage_mean,1,0.02127659574468085
h5_subject_features_labelled,N3_percentage_mean,1,0.02127659574468085
h5_subject_features_labelled,REM_percentage_mean,1,0.02127659574468085
h5_subject_features_labelled,N1_percentage_median,1,0.02127659574468085
h5_subject_features_labelled,N2_percentage_median,1,0.02127659574468085
h5_subject_features_labelled,N3_percentage_median,1,0.02127659574468085
h5_subject_features_labelled,REM_percentage_median,1,0.02127659574468085
h5_subject_features_labelled,N1_percentage_min,1,0.02127659574468085
h5_subject_features_labelled,N2_percentage_min,1,0.02127659574468085
h5_subject_features_labelled,N3_percentage_min,1,0.02127659574468085
h5_subject_features_labelled,REM_percentage_min,1,0.02127659574468085
h5_subject_features_labelled,N1_percentage_max,1,0.02127659574468085
h5_subject_features_labelled,N2_percentage_max,1,0.02127659574468085
h5_subject_features_labelled,N3_percentage_max,1,0.02127659574468085
h5_subject_features_labelled,REM_percentage_max,1,0.02127659574468085
h5_subject_features_labelled,patient_id,0,0.0
h5_subject_features_labelled,n_epochs_mean,0,0.0
h5_subject_features_labelled,wake_epochs_mean,0,0.0
h5_subject_features_labelled,sleep_epochs_mean,0,0.0
h5_subject_features_labelled,tst_minutes_from_hypnogram_mean,0,0.0
h5_subject_features_labelled,sleep_efficiency_epoch_ratio_mean,0,0.0
h5_subject_features_labelled,Wake_epochs_mean,0,0.0
h5_subject_features_labelled,N1_epochs_mean,0,0.0
h5_subject_features_labelled,N2_epochs_mean,0,0.0
h5_subject_features_labelled,N3_epochs_mean,0,0.0
h5_subject_features_labelled,REM_epochs_mean,0,0.0
h5_subject_features_labelled,eeg1_mean_mean_mean,0,0.0
h5_subject_features_labelled,eeg1_mean_std_mean,0,0.0
h5_subject_features_labelled,eeg1_mean_median_mean,0,0.0
h5_subject_features_labelled,eeg1_std_mean_mean,0,0.0
h5_subject_features_labelled,eeg1_std_std_mean,0,0.0
h5_subject_features_labelled,eeg1_std_median_mean,0,0.0
h5_subject_features_labelled,eeg1_iqr_mean_mean,0,0.0
h5_subject_features_labelled,eeg1_iqr_std_mean,0,0.0
h5_subject_features_labelled,eeg1_iqr_median_mean,0,0.0
h5_subject_features_labelled,eeg1_skew_mean_mean,0,0.0
h5_subject_features_labelled,eeg1_skew_std_mean,0,0.0
h5_subject_features_labelled,eeg1_skew_median_mean,0,0.0
h5_subject_features_labelled,eeg1_kurtosis_mean_mean,0,0.0
h5_subject_features_labelled,eeg1_kurtosis_std_mean,0,0.0
h5_subject_features_labelled,eeg1_kurtosis_median_mean,0,0.0
h5_subject_features_labelled,eeg1_zero_crossings_mean_mean,0,0.0
h5_subject_features_labelled,eeg1_zero_crossings_std_mean,0,0.0
h5_subject_features_labelled,eeg1_zero_crossings_median_mean,0,0.0
h5_subject_features_labelled,eeg1_hjorth_mobility_mean_mean,0,0.0
h5_subject_features_labelled,eeg1_hjorth_mobility_std_mean,0,0.0
h5_subject_features_labelled,eeg1_hjorth_mobility_median_mean,0,0.0
h5_subject_features_labelled,eeg1_hjorth_complexity_mean_mean,0,0.0
h5_subject_features_labelled,eeg1_hjorth_complexity_std_mean,0,0.0
h5_subject_features_labelled,eeg1_hjorth_complexity_median_mean,0,0.0
h5_subject_features_labelled,eeg1_total_power_0p5_30_mean_mean,0,0.0
h5_subject_features_labelled,eeg1_total_power_0p5_30_std_mean,0,0.0
h5_subject_features_labelled,eeg1_total_power_0p5_30_median_mean,0,0.0
h5_subject_features_labelled,eeg1_delta_power_mean_mean,0,0.0
h5_subject_features_labelled,eeg1_delta_power_std_mean,0,0.0
h5_subject_features_labelled,eeg1_delta_power_median_mean,0,0.0
h5_subject_features_labelled,eeg1_delta_relative_power_mean_mean,0,0.0
h5_subject_features_labelled,eeg1_delta_relative_power_std_mean,0,0.0
h5_subject_features_labelled,eeg1_delta_relative_power_median_mean,0,0.0
h5_subject_features_labelled,eeg1_theta_power_mean_mean,0,0.0
h5_subject_features_labelled,eeg1_theta_power_std_mean,0,0.0
h5_subject_features_labelled,eeg1_theta_power_median_mean,0,0.0
h5_subject_features_labelled,eeg1_theta_relative_power_mean_mean,0,0.0
h5_subject_features_labelled,eeg1_theta_relative_power_std_mean,0,0.0
h5_subject_features_labelled,eeg1_theta_relative_power_median_mean,0,0.0
h5_subject_features_labelled,eeg1_alpha_power_mean_mean,0,0.0
h5_subject_features_labelled,eeg1_alpha_power_std_mean,0,0.0
h5_subject_features_labelled,eeg1_alpha_power_median_mean,0,0.0
h5_subject_features_labelled,eeg1_alpha_relative_power_mean_mean,0,0.0
h5_subject_features_labelled,eeg1_alpha_relative_power_std_mean,0,0.0
h5_subject_features_labelled,eeg1_alpha_relative_power_median_mean,0,0.0
h5_subject_features_labelled,eeg1_sigma_power_mean_mean,0,0.0
h5_subject_features_labelled,eeg1_sigma_power_std_mean,0,0.0
h5_subject_features_labelled,eeg1_sigma_power_median_mean,0,0.0
h5_subject_features_labelled,eeg1_sigma_relative_power_mean_mean,0,0.0
h5_subject_features_labelled,eeg1_sigma_relative_power_std_mean,0,0.0
h5_subject_features_labelled,eeg1_sigma_relative_power_median_mean,0,0.0
h5_subject_features_labelled,eeg1_beta_power_mean_mean,0,0.0
h5_subject_features_labelled,eeg1_beta_power_std_mean,0,0.0
h5_subject_features_labelled,eeg1_beta_power_median_mean,0,0.0
h5_subject_features_labelled,eeg1_beta_relative_power_mean_mean,0,0.0
h5_subject_features_labelled,eeg1_beta_relative_power_std_mean,0,0.0
h5_subject_features_labelled,eeg1_beta_relative_power_median_mean,0,0.0
h5_subject_features_labelled,eeg1_theta_alpha_ratio_mean_mean,0,0.0
h5_subject_features_labelled,eeg1_theta_alpha_ratio_std_mean,0,0.0
h5_subject_features_labelled,eeg1_theta_alpha_ratio_median_mean,0,0.0
h5_subject_features_labelled,eeg1_delta_beta_ratio_mean_mean,0,0.0
h5_subject_features_labelled,eeg1_delta_beta_ratio_std_mean,0,0.0
h5_subject_features_labelled,eeg1_delta_beta_ratio_median_mean,0,0.0
h5_subject_features_labelled,eeg1_delta_sigma_ratio_mean_mean,0,0.0
h5_subject_features_labelled,eeg1_delta_sigma_ratio_std_mean,0,0.0
h5_subject_features_labelled,eeg1_delta_sigma_ratio_median_mean,0,0.0
h5_subject_features_labelled,eeg2_mean_mean_mean,0,0.0
h5_subject_features_labelled,eeg2_mean_std_mean,0,0.0
h5_subject_features_labelled,eeg2_mean_median_mean,0,0.0
h5_subject_features_labelled,eeg2_std_mean_mean,0,0.0
h5_subject_features_labelled,eeg2_std_std_mean,0,0.0
h5_subject_features_labelled,eeg2_std_median_mean,0,0.0
h5_subject_features_labelled,eeg2_iqr_mean_mean,0,0.0
h5_subject_features_labelled,eeg2_iqr_std_mean,0,0.0
h5_subject_features_labelled,eeg2_iqr_median_mean,0,0.0
h5_subject_features_labelled,eeg2_skew_mean_mean,0,0.0
h5_subject_features_labelled,eeg2_skew_std_mean,0,0.0
h5_subject_features_labelled,eeg2_skew_median_mean,0,0.0
h5_subject_features_labelled,eeg2_kurtosis_mean_mean,0,0.0
h5_subject_features_labelled,eeg2_kurtosis_std_mean,0,0.0
h5_subject_features_labelled,eeg2_kurtosis_median_mean,0,0.0
h5_subject_features_labelled,eeg2_zero_crossings_mean_mean,0,0.0
h5_subject_features_labelled,eeg2_zero_crossings_std_mean,0,0.0
h5_subject_features_labelled,eeg2_zero_crossings_median_mean,0,0.0
h5_subject_features_labelled,eeg2_hjorth_mobility_mean_mean,0,0.0
h5_subject_features_labelled,eeg2_hjorth_mobility_std_mean,0,0.0
h5_subject_features_labelled,eeg2_hjorth_mobility_median_mean,0,0.0
h5_subject_features_labelled,eeg2_hjorth_complexity_mean_mean,0,0.0
h5_subject_features_labelled,eeg2_hjorth_complexity_std_mean,0,0.0
h5_subject_features_labelled,eeg2_hjorth_complexity_median_mean,0,0.0
h5_subject_features_labelled,eeg2_total_power_0p5_30_mean_mean,0,0.0
h5_subject_features_labelled,eeg2_total_power_0p5_30_std_mean,0,0.0
h5_subject_features_labelled,eeg2_total_power_0p5_30_median_mean,0,0.0
h5_subject_features_labelled,eeg2_delta_power_mean_mean,0,0.0
h5_subject_features_labelled,eeg2_delta_power_std_mean,0,0.0
h5_subject_features_labelled,eeg2_delta_power_median_mean,0,0.0
h5_subject_features_labelled,eeg2_delta_relative_power_mean_mean,0,0.0
h5_subject_features_labelled,eeg2_delta_relative_power_std_mean,0,0.0
h5_subject_features_labelled,eeg2_delta_relative_power_median_mean,0,0.0
h5_subject_features_labelled,eeg2_theta_power_mean_mean,0,0.0
h5_subject_features_labelled,eeg2_theta_power_std_mean,0,0.0
h5_subject_features_labelled,eeg2_theta_power_median_mean,0,0.0
h5_subject_features_labelled,eeg2_theta_relative_power_mean_mean,0,0.0
h5_subject_features_labelled,eeg2_theta_relative_power_std_mean,0,0.0
h5_subject_features_labelled,eeg2_theta_relative_power_median_mean,0,0.0
h5_subject_features_labelled,eeg2_alpha_power_mean_mean,0,0.0
h5_subject_features_labelled,eeg2_alpha_power_std_mean,0,0.0
h5_subject_features_labelled,eeg2_alpha_power_median_mean,0,0.0
h5_subject_features_labelled,eeg2_alpha_relative_power_mean_mean,0,0.0
h5_subject_features_labelled,eeg2_alpha_relative_power_std_mean,0,0.0
h5_subject_features_labelled,eeg2_alpha_relative_power_median_mean,0,0.0
h5_subject_features_labelled,eeg2_sigma_power_mean_mean,0,0.0
h5_subject_features_labelled,eeg2_sigma_power_std_mean,0,0.0
h5_subject_features_labelled,eeg2_sigma_power_median_mean,0,0.0
h5_subject_features_labelled,eeg2_sigma_relative_power_mean_mean,0,0.0
h5_subject_features_labelled,eeg2_sigma_relative_power_std_mean,0,0.0
h5_subject_features_labelled,eeg2_sigma_relative_power_median_mean,0,0.0
h5_subject_features_labelled,eeg2_beta_power_mean_mean,0,0.0
h5_subject_features_labelled,eeg2_beta_power_std_mean,0,0.0
h5_subject_features_labelled,eeg2_beta_power_median_mean,0,0.0
h5_subject_features_labelled,eeg2_beta_relative_power_mean_mean,0,0.0
h5_subject_features_labelled,eeg2_beta_relative_power_std_mean,0,0.0
h5_subject_features_labelled,eeg2_beta_relative_power_median_mean,0,0.0
h5_subject_features_labelled,eeg2_theta_alpha_ratio_mean_mean,0,0.0
h5_subject_features_labelled,eeg2_theta_alpha_ratio_std_mean,0,0.0
h5_subject_features_labelled,eeg2_theta_alpha_ratio_median_mean,0,0.0
h5_subject_features_labelled,eeg2_delta_beta_ratio_mean_mean,0,0.0
h5_subject_features_labelled,eeg2_delta_beta_ratio_std_mean,0,0.0
h5_subject_features_labelled,eeg2_delta_beta_ratio_median_mean,0,0.0
h5_subject_features_labelled,eeg2_delta_sigma_ratio_mean_mean,0,0.0
h5_subject_features_labelled,eeg2_delta_sigma_ratio_std_mean,0,0.0
h5_subject_features_labelled,eeg2_delta_sigma_ratio_median_mean,0,0.0
h5_subject_features_labelled,eeg3_mean_mean_mean,0,0.0
h5_subject_features_labelled,eeg3_mean_std_mean,0,0.0
h5_subject_features_labelled,eeg3_mean_median_mean,0,0.0
h5_subject_features_labelled,eeg3_std_mean_mean,0,0.0
h5_subject_features_labelled,eeg3_std_std_mean,0,0.0
h5_subject_features_labelled,eeg3_std_median_mean,0,0.0
h5_subject_features_labelled,eeg3_iqr_mean_mean,0,0.0
h5_subject_features_labelled,eeg3_iqr_std_mean,0,0.0
h5_subject_features_labelled,eeg3_iqr_median_mean,0,0.0
h5_subject_features_labelled,eeg3_skew_mean_mean,0,0.0
h5_subject_features_labelled,eeg3_skew_std_mean,0,0.0
h5_subject_features_labelled,eeg3_skew_median_mean,0,0.0
h5_subject_features_labelled,eeg3_kurtosis_mean_mean,0,0.0
h5_subject_features_labelled,eeg3_kurtosis_std_mean,0,0.0
h5_subject_features_labelled,eeg3_kurtosis_median_mean,0,0.0
h5_subject_features_labelled,eeg3_zero_crossings_mean_mean,0,0.0
h5_subject_features_labelled,eeg3_zero_crossings_std_mean,0,0.0
h5_subject_features_labelled,eeg3_zero_crossings_median_mean,0,0.0
h5_subject_features_labelled,eeg3_hjorth_mobility_mean_mean,0,0.0
h5_subject_features_labelled,eeg3_hjorth_mobility_std_mean,0,0.0
h5_subject_features_labelled,eeg3_hjorth_mobility_median_mean,0,0.0
h5_subject_features_labelled,eeg3_hjorth_complexity_mean_mean,0,0.0
h5_subject_features_labelled,eeg3_hjorth_complexity_std_mean,0,0.0
h5_subject_features_labelled,eeg3_hjorth_complexity_median_mean,0,0.0
h5_subject_features_labelled,eeg3_total_power_0p5_30_mean_mean,0,0.0
h5_subject_features_labelled,eeg3_total_power_0p5_30_std_mean,0,0.0
h5_subject_features_labelled,eeg3_total_power_0p5_30_median_mean,0,0.0
h5_subject_features_labelled,eeg3_delta_power_mean_mean,0,0.0
h5_subject_features_labelled,eeg3_delta_power_std_mean,0,0.0
h5_subject_features_labelled,eeg3_delta_power_median_mean,0,0.0
h5_subject_features_labelled,eeg3_delta_relative_power_mean_mean,0,0.0
h5_subject_features_labelled,eeg3_delta_relative_power_std_mean,0,0.0
h5_subject_features_labelled,eeg3_delta_relative_power_median_mean,0,0.0
h5_subject_features_labelled,eeg3_theta_power_mean_mean,0,0.0
h5_subject_features_labelled,eeg3_theta_power_std_mean,0,0.0
h5_subject_features_labelled,eeg3_theta_power_median_mean,0,0.0
h5_subject_features_labelled,eeg3_theta_relative_power_mean_mean,0,0.0
h5_subject_features_labelled,eeg3_theta_relative_power_std_mean,0,0.0
h5_subject_features_labelled,eeg3_theta_relative_power_median_mean,0,0.0
h5_subject_features_labelled,eeg3_alpha_power_mean_mean,0,0.0
h5_subject_features_labelled,eeg3_alpha_power_std_mean,0,0.0
h5_subject_features_labelled,eeg3_alpha_power_median_mean,0,0.0
h5_subject_features_labelled,eeg3_alpha_relative_power_mean_mean,0,0.0
h5_subject_features_labelled,eeg3_alpha_relative_power_std_mean,0,0.0
h5_subject_features_labelled,eeg3_alpha_relative_power_median_mean,0,0.0
h5_subject_features_labelled,eeg3_sigma_power_mean_mean,0,0.0
h5_subject_features_labelled,eeg3_sigma_power_std_mean,0,0.0
h5_subject_features_labelled,eeg3_sigma_power_median_mean,0,0.0
h5_subject_features_labelled,eeg3_sigma_relative_power_mean_mean,0,0.0
h5_subject_features_labelled,eeg3_sigma_relative_power_std_mean,0,0.0
h5_subject_features_labelled,eeg3_sigma_relative_power_median_mean,0,0.0
h5_subject_features_labelled,eeg3_beta_power_mean_mean,0,0.0
h5_subject_features_labelled,eeg3_beta_power_std_mean,0,0.0
h5_subject_features_labelled,eeg3_beta_power_median_mean,0,0.0
h5_subject_features_labelled,eeg3_beta_relative_power_mean_mean,0,0.0
h5_subject_features_labelled,eeg3_beta_relative_power_std_mean,0,0.0
h5_subject_features_labelled,eeg3_beta_relative_power_median_mean,0,0.0
h5_subject_features_labelled,eeg3_theta_alpha_ratio_mean_mean,0,0.0
h5_subject_features_labelled,eeg3_theta_alpha_ratio_std_mean,0,0.0
h5_subject_features_labelled,eeg3_theta_alpha_ratio_median_mean,0,0.0
h5_subject_features_labelled,eeg3_delta_beta_ratio_mean_mean,0,0.0
h5_subject_features_labelled,eeg3_delta_beta_ratio_std_mean,0,0.0
h5_subject_features_labelled,eeg3_delta_beta_ratio_median_mean,0,0.0
h5_subject_features_labelled,eeg3_delta_sigma_ratio_mean_mean,0,0.0
h5_subject_features_labelled,eeg3_delta_sigma_ratio_std_mean,0,0.0
h5_subject_features_labelled,eeg3_delta_sigma_ratio_median_mean,0,0.0
h5_subject_features_labelled,eeg4_mean_mean_mean,0,0.0
h5_subject_features_labelled,eeg4_mean_std_mean,0,0.0
h5_subject_features_labelled,eeg4_mean_median_mean,0,0.0
h5_subject_features_labelled,eeg4_std_mean_mean,0,0.0
h5_subject_features_labelled,eeg4_std_std_mean,0,0.0
h5_subject_features_labelled,eeg4_std_median_mean,0,0.0
h5_subject_features_labelled,eeg4_iqr_mean_mean,0,0.0
h5_subject_features_labelled,eeg4_iqr_std_mean,0,0.0
h5_subject_features_labelled,eeg4_iqr_median_mean,0,0.0
h5_subject_features_labelled,eeg4_skew_mean_mean,0,0.0
h5_subject_features_labelled,eeg4_skew_std_mean,0,0.0
h5_subject_features_labelled,eeg4_skew_median_mean,0,0.0
h5_subject_features_labelled,eeg4_kurtosis_mean_mean,0,0.0
h5_subject_features_labelled,eeg4_kurtosis_std_mean,0,0.0
h5_subject_features_labelled,eeg4_kurtosis_median_mean,0,0.0
h5_subject_features_labelled,eeg4_zero_crossings_mean_mean,0,0.0
h5_subject_features_labelled,eeg4_zero_crossings_std_mean,0,0.0
h5_subject_features_labelled,eeg4_zero_crossings_median_mean,0,0.0
h5_subject_features_labelled,eeg4_hjorth_mobility_mean_mean,0,0.0
h5_subject_features_labelled,eeg4_hjorth_mobility_std_mean,0,0.0
h5_subject_features_labelled,eeg4_hjorth_mobility_median_mean,0,0.0
h5_subject_features_labelled,eeg4_hjorth_complexity_mean_mean,0,0.0
h5_subject_features_labelled,eeg4_hjorth_complexity_std_mean,0,0.0
h5_subject_features_labelled,eeg4_hjorth_complexity_median_mean,0,0.0
h5_subject_features_labelled,eeg4_total_power_0p5_30_mean_mean,0,0.0
h5_subject_features_labelled,eeg4_total_power_0p5_30_std_mean,0,0.0
h5_subject_features_labelled,eeg4_total_power_0p5_30_median_mean,0,0.0
h5_subject_features_labelled,eeg4_delta_power_mean_mean,0,0.0
h5_subject_features_labelled,eeg4_delta_power_std_mean,0,0.0
h5_subject_features_labelled,eeg4_delta_power_median_mean,0,0.0
h5_subject_features_labelled,eeg4_delta_relative_power_mean_mean,0,0.0
h5_subject_features_labelled,eeg4_delta_relative_power_std_mean,0,0.0
h5_subject_features_labelled,eeg4_delta_relative_power_median_mean,0,0.0
h5_subject_features_labelled,eeg4_theta_power_mean_mean,0,0.0
h5_subject_features_labelled,eeg4_theta_power_std_mean,0,0.0
h5_subject_features_labelled,eeg4_theta_power_median_mean,0,0.0
h5_subject_features_labelled,eeg4_theta_relative_power_mean_mean,0,0.0
h5_subject_features_labelled,eeg4_theta_relative_power_std_mean,0,0.0
h5_subject_features_labelled,eeg4_theta_relative_power_median_mean,0,0.0
h5_subject_features_labelled,eeg4_alpha_power_mean_mean,0,0.0
h5_subject_features_labelled,eeg4_alpha_power_std_mean,0,0.0
h5_subject_features_labelled,eeg4_alpha_power_median_mean,0,0.0
h5_subject_features_labelled,eeg4_alpha_relative_power_mean_mean,0,0.0
h5_subject_features_labelled,eeg4_alpha_relative_power_std_mean,0,0.0
h5_subject_features_labelled,eeg4_alpha_relative_power_median_mean,0,0.0
h5_subject_features_labelled,eeg4_sigma_power_mean_mean,0,0.0
h5_subject_features_labelled,eeg4_sigma_power_std_mean,0,0.0
h5_subject_features_labelled,eeg4_sigma_power_median_mean,0,0.0
h5_subject_features_labelled,eeg4_sigma_relative_power_mean_mean,0,0.0
h5_subject_features_labelled,eeg4_sigma_relative_power_std_mean,0,0.0
h5_subject_features_labelled,eeg4_sigma_relative_power_median_mean,0,0.0
h5_subject_features_labelled,eeg4_beta_power_mean_mean,0,0.0
h5_subject_features_labelled,eeg4_beta_power_std_mean,0,0.0
h5_subject_features_labelled,eeg4_beta_power_median_mean,0,0.0
h5_subject_features_labelled,eeg4_beta_relative_power_mean_mean,0,0.0
h5_subject_features_labelled,eeg4_beta_relative_power_std_mean,0,0.0
h5_subject_features_labelled,eeg4_beta_relative_power_median_mean,0,0.0
h5_subject_features_labelled,eeg4_theta_alpha_ratio_mean_mean,0,0.0
h5_subject_features_labelled,eeg4_theta_alpha_ratio_std_mean,0,0.0
h5_subject_features_labelled,eeg4_theta_alpha_ratio_median_mean,0,0.0
h5_subject_features_labelled,eeg4_delta_beta_ratio_mean_mean,0,0.0
h5_subject_features_labelled,eeg4_delta_beta_ratio_std_mean,0,0.0
h5_subject_features_labelled,eeg4_delta_beta_ratio_median_mean,0,0.0
h5_subject_features_labelled,eeg4_delta_sigma_ratio_mean_mean,0,0.0
h5_subject_features_labelled,eeg4_delta_sigma_ratio_std_mean,0,0.0
h5_subject_features_labelled,eeg4_delta_sigma_ratio_median_mean,0,0.0
h5_subject_features_labelled,n_epochs_median,0,0.0
h5_subject_features_labelled,wake_epochs_median,0,0.0
h5_subject_features_labelled,sleep_epochs_median,0,0.0
h5_subject_features_labelled,tst_minutes_from_hypnogram_median,0,0.0
h5_subject_features_labelled,sleep_efficiency_epoch_ratio_median,0,0.0
h5_subject_features_labelled,Wake_epochs_median,0,0.0
h5_subject_features_labelled,N1_epochs_median,0,0.0
h5_subject_features_labelled,N2_epochs_median,0,0.0
h5_subject_features_labelled,N3_epochs_median,0,0.0
h5_subject_features_labelled,REM_epochs_median,0,0.0
h5_subject_features_labelled,eeg1_mean_mean_median,0,0.0
h5_subject_features_labelled,eeg1_mean_std_median,0,0.0
h5_subject_features_labelled,eeg1_mean_median_median,0,0.0
h5_subject_features_labelled,eeg1_std_mean_median,0,0.0
h5_subject_features_labelled,eeg1_std_std_median,0,0.0
h5_subject_features_labelled,eeg1_std_median_median,0,0.0
h5_subject_features_labelled,eeg1_iqr_mean_median,0,0.0
h5_subject_features_labelled,eeg1_iqr_std_median,0,0.0
h5_subject_features_labelled,eeg1_iqr_median_median,0,0.0
h5_subject_features_labelled,eeg1_skew_mean_median,0,0.0
h5_subject_features_labelled,eeg1_skew_std_median,0,0.0
h5_subject_features_labelled,eeg1_skew_median_median,0,0.0
h5_subject_features_labelled,eeg1_kurtosis_mean_median,0,0.0
h5_subject_features_labelled,eeg1_kurtosis_std_median,0,0.0
h5_subject_features_labelled,eeg1_kurtosis_median_median,0,0.0
h5_subject_features_labelled,eeg1_zero_crossings_mean_median,0,0.0
h5_subject_features_labelled,eeg1_zero_crossings_std_median,0,0.0
h5_subject_features_labelled,eeg1_zero_crossings_median_median,0,0.0
h5_subject_features_labelled,eeg1_hjorth_mobility_mean_median,0,0.0
h5_subject_features_labelled,eeg1_hjorth_mobility_std_median,0,0.0
h5_subject_features_labelled,eeg1_hjorth_mobility_median_median,0,0.0
h5_subject_features_labelled,eeg1_hjorth_complexity_mean_median,0,0.0
h5_subject_features_labelled,eeg1_hjorth_complexity_std_median,0,0.0
h5_subject_features_labelled,eeg1_hjorth_complexity_median_median,0,0.0
h5_subject_features_labelled,eeg1_total_power_0p5_30_mean_median,0,0.0
h5_subject_features_labelled,eeg1_total_power_0p5_30_std_median,0,0.0
h5_subject_features_labelled,eeg1_total_power_0p5_30_median_median,0,0.0
h5_subject_features_labelled,eeg1_delta_power_mean_median,0,0.0
h5_subject_features_labelled,eeg1_delta_power_std_median,0,0.0
h5_subject_features_labelled,eeg1_delta_power_median_median,0,0.0
h5_subject_features_labelled,eeg1_delta_relative_power_mean_median,0,0.0
h5_subject_features_labelled,eeg1_delta_relative_power_std_median,0,0.0
h5_subject_features_labelled,eeg1_delta_relative_power_median_median,0,0.0
h5_subject_features_labelled,eeg1_theta_power_mean_median,0,0.0
h5_subject_features_labelled,eeg1_theta_power_std_median,0,0.0
h5_subject_features_labelled,eeg1_theta_power_median_median,0,0.0
h5_subject_features_labelled,eeg1_theta_relative_power_mean_median,0,0.0
h5_subject_features_labelled,eeg1_theta_relative_power_std_median,0,0.0
h5_subject_features_labelled,eeg1_theta_relative_power_median_median,0,0.0
h5_subject_features_labelled,eeg1_alpha_power_mean_median,0,0.0
h5_subject_features_labelled,eeg1_alpha_power_std_median,0,0.0
h5_subject_features_labelled,eeg1_alpha_power_median_median,0,0.0
h5_subject_features_labelled,eeg1_alpha_relative_power_mean_median,0,0.0
h5_subject_features_labelled,eeg1_alpha_relative_power_std_median,0,0.0
h5_subject_features_labelled,eeg1_alpha_relative_power_median_median,0,0.0
h5_subject_features_labelled,eeg1_sigma_power_mean_median,0,0.0
h5_subject_features_labelled,eeg1_sigma_power_std_median,0,0.0
h5_subject_features_labelled,eeg1_sigma_power_median_median,0,0.0
h5_subject_features_labelled,eeg1_sigma_relative_power_mean_median,0,0.0
h5_subject_features_labelled,eeg1_sigma_relative_power_std_median,0,0.0
h5_subject_features_labelled,eeg1_sigma_relative_power_median_median,0,0.0
h5_subject_features_labelled,eeg1_beta_power_mean_median,0,0.0
h5_subject_features_labelled,eeg1_beta_power_std_median,0,0.0
h5_subject_features_labelled,eeg1_beta_power_median_median,0,0.0
h5_subject_features_labelled,eeg1_beta_relative_power_mean_median,0,0.0
h5_subject_features_labelled,eeg1_beta_relative_power_std_median,0,0.0
h5_subject_features_labelled,eeg1_beta_relative_power_median_median,0,0.0
h5_subject_features_labelled,eeg1_theta_alpha_ratio_mean_median,0,0.0
h5_subject_features_labelled,eeg1_theta_alpha_ratio_std_median,0,0.0
h5_subject_features_labelled,eeg1_theta_alpha_ratio_median_median,0,0.0
h5_subject_features_labelled,eeg1_delta_beta_ratio_mean_median,0,0.0
h5_subject_features_labelled,eeg1_delta_beta_ratio_std_median,0,0.0
h5_subject_features_labelled,eeg1_delta_beta_ratio_median_median,0,0.0
h5_subject_features_labelled,eeg1_delta_sigma_ratio_mean_median,0,0.0
h5_subject_features_labelled,eeg1_delta_sigma_ratio_std_median,0,0.0
h5_subject_features_labelled,eeg1_delta_sigma_ratio_median_median,0,0.0
h5_subject_features_labelled,eeg2_mean_mean_median,0,0.0
h5_subject_features_labelled,eeg2_mean_std_median,0,0.0
h5_subject_features_labelled,eeg2_mean_median_median,0,0.0
h5_subject_features_labelled,eeg2_std_mean_median,0,0.0
h5_subject_features_labelled,eeg2_std_std_median,0,0.0
h5_subject_features_labelled,eeg2_std_median_median,0,0.0
h5_subject_features_labelled,eeg2_iqr_mean_median,0,0.0
h5_subject_features_labelled,eeg2_iqr_std_median,0,0.0
h5_subject_features_labelled,eeg2_iqr_median_median,0,0.0
h5_subject_features_labelled,eeg2_skew_mean_median,0,0.0
h5_subject_features_labelled,eeg2_skew_std_median,0,0.0
h5_subject_features_labelled,eeg2_skew_median_median,0,0.0
h5_subject_features_labelled,eeg2_kurtosis_mean_median,0,0.0
h5_subject_features_labelled,eeg2_kurtosis_std_median,0,0.0
h5_subject_features_labelled,eeg2_kurtosis_median_median,0,0.0
h5_subject_features_labelled,eeg2_zero_crossings_mean_median,0,0.0
h5_subject_features_labelled,eeg2_zero_crossings_std_median,0,0.0
h5_subject_features_labelled,eeg2_zero_crossings_median_median,0,0.0
h5_subject_features_labelled,eeg2_hjorth_mobility_mean_median,0,0.0
h5_subject_features_labelled,eeg2_hjorth_mobility_std_median,0,0.0
h5_subject_features_labelled,eeg2_hjorth_mobility_median_median,0,0.0
h5_subject_features_labelled,eeg2_hjorth_complexity_mean_median,0,0.0
h5_subject_features_labelled,eeg2_hjorth_complexity_std_median,0,0.0
h5_subject_features_labelled,eeg2_hjorth_complexity_median_median,0,0.0
h5_subject_features_labelled,eeg2_total_power_0p5_30_mean_median,0,0.0
h5_subject_features_labelled,eeg2_total_power_0p5_30_std_median,0,0.0
h5_subject_features_labelled,eeg2_total_power_0p5_30_median_median,0,0.0
h5_subject_features_labelled,eeg2_delta_power_mean_median,0,0.0
h5_subject_features_labelled,eeg2_delta_power_std_median,0,0.0
h5_subject_features_labelled,eeg2_delta_power_median_median,0,0.0
h5_subject_features_labelled,eeg2_delta_relative_power_mean_median,0,0.0
h5_subject_features_labelled,eeg2_delta_relative_power_std_median,0,0.0
h5_subject_features_labelled,eeg2_delta_relative_power_median_median,0,0.0
h5_subject_features_labelled,eeg2_theta_power_mean_median,0,0.0
h5_subject_features_labelled,eeg2_theta_power_std_median,0,0.0
h5_subject_features_labelled,eeg2_theta_power_median_median,0,0.0
h5_subject_features_labelled,eeg2_theta_relative_power_mean_median,0,0.0
h5_subject_features_labelled,eeg2_theta_relative_power_std_median,0,0.0
h5_subject_features_labelled,eeg2_theta_relative_power_median_median,0,0.0
h5_subject_features_labelled,eeg2_alpha_power_mean_median,0,0.0
h5_subject_features_labelled,eeg2_alpha_power_std_median,0,0.0
h5_subject_features_labelled,eeg2_alpha_power_median_median,0,0.0
h5_subject_features_labelled,eeg2_alpha_relative_power_mean_median,0,0.0
h5_subject_features_labelled,eeg2_alpha_relative_power_std_median,0,0.0
h5_subject_features_labelled,eeg2_alpha_relative_power_median_median,0,0.0
h5_subject_features_labelled,eeg2_sigma_power_mean_median,0,0.0
h5_subject_features_labelled,eeg2_sigma_power_std_median,0,0.0
h5_subject_features_labelled,eeg2_sigma_power_median_median,0,0.0
h5_subject_features_labelled,eeg2_sigma_relative_power_mean_median,0,0.0
h5_subject_features_labelled,eeg2_sigma_relative_power_std_median,0,0.0
h5_subject_features_labelled,eeg2_sigma_relative_power_median_median,0,0.0
h5_subject_features_labelled,eeg2_beta_power_mean_median,0,0.0
h5_subject_features_labelled,eeg2_beta_power_std_median,0,0.0
h5_subject_features_labelled,eeg2_beta_power_median_median,0,0.0
h5_subject_features_labelled,eeg2_beta_relative_power_mean_median,0,0.0
h5_subject_features_labelled,eeg2_beta_relative_power_std_median,0,0.0
h5_subject_features_labelled,eeg2_beta_relative_power_median_median,0,0.0
h5_subject_features_labelled,eeg2_theta_alpha_ratio_mean_median,0,0.0
h5_subject_features_labelled,eeg2_theta_alpha_ratio_std_median,0,0.0
h5_subject_features_labelled,eeg2_theta_alpha_ratio_median_median,0,0.0
h5_subject_features_labelled,eeg2_delta_beta_ratio_mean_median,0,0.0
h5_subject_features_labelled,eeg2_delta_beta_ratio_std_median,0,0.0
h5_subject_features_labelled,eeg2_delta_beta_ratio_median_median,0,0.0
h5_subject_features_labelled,eeg2_delta_sigma_ratio_mean_median,0,0.0
h5_subject_features_labelled,eeg2_delta_sigma_ratio_std_median,0,0.0
h5_subject_features_labelled,eeg2_delta_sigma_ratio_median_median,0,0.0
h5_subject_features_labelled,eeg3_mean_mean_median,0,0.0
h5_subject_features_labelled,eeg3_mean_std_median,0,0.0
h5_subject_features_labelled,eeg3_mean_median_median,0,0.0
h5_subject_features_labelled,eeg3_std_mean_median,0,0.0
h5_subject_features_labelled,eeg3_std_std_median,0,0.0
h5_subject_features_labelled,eeg3_std_median_median,0,0.0
h5_subject_features_labelled,eeg3_iqr_mean_median,0,0.0
h5_subject_features_labelled,eeg3_iqr_std_median,0,0.0
h5_subject_features_labelled,eeg3_iqr_median_median,0,0.0
h5_subject_features_labelled,eeg3_skew_mean_median,0,0.0
h5_subject_features_labelled,eeg3_skew_std_median,0,0.0
h5_subject_features_labelled,eeg3_skew_median_median,0,0.0
h5_subject_features_labelled,eeg3_kurtosis_mean_median,0,0.0
h5_subject_features_labelled,eeg3_kurtosis_std_median,0,0.0
h5_subject_features_labelled,eeg3_kurtosis_median_median,0,0.0
h5_subject_features_labelled,eeg3_zero_crossings_mean_median,0,0.0
h5_subject_features_labelled,eeg3_zero_crossings_std_median,0,0.0
h5_subject_features_labelled,eeg3_zero_crossings_median_median,0,0.0
h5_subject_features_labelled,eeg3_hjorth_mobility_mean_median,0,0.0
h5_subject_features_labelled,eeg3_hjorth_mobility_std_median,0,0.0
h5_subject_features_labelled,eeg3_hjorth_mobility_median_median,0,0.0
h5_subject_features_labelled,eeg3_hjorth_complexity_mean_median,0,0.0
h5_subject_features_labelled,eeg3_hjorth_complexity_std_median,0,0.0
h5_subject_features_labelled,eeg3_hjorth_complexity_median_median,0,0.0
h5_subject_features_labelled,eeg3_total_power_0p5_30_mean_median,0,0.0
h5_subject_features_labelled,eeg3_total_power_0p5_30_std_median,0,0.0
h5_subject_features_labelled,eeg3_total_power_0p5_30_median_median,0,0.0
h5_subject_features_labelled,eeg3_delta_power_mean_median,0,0.0
h5_subject_features_labelled,eeg3_delta_power_std_median,0,0.0
h5_subject_features_labelled,eeg3_delta_power_median_median,0,0.0
h5_subject_features_labelled,eeg3_delta_relative_power_mean_median,0,0.0
h5_subject_features_labelled,eeg3_delta_relative_power_std_median,0,0.0
h5_subject_features_labelled,eeg3_delta_relative_power_median_median,0,0.0
h5_subject_features_labelled,eeg3_theta_power_mean_median,0,0.0
h5_subject_features_labelled,eeg3_theta_power_std_median,0,0.0
h5_subject_features_labelled,eeg3_theta_power_median_median,0,0.0
h5_subject_features_labelled,eeg3_theta_relative_power_mean_median,0,0.0
h5_subject_features_labelled,eeg3_theta_relative_power_std_median,0,0.0
h5_subject_features_labelled,eeg3_theta_relative_power_median_median,0,0.0
h5_subject_features_labelled,eeg3_alpha_power_mean_median,0,0.0
h5_subject_features_labelled,eeg3_alpha_power_std_median,0,0.0
h5_subject_features_labelled,eeg3_alpha_power_median_median,0,0.0
h5_subject_features_labelled,eeg3_alpha_relative_power_mean_median,0,0.0
h5_subject_features_labelled,eeg3_alpha_relative_power_std_median,0,0.0
h5_subject_features_labelled,eeg3_alpha_relative_power_median_median,0,0.0
h5_subject_features_labelled,eeg3_sigma_power_mean_median,0,0.0
h5_subject_features_labelled,eeg3_sigma_power_std_median,0,0.0
h5_subject_features_labelled,eeg3_sigma_power_median_median,0,0.0
h5_subject_features_labelled,eeg3_sigma_relative_power_mean_median,0,0.0
h5_subject_features_labelled,eeg3_sigma_relative_power_std_median,0,0.0
h5_subject_features_labelled,eeg3_sigma_relative_power_median_median,0,0.0
h5_subject_features_labelled,eeg3_beta_power_mean_median,0,0.0
h5_subject_features_labelled,eeg3_beta_power_std_median,0,0.0
h5_subject_features_labelled,eeg3_beta_power_median_median,0,0.0
h5_subject_features_labelled,eeg3_beta_relative_power_mean_median,0,0.0
h5_subject_features_labelled,eeg3_beta_relative_power_std_median,0,0.0
h5_subject_features_labelled,eeg3_beta_relative_power_median_median,0,0.0
h5_subject_features_labelled,eeg3_theta_alpha_ratio_mean_median,0,0.0
h5_subject_features_labelled,eeg3_theta_alpha_ratio_std_median,0,0.0
h5_subject_features_labelled,eeg3_theta_alpha_ratio_median_median,0,0.0
h5_subject_features_labelled,eeg3_delta_beta_ratio_mean_median,0,0.0
h5_subject_features_labelled,eeg3_delta_beta_ratio_std_median,0,0.0
h5_subject_features_labelled,eeg3_delta_beta_ratio_median_median,0,0.0
h5_subject_features_labelled,eeg3_delta_sigma_ratio_mean_median,0,0.0
h5_subject_features_labelled,eeg3_delta_sigma_ratio_std_median,0,0.0
h5_subject_features_labelled,eeg3_delta_sigma_ratio_median_median,0,0.0
h5_subject_features_labelled,eeg4_mean_mean_median,0,0.0
h5_subject_features_labelled,eeg4_mean_std_median,0,0.0
h5_subject_features_labelled,eeg4_mean_median_median,0,0.0
h5_subject_features_labelled,eeg4_std_mean_median,0,0.0
h5_subject_features_labelled,eeg4_std_std_median,0,0.0
h5_subject_features_labelled,eeg4_std_median_median,0,0.0
h5_subject_features_labelled,eeg4_iqr_mean_median,0,0.0
h5_subject_features_labelled,eeg4_iqr_std_median,0,0.0
h5_subject_features_labelled,eeg4_iqr_median_median,0,0.0
h5_subject_features_labelled,eeg4_skew_mean_median,0,0.0
h5_subject_features_labelled,eeg4_skew_std_median,0,0.0
h5_subject_features_labelled,eeg4_skew_median_median,0,0.0
h5_subject_features_labelled,eeg4_kurtosis_mean_median,0,0.0
h5_subject_features_labelled,eeg4_kurtosis_std_median,0,0.0
h5_subject_features_labelled,eeg4_kurtosis_median_median,0,0.0
h5_subject_features_labelled,eeg4_zero_crossings_mean_median,0,0.0
h5_subject_features_labelled,eeg4_zero_crossings_std_median,0,0.0
h5_subject_features_labelled,eeg4_zero_crossings_median_median,0,0.0
h5_subject_features_labelled,eeg4_hjorth_mobility_mean_median,0,0.0
h5_subject_features_labelled,eeg4_hjorth_mobility_std_median,0,0.0
h5_subject_features_labelled,eeg4_hjorth_mobility_median_median,0,0.0
h5_subject_features_labelled,eeg4_hjorth_complexity_mean_median,0,0.0
h5_subject_features_labelled,eeg4_hjorth_complexity_std_median,0,0.0
h5_subject_features_labelled,eeg4_hjorth_complexity_median_median,0,0.0
h5_subject_features_labelled,eeg4_total_power_0p5_30_mean_median,0,0.0
h5_subject_features_labelled,eeg4_total_power_0p5_30_std_median,0,0.0
h5_subject_features_labelled,eeg4_total_power_0p5_30_median_median,0,0.0
h5_subject_features_labelled,eeg4_delta_power_mean_median,0,0.0
h5_subject_features_labelled,eeg4_delta_power_std_median,0,0.0
h5_subject_features_labelled,eeg4_delta_power_median_median,0,0.0
h5_subject_features_labelled,eeg4_delta_relative_power_mean_median,0,0.0
h5_subject_features_labelled,eeg4_delta_relative_power_std_median,0,0.0
h5_subject_features_labelled,eeg4_delta_relative_power_median_median,0,0.0
h5_subject_features_labelled,eeg4_theta_power_mean_median,0,0.0
h5_subject_features_labelled,eeg4_theta_power_std_median,0,0.0
h5_subject_features_labelled,eeg4_theta_power_median_median,0,0.0
h5_subject_features_labelled,eeg4_theta_relative_power_mean_median,0,0.0
h5_subject_features_labelled,eeg4_theta_relative_power_std_median,0,0.0
h5_subject_features_labelled,eeg4_theta_relative_power_median_median,0,0.0
h5_subject_features_labelled,eeg4_alpha_power_mean_median,0,0.0
h5_subject_features_labelled,eeg4_alpha_power_std_median,0,0.0
h5_subject_features_labelled,eeg4_alpha_power_median_median,0,0.0
h5_subject_features_labelled,eeg4_alpha_relative_power_mean_median,0,0.0
h5_subject_features_labelled,eeg4_alpha_relative_power_std_median,0,0.0
h5_subject_features_labelled,eeg4_alpha_relative_power_median_median,0,0.0
h5_subject_features_labelled,eeg4_sigma_power_mean_median,0,0.0
h5_subject_features_labelled,eeg4_sigma_power_std_median,0,0.0
h5_subject_features_labelled,eeg4_sigma_power_median_median,0,0.0
h5_subject_features_labelled,eeg4_sigma_relative_power_mean_median,0,0.0
h5_subject_features_labelled,eeg4_sigma_relative_power_std_median,0,0.0
h5_subject_features_labelled,eeg4_sigma_relative_power_median_median,0,0.0
h5_subject_features_labelled,eeg4_beta_power_mean_median,0,0.0
h5_subject_features_labelled,eeg4_beta_power_std_median,0,0.0
h5_subject_features_labelled,eeg4_beta_power_median_median,0,0.0
h5_subject_features_labelled,eeg4_beta_relative_power_mean_median,0,0.0
h5_subject_features_labelled,eeg4_beta_relative_power_std_median,0,0.0
h5_subject_features_labelled,eeg4_beta_relative_power_median_median,0,0.0
h5_subject_features_labelled,eeg4_theta_alpha_ratio_mean_median,0,0.0
h5_subject_features_labelled,eeg4_theta_alpha_ratio_std_median,0,0.0
h5_subject_features_labelled,eeg4_theta_alpha_ratio_median_median,0,0.0
h5_subject_features_labelled,eeg4_delta_beta_ratio_mean_median,0,0.0
h5_subject_features_labelled,eeg4_delta_beta_ratio_std_median,0,0.0
h5_subject_features_labelled,eeg4_delta_beta_ratio_median_median,0,0.0
h5_subject_features_labelled,eeg4_delta_sigma_ratio_mean_median,0,0.0
h5_subject_features_labelled,eeg4_delta_sigma_ratio_std_median,0,0.0
h5_subject_features_labelled,eeg4_delta_sigma_ratio_median_median,0,0.0
h5_subject_features_labelled,n_epochs_min,0,0.0
h5_subject_features_labelled,wake_epochs_min,0,0.0
h5_subject_features_labelled,sleep_epochs_min,0,0.0
h5_subject_features_labelled,tst_minutes_from_hypnogram_min,0,0.0
h5_subject_features_labelled,sleep_efficiency_epoch_ratio_min,0,0.0
h5_subject_features_labelled,Wake_epochs_min,0,0.0
h5_subject_features_labelled,N1_epochs_min,0,0.0
h5_subject_features_labelled,N2_epochs_min,0,0.0
h5_subject_features_labelled,N3_epochs_min,0,0.0
h5_subject_features_labelled,REM_epochs_min,0,0.0
h5_subject_features_labelled,eeg1_mean_mean_min,0,0.0
h5_subject_features_labelled,eeg1_mean_std_min,0,0.0
h5_subject_features_labelled,eeg1_mean_median_min,0,0.0
h5_subject_features_labelled,eeg1_std_mean_min,0,0.0
h5_subject_features_labelled,eeg1_std_std_min,0,0.0
h5_subject_features_labelled,eeg1_std_median_min,0,0.0
h5_subject_features_labelled,eeg1_iqr_mean_min,0,0.0
h5_subject_features_labelled,eeg1_iqr_std_min,0,0.0
h5_subject_features_labelled,eeg1_iqr_median_min,0,0.0
h5_subject_features_labelled,eeg1_skew_mean_min,0,0.0
h5_subject_features_labelled,eeg1_skew_std_min,0,0.0
h5_subject_features_labelled,eeg1_skew_median_min,0,0.0
h5_subject_features_labelled,eeg1_kurtosis_mean_min,0,0.0
h5_subject_features_labelled,eeg1_kurtosis_std_min,0,0.0
h5_subject_features_labelled,eeg1_kurtosis_median_min,0,0.0
h5_subject_features_labelled,eeg1_zero_crossings_mean_min,0,0.0
h5_subject_features_labelled,eeg1_zero_crossings_std_min,0,0.0
h5_subject_features_labelled,eeg1_zero_crossings_median_min,0,0.0
h5_subject_features_labelled,eeg1_hjorth_mobility_mean_min,0,0.0
h5_subject_features_labelled,eeg1_hjorth_mobility_std_min,0,0.0
h5_subject_features_labelled,eeg1_hjorth_mobility_median_min,0,0.0
h5_subject_features_labelled,eeg1_hjorth_complexity_mean_min,0,0.0
h5_subject_features_labelled,eeg1_hjorth_complexity_std_min,0,0.0
h5_subject_features_labelled,eeg1_hjorth_complexity_median_min,0,0.0
h5_subject_features_labelled,eeg1_total_power_0p5_30_mean_min,0,0.0
h5_subject_features_labelled,eeg1_total_power_0p5_30_std_min,0,0.0
h5_subject_features_labelled,eeg1_total_power_0p5_30_median_min,0,0.0
h5_subject_features_labelled,eeg1_delta_power_mean_min,0,0.0
h5_subject_features_labelled,eeg1_delta_power_std_min,0,0.0
h5_subject_features_labelled,eeg1_delta_power_median_min,0,0.0
h5_subject_features_labelled,eeg1_delta_relative_power_mean_min,0,0.0
h5_subject_features_labelled,eeg1_delta_relative_power_std_min,0,0.0
h5_subject_features_labelled,eeg1_delta_relative_power_median_min,0,0.0
h5_subject_features_labelled,eeg1_theta_power_mean_min,0,0.0
h5_subject_features_labelled,eeg1_theta_power_std_min,0,0.0
h5_subject_features_labelled,eeg1_theta_power_median_min,0,0.0
h5_subject_features_labelled,eeg1_theta_relative_power_mean_min,0,0.0
h5_subject_features_labelled,eeg1_theta_relative_power_std_min,0,0.0
h5_subject_features_labelled,eeg1_theta_relative_power_median_min,0,0.0
h5_subject_features_labelled,eeg1_alpha_power_mean_min,0,0.0
h5_subject_features_labelled,eeg1_alpha_power_std_min,0,0.0
h5_subject_features_labelled,eeg1_alpha_power_median_min,0,0.0
h5_subject_features_labelled,eeg1_alpha_relative_power_mean_min,0,0.0
h5_subject_features_labelled,eeg1_alpha_relative_power_std_min,0,0.0
h5_subject_features_labelled,eeg1_alpha_relative_power_median_min,0,0.0
h5_subject_features_labelled,eeg1_sigma_power_mean_min,0,0.0
h5_subject_features_labelled,eeg1_sigma_power_std_min,0,0.0
h5_subject_features_labelled,eeg1_sigma_power_median_min,0,0.0
h5_subject_features_labelled,eeg1_sigma_relative_power_mean_min,0,0.0
h5_subject_features_labelled,eeg1_sigma_relative_power_std_min,0,0.0
h5_subject_features_labelled,eeg1_sigma_relative_power_median_min,0,0.0
h5_subject_features_labelled,eeg1_beta_power_mean_min,0,0.0
h5_subject_features_labelled,eeg1_beta_power_std_min,0,0.0
h5_subject_features_labelled,eeg1_beta_power_median_min,0,0.0
h5_subject_features_labelled,eeg1_beta_relative_power_mean_min,0,0.0
h5_subject_features_labelled,eeg1_beta_relative_power_std_min,0,0.0
h5_subject_features_labelled,eeg1_beta_relative_power_median_min,0,0.0
h5_subject_features_labelled,eeg1_theta_alpha_ratio_mean_min,0,0.0
h5_subject_features_labelled,eeg1_theta_alpha_ratio_std_min,0,0.0
h5_subject_features_labelled,eeg1_theta_alpha_ratio_median_min,0,0.0
h5_subject_features_labelled,eeg1_delta_beta_ratio_mean_min,0,0.0
h5_subject_features_labelled,eeg1_delta_beta_ratio_std_min,0,0.0
h5_subject_features_labelled,eeg1_delta_beta_ratio_median_min,0,0.0
h5_subject_features_labelled,eeg1_delta_sigma_ratio_mean_min,0,0.0
h5_subject_features_labelled,eeg1_delta_sigma_ratio_std_min,0,0.0
h5_subject_features_labelled,eeg1_delta_sigma_ratio_median_min,0,0.0
h5_subject_features_labelled,eeg2_mean_mean_min,0,0.0
h5_subject_features_labelled,eeg2_mean_std_min,0,0.0
h5_subject_features_labelled,eeg2_mean_median_min,0,0.0
h5_subject_features_labelled,eeg2_std_mean_min,0,0.0
h5_subject_features_labelled,eeg2_std_std_min,0,0.0
h5_subject_features_labelled,eeg2_std_median_min,0,0.0
h5_subject_features_labelled,eeg2_iqr_mean_min,0,0.0
h5_subject_features_labelled,eeg2_iqr_std_min,0,0.0
h5_subject_features_labelled,eeg2_iqr_median_min,0,0.0
h5_subject_features_labelled,eeg2_skew_mean_min,0,0.0
h5_subject_features_labelled,eeg2_skew_std_min,0,0.0
h5_subject_features_labelled,eeg2_skew_median_min,0,0.0
h5_subject_features_labelled,eeg2_kurtosis_mean_min,0,0.0
h5_subject_features_labelled,eeg2_kurtosis_std_min,0,0.0
h5_subject_features_labelled,eeg2_kurtosis_median_min,0,0.0
h5_subject_features_labelled,eeg2_zero_crossings_mean_min,0,0.0
h5_subject_features_labelled,eeg2_zero_crossings_std_min,0,0.0
h5_subject_features_labelled,eeg2_zero_crossings_median_min,0,0.0
h5_subject_features_labelled,eeg2_hjorth_mobility_mean_min,0,0.0
h5_subject_features_labelled,eeg2_hjorth_mobility_std_min,0,0.0
h5_subject_features_labelled,eeg2_hjorth_mobility_median_min,0,0.0
h5_subject_features_labelled,eeg2_hjorth_complexity_mean_min,0,0.0
h5_subject_features_labelled,eeg2_hjorth_complexity_std_min,0,0.0
h5_subject_features_labelled,eeg2_hjorth_complexity_median_min,0,0.0
h5_subject_features_labelled,eeg2_total_power_0p5_30_mean_min,0,0.0
h5_subject_features_labelled,eeg2_total_power_0p5_30_std_min,0,0.0
h5_subject_features_labelled,eeg2_total_power_0p5_30_median_min,0,0.0
h5_subject_features_labelled,eeg2_delta_power_mean_min,0,0.0
h5_subject_features_labelled,eeg2_delta_power_std_min,0,0.0
h5_subject_features_labelled,eeg2_delta_power_median_min,0,0.0
h5_subject_features_labelled,eeg2_delta_relative_power_mean_min,0,0.0
h5_subject_features_labelled,eeg2_delta_relative_power_std_min,0,0.0
h5_subject_features_labelled,eeg2_delta_relative_power_median_min,0,0.0
h5_subject_features_labelled,eeg2_theta_power_mean_min,0,0.0
h5_subject_features_labelled,eeg2_theta_power_std_min,0,0.0
h5_subject_features_labelled,eeg2_theta_power_median_min,0,0.0
h5_subject_features_labelled,eeg2_theta_relative_power_mean_min,0,0.0
h5_subject_features_labelled,eeg2_theta_relative_power_std_min,0,0.0
h5_subject_features_labelled,eeg2_theta_relative_power_median_min,0,0.0
h5_subject_features_labelled,eeg2_alpha_power_mean_min,0,0.0
h5_subject_features_labelled,eeg2_alpha_power_std_min,0,0.0
h5_subject_features_labelled,eeg2_alpha_power_median_min,0,0.0
h5_subject_features_labelled,eeg2_alpha_relative_power_mean_min,0,0.0
h5_subject_features_labelled,eeg2_alpha_relative_power_std_min,0,0.0
h5_subject_features_labelled,eeg2_alpha_relative_power_median_min,0,0.0
h5_subject_features_labelled,eeg2_sigma_power_mean_min,0,0.0
h5_subject_features_labelled,eeg2_sigma_power_std_min,0,0.0
h5_subject_features_labelled,eeg2_sigma_power_median_min,0,0.0
h5_subject_features_labelled,eeg2_sigma_relative_power_mean_min,0,0.0
h5_subject_features_labelled,eeg2_sigma_relative_power_std_min,0,0.0
h5_subject_features_labelled,eeg2_sigma_relative_power_median_min,0,0.0
h5_subject_features_labelled,eeg2_beta_power_mean_min,0,0.0
h5_subject_features_labelled,eeg2_beta_power_std_min,0,0.0
h5_subject_features_labelled,eeg2_beta_power_median_min,0,0.0
h5_subject_features_labelled,eeg2_beta_relative_power_mean_min,0,0.0
h5_subject_features_labelled,eeg2_beta_relative_power_std_min,0,0.0
h5_subject_features_labelled,eeg2_beta_relative_power_median_min,0,0.0
h5_subject_features_labelled,eeg2_theta_alpha_ratio_mean_min,0,0.0
h5_subject_features_labelled,eeg2_theta_alpha_ratio_std_min,0,0.0
h5_subject_features_labelled,eeg2_theta_alpha_ratio_median_min,0,0.0
h5_subject_features_labelled,eeg2_delta_beta_ratio_mean_min,0,0.0
h5_subject_features_labelled,eeg2_delta_beta_ratio_std_min,0,0.0
h5_subject_features_labelled,eeg2_delta_beta_ratio_median_min,0,0.0
h5_subject_features_labelled,eeg2_delta_sigma_ratio_mean_min,0,0.0
h5_subject_features_labelled,eeg2_delta_sigma_ratio_std_min,0,0.0
h5_subject_features_labelled,eeg2_delta_sigma_ratio_median_min,0,0.0
h5_subject_features_labelled,eeg3_mean_mean_min,0,0.0
h5_subject_features_labelled,eeg3_mean_std_min,0,0.0
h5_subject_features_labelled,eeg3_mean_median_min,0,0.0
h5_subject_features_labelled,eeg3_std_mean_min,0,0.0
h5_subject_features_labelled,eeg3_std_std_min,0,0.0
h5_subject_features_labelled,eeg3_std_median_min,0,0.0
h5_subject_features_labelled,eeg3_iqr_mean_min,0,0.0
h5_subject_features_labelled,eeg3_iqr_std_min,0,0.0
h5_subject_features_labelled,eeg3_iqr_median_min,0,0.0
h5_subject_features_labelled,eeg3_skew_mean_min,0,0.0
h5_subject_features_labelled,eeg3_skew_std_min,0,0.0
h5_subject_features_labelled,eeg3_skew_median_min,0,0.0
h5_subject_features_labelled,eeg3_kurtosis_mean_min,0,0.0
h5_subject_features_labelled,eeg3_kurtosis_std_min,0,0.0
h5_subject_features_labelled,eeg3_kurtosis_median_min,0,0.0
h5_subject_features_labelled,eeg3_zero_crossings_mean_min,0,0.0
h5_subject_features_labelled,eeg3_zero_crossings_std_min,0,0.0
h5_subject_features_labelled,eeg3_zero_crossings_median_min,0,0.0
h5_subject_features_labelled,eeg3_hjorth_mobility_mean_min,0,0.0
h5_subject_features_labelled,eeg3_hjorth_mobility_std_min,0,0.0
h5_subject_features_labelled,eeg3_hjorth_mobility_median_min,0,0.0
h5_subject_features_labelled,eeg3_hjorth_complexity_mean_min,0,0.0
h5_subject_features_labelled,eeg3_hjorth_complexity_std_min,0,0.0
h5_subject_features_labelled,eeg3_hjorth_complexity_median_min,0,0.0
h5_subject_features_labelled,eeg3_total_power_0p5_30_mean_min,0,0.0
h5_subject_features_labelled,eeg3_total_power_0p5_30_std_min,0,0.0
h5_subject_features_labelled,eeg3_total_power_0p5_30_median_min,0,0.0
h5_subject_features_labelled,eeg3_delta_power_mean_min,0,0.0
h5_subject_features_labelled,eeg3_delta_power_std_min,0,0.0
h5_subject_features_labelled,eeg3_delta_power_median_min,0,0.0
h5_subject_features_labelled,eeg3_delta_relative_power_mean_min,0,0.0
h5_subject_features_labelled,eeg3_delta_relative_power_std_min,0,0.0
h5_subject_features_labelled,eeg3_delta_relative_power_median_min,0,0.0
h5_subject_features_labelled,eeg3_theta_power_mean_min,0,0.0
h5_subject_features_labelled,eeg3_theta_power_std_min,0,0.0
h5_subject_features_labelled,eeg3_theta_power_median_min,0,0.0
h5_subject_features_labelled,eeg3_theta_relative_power_mean_min,0,0.0
h5_subject_features_labelled,eeg3_theta_relative_power_std_min,0,0.0
h5_subject_features_labelled,eeg3_theta_relative_power_median_min,0,0.0
h5_subject_features_labelled,eeg3_alpha_power_mean_min,0,0.0
h5_subject_features_labelled,eeg3_alpha_power_std_min,0,0.0
h5_subject_features_labelled,eeg3_alpha_power_median_min,0,0.0
h5_subject_features_labelled,eeg3_alpha_relative_power_mean_min,0,0.0
h5_subject_features_labelled,eeg3_alpha_relative_power_std_min,0,0.0
h5_subject_features_labelled,eeg3_alpha_relative_power_median_min,0,0.0
h5_subject_features_labelled,eeg3_sigma_power_mean_min,0,0.0
h5_subject_features_labelled,eeg3_sigma_power_std_min,0,0.0
h5_subject_features_labelled,eeg3_sigma_power_median_min,0,0.0
h5_subject_features_labelled,eeg3_sigma_relative_power_mean_min,0,0.0
h5_subject_features_labelled,eeg3_sigma_relative_power_std_min,0,0.0
h5_subject_features_labelled,eeg3_sigma_relative_power_median_min,0,0.0
h5_subject_features_labelled,eeg3_beta_power_mean_min,0,0.0
h5_subject_features_labelled,eeg3_beta_power_std_min,0,0.0
h5_subject_features_labelled,eeg3_beta_power_median_min,0,0.0
h5_subject_features_labelled,eeg3_beta_relative_power_mean_min,0,0.0
h5_subject_features_labelled,eeg3_beta_relative_power_std_min,0,0.0
h5_subject_features_labelled,eeg3_beta_relative_power_median_min,0,0.0
h5_subject_features_labelled,eeg3_theta_alpha_ratio_mean_min,0,0.0
h5_subject_features_labelled,eeg3_theta_alpha_ratio_std_min,0,0.0
h5_subject_features_labelled,eeg3_theta_alpha_ratio_median_min,0,0.0
h5_subject_features_labelled,eeg3_delta_beta_ratio_mean_min,0,0.0
h5_subject_features_labelled,eeg3_delta_beta_ratio_std_min,0,0.0
h5_subject_features_labelled,eeg3_delta_beta_ratio_median_min,0,0.0
h5_subject_features_labelled,eeg3_delta_sigma_ratio_mean_min,0,0.0
h5_subject_features_labelled,eeg3_delta_sigma_ratio_std_min,0,0.0
h5_subject_features_labelled,eeg3_delta_sigma_ratio_median_min,0,0.0
h5_subject_features_labelled,eeg4_mean_mean_min,0,0.0
h5_subject_features_labelled,eeg4_mean_std_min,0,0.0
h5_subject_features_labelled,eeg4_mean_median_min,0,0.0
h5_subject_features_labelled,eeg4_std_mean_min,0,0.0
h5_subject_features_labelled,eeg4_std_std_min,0,0.0
h5_subject_features_labelled,eeg4_std_median_min,0,0.0
h5_subject_features_labelled,eeg4_iqr_mean_min,0,0.0
h5_subject_features_labelled,eeg4_iqr_std_min,0,0.0
h5_subject_features_labelled,eeg4_iqr_median_min,0,0.0
h5_subject_features_labelled,eeg4_skew_mean_min,0,0.0
h5_subject_features_labelled,eeg4_skew_std_min,0,0.0
h5_subject_features_labelled,eeg4_skew_median_min,0,0.0
h5_subject_features_labelled,eeg4_kurtosis_mean_min,0,0.0
h5_subject_features_labelled,eeg4_kurtosis_std_min,0,0.0
h5_subject_features_labelled,eeg4_kurtosis_median_min,0,0.0
h5_subject_features_labelled,eeg4_zero_crossings_mean_min,0,0.0
h5_subject_features_labelled,eeg4_zero_crossings_std_min,0,0.0
h5_subject_features_labelled,eeg4_zero_crossings_median_min,0,0.0
h5_subject_features_labelled,eeg4_hjorth_mobility_mean_min,0,0.0
h5_subject_features_labelled,eeg4_hjorth_mobility_std_min,0,0.0
h5_subject_features_labelled,eeg4_hjorth_mobility_median_min,0,0.0
h5_subject_features_labelled,eeg4_hjorth_complexity_mean_min,0,0.0
h5_subject_features_labelled,eeg4_hjorth_complexity_std_min,0,0.0
h5_subject_features_labelled,eeg4_hjorth_complexity_median_min,0,0.0
h5_subject_features_labelled,eeg4_total_power_0p5_30_mean_min,0,0.0
h5_subject_features_labelled,eeg4_total_power_0p5_30_std_min,0,0.0
h5_subject_features_labelled,eeg4_total_power_0p5_30_median_min,0,0.0
h5_subject_features_labelled,eeg4_delta_power_mean_min,0,0.0
h5_subject_features_labelled,eeg4_delta_power_std_min,0,0.0
h5_subject_features_labelled,eeg4_delta_power_median_min,0,0.0
h5_subject_features_labelled,eeg4_delta_relative_power_mean_min,0,0.0
h5_subject_features_labelled,eeg4_delta_relative_power_std_min,0,0.0
h5_subject_features_labelled,eeg4_delta_relative_power_median_min,0,0.0
h5_subject_features_labelled,eeg4_theta_power_mean_min,0,0.0
h5_subject_features_labelled,eeg4_theta_power_std_min,0,0.0
h5_subject_features_labelled,eeg4_theta_power_median_min,0,0.0
h5_subject_features_labelled,eeg4_theta_relative_power_mean_min,0,0.0
h5_subject_features_labelled,eeg4_theta_relative_power_std_min,0,0.0
h5_subject_features_labelled,eeg4_theta_relative_power_median_min,0,0.0
h5_subject_features_labelled,eeg4_alpha_power_mean_min,0,0.0
h5_subject_features_labelled,eeg4_alpha_power_std_min,0,0.0
h5_subject_features_labelled,eeg4_alpha_power_median_min,0,0.0
h5_subject_features_labelled,eeg4_alpha_relative_power_mean_min,0,0.0
h5_subject_features_labelled,eeg4_alpha_relative_power_std_min,0,0.0
h5_subject_features_labelled,eeg4_alpha_relative_power_median_min,0,0.0
h5_subject_features_labelled,eeg4_sigma_power_mean_min,0,0.0
h5_subject_features_labelled,eeg4_sigma_power_std_min,0,0.0
h5_subject_features_labelled,eeg4_sigma_power_median_min,0,0.0
h5_subject_features_labelled,eeg4_sigma_relative_power_mean_min,0,0.0
h5_subject_features_labelled,eeg4_sigma_relative_power_std_min,0,0.0
h5_subject_features_labelled,eeg4_sigma_relative_power_median_min,0,0.0
h5_subject_features_labelled,eeg4_beta_power_mean_min,0,0.0
h5_subject_features_labelled,eeg4_beta_power_std_min,0,0.0
h5_subject_features_labelled,eeg4_beta_power_median_min,0,0.0
h5_subject_features_labelled,eeg4_beta_relative_power_mean_min,0,0.0
h5_subject_features_labelled,eeg4_beta_relative_power_std_min,0,0.0
h5_subject_features_labelled,eeg4_beta_relative_power_median_min,0,0.0
h5_subject_features_labelled,eeg4_theta_alpha_ratio_mean_min,0,0.0
h5_subject_features_labelled,eeg4_theta_alpha_ratio_std_min,0,0.0
h5_subject_features_labelled,eeg4_theta_alpha_ratio_median_min,0,0.0
h5_subject_features_labelled,eeg4_delta_beta_ratio_mean_min,0,0.0
h5_subject_features_labelled,eeg4_delta_beta_ratio_std_min,0,0.0
h5_subject_features_labelled,eeg4_delta_beta_ratio_median_min,0,0.0
h5_subject_features_labelled,eeg4_delta_sigma_ratio_mean_min,0,0.0
h5_subject_features_labelled,eeg4_delta_sigma_ratio_std_min,0,0.0
h5_subject_features_labelled,eeg4_delta_sigma_ratio_median_min,0,0.0
h5_subject_features_labelled,n_epochs_max,0,0.0
h5_subject_features_labelled,wake_epochs_max,0,0.0
h5_subject_features_labelled,sleep_epochs_max,0,0.0
h5_subject_features_labelled,tst_minutes_from_hypnogram_max,0,0.0
h5_subject_features_labelled,sleep_efficiency_epoch_ratio_max,0,0.0
h5_subject_features_labelled,Wake_epochs_max,0,0.0
h5_subject_features_labelled,N1_epochs_max,0,0.0
h5_subject_features_labelled,N2_epochs_max,0,0.0
h5_subject_features_labelled,N3_epochs_max,0,0.0
h5_subject_features_labelled,REM_epochs_max,0,0.0
h5_subject_features_labelled,eeg1_mean_mean_max,0,0.0
h5_subject_features_labelled,eeg1_mean_std_max,0,0.0
h5_subject_features_labelled,eeg1_mean_median_max,0,0.0
h5_subject_features_labelled,eeg1_std_mean_max,0,0.0
h5_subject_features_labelled,eeg1_std_std_max,0,0.0
h5_subject_features_labelled,eeg1_std_median_max,0,0.0
h5_subject_features_labelled,eeg1_iqr_mean_max,0,0.0
h5_subject_features_labelled,eeg1_iqr_std_max,0,0.0
h5_subject_features_labelled,eeg1_iqr_median_max,0,0.0
h5_subject_features_labelled,eeg1_skew_mean_max,0,0.0
h5_subject_features_labelled,eeg1_skew_std_max,0,0.0
h5_subject_features_labelled,eeg1_skew_median_max,0,0.0
h5_subject_features_labelled,eeg1_kurtosis_mean_max,0,0.0
h5_subject_features_labelled,eeg1_kurtosis_std_max,0,0.0
h5_subject_features_labelled,eeg1_kurtosis_median_max,0,0.0
h5_subject_features_labelled,eeg1_zero_crossings_mean_max,0,0.0
h5_subject_features_labelled,eeg1_zero_crossings_std_max,0,0.0
h5_subject_features_labelled,eeg1_zero_crossings_median_max,0,0.0
h5_subject_features_labelled,eeg1_hjorth_mobility_mean_max,0,0.0
h5_subject_features_labelled,eeg1_hjorth_mobility_std_max,0,0.0
h5_subject_features_labelled,eeg1_hjorth_mobility_median_max,0,0.0
h5_subject_features_labelled,eeg1_hjorth_complexity_mean_max,0,0.0
h5_subject_features_labelled,eeg1_hjorth_complexity_std_max,0,0.0
h5_subject_features_labelled,eeg1_hjorth_complexity_median_max,0,0.0
h5_subject_features_labelled,eeg1_total_power_0p5_30_mean_max,0,0.0
h5_subject_features_labelled,eeg1_total_power_0p5_30_std_max,0,0.0
h5_subject_features_labelled,eeg1_total_power_0p5_30_median_max,0,0.0
h5_subject_features_labelled,eeg1_delta_power_mean_max,0,0.0
h5_subject_features_labelled,eeg1_delta_power_std_max,0,0.0
h5_subject_features_labelled,eeg1_delta_power_median_max,0,0.0
h5_subject_features_labelled,eeg1_delta_relative_power_mean_max,0,0.0
h5_subject_features_labelled,eeg1_delta_relative_power_std_max,0,0.0
h5_subject_features_labelled,eeg1_delta_relative_power_median_max,0,0.0
h5_subject_features_labelled,eeg1_theta_power_mean_max,0,0.0
h5_subject_features_labelled,eeg1_theta_power_std_max,0,0.0
h5_subject_features_labelled,eeg1_theta_power_median_max,0,0.0
h5_subject_features_labelled,eeg1_theta_relative_power_mean_max,0,0.0
h5_subject_features_labelled,eeg1_theta_relative_power_std_max,0,0.0
h5_subject_features_labelled,eeg1_theta_relative_power_median_max,0,0.0
h5_subject_features_labelled,eeg1_alpha_power_mean_max,0,0.0
h5_subject_features_labelled,eeg1_alpha_power_std_max,0,0.0
h5_subject_features_labelled,eeg1_alpha_power_median_max,0,0.0
h5_subject_features_labelled,eeg1_alpha_relative_power_mean_max,0,0.0
h5_subject_features_labelled,eeg1_alpha_relative_power_std_max,0,0.0
h5_subject_features_labelled,eeg1_alpha_relative_power_median_max,0,0.0
h5_subject_features_labelled,eeg1_sigma_power_mean_max,0,0.0
h5_subject_features_labelled,eeg1_sigma_power_std_max,0,0.0
h5_subject_features_labelled,eeg1_sigma_power_median_max,0,0.0
h5_subject_features_labelled,eeg1_sigma_relative_power_mean_max,0,0.0
h5_subject_features_labelled,eeg1_sigma_relative_power_std_max,0,0.0
h5_subject_features_labelled,eeg1_sigma_relative_power_median_max,0,0.0
h5_subject_features_labelled,eeg1_beta_power_mean_max,0,0.0
h5_subject_features_labelled,eeg1_beta_power_std_max,0,0.0
h5_subject_features_labelled,eeg1_beta_power_median_max,0,0.0
h5_subject_features_labelled,eeg1_beta_relative_power_mean_max,0,0.0
h5_subject_features_labelled,eeg1_beta_relative_power_std_max,0,0.0
h5_subject_features_labelled,eeg1_beta_relative_power_median_max,0,0.0
h5_subject_features_labelled,eeg1_theta_alpha_ratio_mean_max,0,0.0
h5_subject_features_labelled,eeg1_theta_alpha_ratio_std_max,0,0.0
h5_subject_features_labelled,eeg1_theta_alpha_ratio_median_max,0,0.0
h5_subject_features_labelled,eeg1_delta_beta_ratio_mean_max,0,0.0
h5_subject_features_labelled,eeg1_delta_beta_ratio_std_max,0,0.0
h5_subject_features_labelled,eeg1_delta_beta_ratio_median_max,0,0.0
h5_subject_features_labelled,eeg1_delta_sigma_ratio_mean_max,0,0.0
h5_subject_features_labelled,eeg1_delta_sigma_ratio_std_max,0,0.0
h5_subject_features_labelled,eeg1_delta_sigma_ratio_median_max,0,0.0
h5_subject_features_labelled,eeg2_mean_mean_max,0,0.0
h5_subject_features_labelled,eeg2_mean_std_max,0,0.0
h5_subject_features_labelled,eeg2_mean_median_max,0,0.0
h5_subject_features_labelled,eeg2_std_mean_max,0,0.0
h5_subject_features_labelled,eeg2_std_std_max,0,0.0
h5_subject_features_labelled,eeg2_std_median_max,0,0.0
h5_subject_features_labelled,eeg2_iqr_mean_max,0,0.0
h5_subject_features_labelled,eeg2_iqr_std_max,0,0.0
h5_subject_features_labelled,eeg2_iqr_median_max,0,0.0
h5_subject_features_labelled,eeg2_skew_mean_max,0,0.0
h5_subject_features_labelled,eeg2_skew_std_max,0,0.0
h5_subject_features_labelled,eeg2_skew_median_max,0,0.0
h5_subject_features_labelled,eeg2_kurtosis_mean_max,0,0.0
h5_subject_features_labelled,eeg2_kurtosis_std_max,0,0.0
h5_subject_features_labelled,eeg2_kurtosis_median_max,0,0.0
h5_subject_features_labelled,eeg2_zero_crossings_mean_max,0,0.0
h5_subject_features_labelled,eeg2_zero_crossings_std_max,0,0.0
h5_subject_features_labelled,eeg2_zero_crossings_median_max,0,0.0
h5_subject_features_labelled,eeg2_hjorth_mobility_mean_max,0,0.0
h5_subject_features_labelled,eeg2_hjorth_mobility_std_max,0,0.0
h5_subject_features_labelled,eeg2_hjorth_mobility_median_max,0,0.0
h5_subject_features_labelled,eeg2_hjorth_complexity_mean_max,0,0.0
h5_subject_features_labelled,eeg2_hjorth_complexity_std_max,0,0.0
h5_subject_features_labelled,eeg2_hjorth_complexity_median_max,0,0.0
h5_subject_features_labelled,eeg2_total_power_0p5_30_mean_max,0,0.0
h5_subject_features_labelled,eeg2_total_power_0p5_30_std_max,0,0.0
h5_subject_features_labelled,eeg2_total_power_0p5_30_median_max,0,0.0
h5_subject_features_labelled,eeg2_delta_power_mean_max,0,0.0
h5_subject_features_labelled,eeg2_delta_power_std_max,0,0.0
h5_subject_features_labelled,eeg2_delta_power_median_max,0,0.0
h5_subject_features_labelled,eeg2_delta_relative_power_mean_max,0,0.0
h5_subject_features_labelled,eeg2_delta_relative_power_std_max,0,0.0
h5_subject_features_labelled,eeg2_delta_relative_power_median_max,0,0.0
h5_subject_features_labelled,eeg2_theta_power_mean_max,0,0.0
h5_subject_features_labelled,eeg2_theta_power_std_max,0,0.0
h5_subject_features_labelled,eeg2_theta_power_median_max,0,0.0
h5_subject_features_labelled,eeg2_theta_relative_power_mean_max,0,0.0
h5_subject_features_labelled,eeg2_theta_relative_power_std_max,0,0.0
h5_subject_features_labelled,eeg2_theta_relative_power_median_max,0,0.0
h5_subject_features_labelled,eeg2_alpha_power_mean_max,0,0.0
h5_subject_features_labelled,eeg2_alpha_power_std_max,0,0.0
h5_subject_features_labelled,eeg2_alpha_power_median_max,0,0.0
h5_subject_features_labelled,eeg2_alpha_relative_power_mean_max,0,0.0
h5_subject_features_labelled,eeg2_alpha_relative_power_std_max,0,0.0
h5_subject_features_labelled,eeg2_alpha_relative_power_median_max,0,0.0
h5_subject_features_labelled,eeg2_sigma_power_mean_max,0,0.0
h5_subject_features_labelled,eeg2_sigma_power_std_max,0,0.0
h5_subject_features_labelled,eeg2_sigma_power_median_max,0,0.0
h5_subject_features_labelled,eeg2_sigma_relative_power_mean_max,0,0.0
h5_subject_features_labelled,eeg2_sigma_relative_power_std_max,0,0.0
h5_subject_features_labelled,eeg2_sigma_relative_power_median_max,0,0.0
h5_subject_features_labelled,eeg2_beta_power_mean_max,0,0.0
h5_subject_features_labelled,eeg2_beta_power_std_max,0,0.0
h5_subject_features_labelled,eeg2_beta_power_median_max,0,0.0
h5_subject_features_labelled,eeg2_beta_relative_power_mean_max,0,0.0
h5_subject_features_labelled,eeg2_beta_relative_power_std_max,0,0.0
h5_subject_features_labelled,eeg2_beta_relative_power_median_max,0,0.0
h5_subject_features_labelled,eeg2_theta_alpha_ratio_mean_max,0,0.0
h5_subject_features_labelled,eeg2_theta_alpha_ratio_std_max,0,0.0
h5_subject_features_labelled,eeg2_theta_alpha_ratio_median_max,0,0.0
h5_subject_features_labelled,eeg2_delta_beta_ratio_mean_max,0,0.0
h5_subject_features_labelled,eeg2_delta_beta_ratio_std_max,0,0.0
h5_subject_features_labelled,eeg2_delta_beta_ratio_median_max,0,0.0
h5_subject_features_labelled,eeg2_delta_sigma_ratio_mean_max,0,0.0
h5_subject_features_labelled,eeg2_delta_sigma_ratio_std_max,0,0.0
h5_subject_features_labelled,eeg2_delta_sigma_ratio_median_max,0,0.0
h5_subject_features_labelled,eeg3_mean_mean_max,0,0.0
h5_subject_features_labelled,eeg3_mean_std_max,0,0.0
h5_subject_features_labelled,eeg3_mean_median_max,0,0.0
h5_subject_features_labelled,eeg3_std_mean_max,0,0.0
h5_subject_features_labelled,eeg3_std_std_max,0,0.0
h5_subject_features_labelled,eeg3_std_median_max,0,0.0
h5_subject_features_labelled,eeg3_iqr_mean_max,0,0.0
h5_subject_features_labelled,eeg3_iqr_std_max,0,0.0
h5_subject_features_labelled,eeg3_iqr_median_max,0,0.0
h5_subject_features_labelled,eeg3_skew_mean_max,0,0.0
h5_subject_features_labelled,eeg3_skew_std_max,0,0.0
h5_subject_features_labelled,eeg3_skew_median_max,0,0.0
h5_subject_features_labelled,eeg3_kurtosis_mean_max,0,0.0
h5_subject_features_labelled,eeg3_kurtosis_std_max,0,0.0
h5_subject_features_labelled,eeg3_kurtosis_median_max,0,0.0
h5_subject_features_labelled,eeg3_zero_crossings_mean_max,0,0.0
h5_subject_features_labelled,eeg3_zero_crossings_std_max,0,0.0
h5_subject_features_labelled,eeg3_zero_crossings_median_max,0,0.0
h5_subject_features_labelled,eeg3_hjorth_mobility_mean_max,0,0.0
h5_subject_features_labelled,eeg3_hjorth_mobility_std_max,0,0.0
h5_subject_features_labelled,eeg3_hjorth_mobility_median_max,0,0.0
h5_subject_features_labelled,eeg3_hjorth_complexity_mean_max,0,0.0
h5_subject_features_labelled,eeg3_hjorth_complexity_std_max,0,0.0
h5_subject_features_labelled,eeg3_hjorth_complexity_median_max,0,0.0
h5_subject_features_labelled,eeg3_total_power_0p5_30_mean_max,0,0.0
h5_subject_features_labelled,eeg3_total_power_0p5_30_std_max,0,0.0
h5_subject_features_labelled,eeg3_total_power_0p5_30_median_max,0,0.0
h5_subject_features_labelled,eeg3_delta_power_mean_max,0,0.0
h5_subject_features_labelled,eeg3_delta_power_std_max,0,0.0
h5_subject_features_labelled,eeg3_delta_power_median_max,0,0.0
h5_subject_features_labelled,eeg3_delta_relative_power_mean_max,0,0.0
h5_subject_features_labelled,eeg3_delta_relative_power_std_max,0,0.0
h5_subject_features_labelled,eeg3_delta_relative_power_median_max,0,0.0
h5_subject_features_labelled,eeg3_theta_power_mean_max,0,0.0
h5_subject_features_labelled,eeg3_theta_power_std_max,0,0.0
h5_subject_features_labelled,eeg3_theta_power_median_max,0,0.0
h5_subject_features_labelled,eeg3_theta_relative_power_mean_max,0,0.0
h5_subject_features_labelled,eeg3_theta_relative_power_std_max,0,0.0
h5_subject_features_labelled,eeg3_theta_relative_power_median_max,0,0.0
h5_subject_features_labelled,eeg3_alpha_power_mean_max,0,0.0
h5_subject_features_labelled,eeg3_alpha_power_std_max,0,0.0
h5_subject_features_labelled,eeg3_alpha_power_median_max,0,0.0
h5_subject_features_labelled,eeg3_alpha_relative_power_mean_max,0,0.0
h5_subject_features_labelled,eeg3_alpha_relative_power_std_max,0,0.0
h5_subject_features_labelled,eeg3_alpha_relative_power_median_max,0,0.0
h5_subject_features_labelled,eeg3_sigma_power_mean_max,0,0.0
h5_subject_features_labelled,eeg3_sigma_power_std_max,0,0.0
h5_subject_features_labelled,eeg3_sigma_power_median_max,0,0.0
h5_subject_features_labelled,eeg3_sigma_relative_power_mean_max,0,0.0
h5_subject_features_labelled,eeg3_sigma_relative_power_std_max,0,0.0
h5_subject_features_labelled,eeg3_sigma_relative_power_median_max,0,0.0
h5_subject_features_labelled,eeg3_beta_power_mean_max,0,0.0
h5_subject_features_labelled,eeg3_beta_power_std_max,0,0.0
h5_subject_features_labelled,eeg3_beta_power_median_max,0,0.0
h5_subject_features_labelled,eeg3_beta_relative_power_mean_max,0,0.0
h5_subject_features_labelled,eeg3_beta_relative_power_std_max,0,0.0
h5_subject_features_labelled,eeg3_beta_relative_power_median_max,0,0.0
h5_subject_features_labelled,eeg3_theta_alpha_ratio_mean_max,0,0.0
h5_subject_features_labelled,eeg3_theta_alpha_ratio_std_max,0,0.0
h5_subject_features_labelled,eeg3_theta_alpha_ratio_median_max,0,0.0
h5_subject_features_labelled,eeg3_delta_beta_ratio_mean_max,0,0.0
h5_subject_features_labelled,eeg3_delta_beta_ratio_std_max,0,0.0
h5_subject_features_labelled,eeg3_delta_beta_ratio_median_max,0,0.0
h5_subject_features_labelled,eeg3_delta_sigma_ratio_mean_max,0,0.0
h5_subject_features_labelled,eeg3_delta_sigma_ratio_std_max,0,0.0
h5_subject_features_labelled,eeg3_delta_sigma_ratio_median_max,0,0.0
h5_subject_features_labelled,eeg4_mean_mean_max,0,0.0
h5_subject_features_labelled,eeg4_mean_std_max,0,0.0
h5_subject_features_labelled,eeg4_mean_median_max,0,0.0
h5_subject_features_labelled,eeg4_std_mean_max,0,0.0
h5_subject_features_labelled,eeg4_std_std_max,0,0.0
h5_subject_features_labelled,eeg4_std_median_max,0,0.0
h5_subject_features_labelled,eeg4_iqr_mean_max,0,0.0
h5_subject_features_labelled,eeg4_iqr_std_max,0,0.0
h5_subject_features_labelled,eeg4_iqr_median_max,0,0.0
h5_subject_features_labelled,eeg4_skew_mean_max,0,0.0
h5_subject_features_labelled,eeg4_skew_std_max,0,0.0
h5_subject_features_labelled,eeg4_skew_median_max,0,0.0
h5_subject_features_labelled,eeg4_kurtosis_mean_max,0,0.0
h5_subject_features_labelled,eeg4_kurtosis_std_max,0,0.0
h5_subject_features_labelled,eeg4_kurtosis_median_max,0,0.0
h5_subject_features_labelled,eeg4_zero_crossings_mean_max,0,0.0
h5_subject_features_labelled,eeg4_zero_crossings_std_max,0,0.0
h5_subject_features_labelled,eeg4_zero_crossings_median_max,0,0.0
h5_subject_features_labelled,eeg4_hjorth_mobility_mean_max,0,0.0
h5_subject_features_labelled,eeg4_hjorth_mobility_std_max,0,0.0
h5_subject_features_labelled,eeg4_hjorth_mobility_median_max,0,0.0
h5_subject_features_labelled,eeg4_hjorth_complexity_mean_max,0,0.0
h5_subject_features_labelled,eeg4_hjorth_complexity_std_max,0,0.0
h5_subject_features_labelled,eeg4_hjorth_complexity_median_max,0,0.0
h5_subject_features_labelled,eeg4_total_power_0p5_30_mean_max,0,0.0
h5_subject_features_labelled,eeg4_total_power_0p5_30_std_max,0,0.0
h5_subject_features_labelled,eeg4_total_power_0p5_30_median_max,0,0.0
h5_subject_features_labelled,eeg4_delta_power_mean_max,0,0.0
h5_subject_features_labelled,eeg4_delta_power_std_max,0,0.0
h5_subject_features_labelled,eeg4_delta_power_median_max,0,0.0
h5_subject_features_labelled,eeg4_delta_relative_power_mean_max,0,0.0
h5_subject_features_labelled,eeg4_delta_relative_power_std_max,0,0.0
h5_subject_features_labelled,eeg4_delta_relative_power_median_max,0,0.0
h5_subject_features_labelled,eeg4_theta_power_mean_max,0,0.0
h5_subject_features_labelled,eeg4_theta_power_std_max,0,0.0
h5_subject_features_labelled,eeg4_theta_power_median_max,0,0.0
h5_subject_features_labelled,eeg4_theta_relative_power_mean_max,0,0.0
h5_subject_features_labelled,eeg4_theta_relative_power_std_max,0,0.0
h5_subject_features_labelled,eeg4_theta_relative_power_median_max,0,0.0
h5_subject_features_labelled,eeg4_alpha_power_mean_max,0,0.0
h5_subject_features_labelled,eeg4_alpha_power_std_max,0,0.0
h5_subject_features_labelled,eeg4_alpha_power_median_max,0,0.0
h5_subject_features_labelled,eeg4_alpha_relative_power_mean_max,0,0.0
h5_subject_features_labelled,eeg4_alpha_relative_power_std_max,0,0.0
h5_subject_features_labelled,eeg4_alpha_relative_power_median_max,0,0.0
h5_subject_features_labelled,eeg4_sigma_power_mean_max,0,0.0
h5_subject_features_labelled,eeg4_sigma_power_std_max,0,0.0
h5_subject_features_labelled,eeg4_sigma_power_median_max,0,0.0
h5_subject_features_labelled,eeg4_sigma_relative_power_mean_max,0,0.0
h5_subject_features_labelled,eeg4_sigma_relative_power_std_max,0,0.0
h5_subject_features_labelled,eeg4_sigma_relative_power_median_max,0,0.0
h5_subject_features_labelled,eeg4_beta_power_mean_max,0,0.0
h5_subject_features_labelled,eeg4_beta_power_std_max,0,0.0
h5_subject_features_labelled,eeg4_beta_power_median_max,0,0.0
h5_subject_features_labelled,eeg4_beta_relative_power_mean_max,0,0.0
h5_subject_features_labelled,eeg4_beta_relative_power_std_max,0,0.0
h5_subject_features_labelled,eeg4_beta_relative_power_median_max,0,0.0
h5_subject_features_labelled,eeg4_theta_alpha_ratio_mean_max,0,0.0
h5_subject_features_labelled,eeg4_theta_alpha_ratio_std_max,0,0.0
h5_subject_features_labelled,eeg4_theta_alpha_ratio_median_max,0,0.0
h5_subject_features_labelled,eeg4_delta_beta_ratio_mean_max,0,0.0
h5_subject_features_labelled,eeg4_delta_beta_ratio_std_max,0,0.0
h5_subject_features_labelled,eeg4_delta_beta_ratio_median_max,0,0.0
h5_subject_features_labelled,eeg4_delta_sigma_ratio_mean_max,0,0.0
h5_subject_features_labelled,eeg4_delta_sigma_ratio_std_max,0,0.0
h5_subject_features_labelled,eeg4_delta_sigma_ratio_median_max,0,0.0
h5_subject_features_labelled,NRID,0,0.0
h5_subject_features_labelled,sex,0,0.0
h5_subject_features_labelled,age,0,0.0
h5_subject_features_labelled,diagnosis,0,0.0
h5_subject_features_labelled,binary_target,0,0.0
combined_subject_features,h5__Wake_percentage_mean,47,1.0
combined_subject_features,h5__Wake_percentage_median,47,1.0
combined_subject_features,h5__Wake_percentage_std,47,1.0
combined_subject_features,h5__Wake_percentage_min,47,1.0
combined_subject_features,h5__Wake_percentage_max,47,1.0
combined_subject_features,report__average_respiration_rate_std,3,0.06382978723404255
combined_subject_features,report__awakenings_std,3,0.06382978723404255
combined_subject_features,report__confidence_awakenings_std,3,0.06382978723404255
combined_subject_features,report__confidence_last_sleep_std,3,0.06382978723404255
combined_subject_features,report__confidence_lps_std,3,0.06382978723404255
combined_subject_features,report__confidence_lrem4_std,3,0.06382978723404255
combined_subject_features,report__confidence_n1_duration_std,3,0.06382978723404255
combined_subject_features,report__confidence_n1_percentage_std,3,0.06382978723404255
combined_subject_features,report__confidence_n2_duration_std,3,0.06382978723404255
combined_subject_features,report__confidence_n2_latency_aasm_std,3,0.06382978723404255
combined_subject_features,report__confidence_n2_percentage_std,3,0.06382978723404255
combined_subject_features,report__confidence_n3_duration_std,3,0.06382978723404255
combined_subject_features,report__confidence_n3_latency_aasm_std,3,0.06382978723404255
combined_subject_features,report__confidence_n3_percentage_std,3,0.06382978723404255
combined_subject_features,report__confidence_nr_of_shifts_std,3,0.06382978723404255
combined_subject_features,report__confidence_nrem_duration_std,3,0.06382978723404255
combined_subject_features,report__confidence_nrem_percentage_std,3,0.06382978723404255
combined_subject_features,report__confidence_rem_duration_std,3,0.06382978723404255
combined_subject_features,report__confidence_rem_latency_std,3,0.06382978723404255
combined_subject_features,report__confidence_rem_latency_aasm_std,3,0.06382978723404255
combined_subject_features,report__confidence_rem_percentage_std,3,0.06382978723404255
combined_subject_features,report__confidence_sleep_efficiency_std,3,0.06382978723404255
combined_subject_features,report__confidence_sleep_onset_std,3,0.06382978723404255
combined_subject_features,report__confidence_sol_std,3,0.06382978723404255
combined_subject_features,report__confidence_sol_aasm_std,3,0.06382978723404255
combined_subject_features,report__confidence_tst_std,3,0.06382978723404255
combined_subject_features,report__confidence_wake_duration_std,3,0.06382978723404255
combined_subject_features,report__confidence_waso_std,3,0.06382978723404255
combined_subject_features,report__confidence_waso_aasm_std,3,0.06382978723404255
combined_subject_features,report__lps_std,3,0.06382978723404255
combined_subject_features,report__lrem4_std,3,0.06382978723404255
combined_subject_features,report__micro_arousal_index_std,3,0.06382978723404255
combined_subject_features,report__n1_duration_std,3,0.06382978723404255
combined_subject_features,report__n1_percentage_std,3,0.06382978723404255
combined_subject_features,report__n2_duration_std,3,0.06382978723404255
combined_subject_features,report__n2_latency_aasm_std,3,0.06382978723404255
combined_subject_features,report__n2_percentage_std,3,0.06382978723404255
combined_subject_features,report__n3_duration_std,3,0.06382978723404255
combined_subject_features,report__n3_latency_aasm_std,3,0.06382978723404255
combined_subject_features,report__n3_percentage_std,3,0.06382978723404255
combined_subject_features,report__nr_of_shifts_std,3,0.06382978723404255
combined_subject_features,report__nrem_duration_std,3,0.06382978723404255
combined_subject_features,report__nrem_percentage_std,3,0.06382978723404255
combined_subject_features,report__proportion_off_head_std,3,0.06382978723404255
combined_subject_features,report__proportion_scorable_and_on_head_std,3,0.06382978723404255
combined_subject_features,report__quality_index_F7_O1_std,3,0.06382978723404255
combined_subject_features,report__quality_index_F7_O2_std,3,0.06382978723404255
combined_subject_features,report__quality_index_F8_F7_std,3,0.06382978723404255
combined_subject_features,report__quality_index_F8_O1_std,3,0.06382978723404255
combined_subject_features,report__quality_index_F8_O2_std,3,0.06382978723404255
combined_subject_features,report__record_duration_std,3,0.06382978723404255
combined_subject_features,report__record_quality_index_std,3,0.06382978723404255
combined_subject_features,report__rem_duration_std,3,0.06382978723404255
combined_subject_features,report__rem_latency_std,3,0.06382978723404255
combined_subject_features,report__rem_latency_aasm_std,3,0.06382978723404255
combined_subject_features,report__rem_percentage_std,3,0.06382978723404255
combined_subject_features,report__respiration_rate_n1_std,3,0.06382978723404255
combined_subject_features,report__respiration_rate_n2_std,3,0.06382978723404255
combined_subject_features,report__respiration_rate_n3_std,3,0.06382978723404255
combined_subject_features,report__respiration_rate_rem_std,3,0.06382978723404255
combined_subject_features,report__respiration_rate_wake_std,3,0.06382978723404255
combined_subject_features,report__sleep_efficiency_std,3,0.06382978723404255
combined_subject_features,report__sol_std,3,0.06382978723404255
combined_subject_features,report__sol_aasm_std,3,0.06382978723404255
combined_subject_features,report__tst_std,3,0.06382978723404255
combined_subject_features,report__wake_duration_std,3,0.06382978723404255
combined_subject_features,report__waso_std,3,0.06382978723404255
combined_subject_features,report__waso_aasm_std,3,0.06382978723404255
combined_subject_features,h5__n_epochs_std,3,0.06382978723404255
combined_subject_features,h5__wake_epochs_std,3,0.06382978723404255
combined_subject_features,h5__sleep_epochs_std,3,0.06382978723404255
combined_subject_features,h5__tst_minutes_from_hypnogram_std,3,0.06382978723404255
combined_subject_features,h5__sleep_efficiency_epoch_ratio_std,3,0.06382978723404255
combined_subject_features,h5__Wake_epochs_std,3,0.06382978723404255
combined_subject_features,h5__N1_epochs_std,3,0.06382978723404255
combined_subject_features,h5__N1_percentage_std,3,0.06382978723404255
combined_subject_features,h5__N2_epochs_std,3,0.06382978723404255
combined_subject_features,h5__N2_percentage_std,3,0.06382978723404255
combined_subject_features,h5__N3_epochs_std,3,0.06382978723404255
combined_subject_features,h5__N3_percentage_std,3,0.06382978723404255
combined_subject_features,h5__REM_epochs_std,3,0.06382978723404255
combined_subject_features,h5__REM_percentage_std,3,0.06382978723404255
combined_subject_features,h5__eeg1_mean_mean_std,3,0.06382978723404255
combined_subject_features,h5__eeg1_mean_std_std,3,0.06382978723404255
combined_subject_features,h5__eeg1_mean_median_std,3,0.06382978723404255
combined_subject_features,h5__eeg1_std_mean_std,3,0.06382978723404255
combined_subject_features,h5__eeg1_std_std_std,3,0.06382978723404255
combined_subject_features,h5__eeg1_std_median_std,3,0.06382978723404255
combined_subject_features,h5__eeg1_iqr_mean_std,3,0.06382978723404255
combined_subject_features,h5__eeg1_iqr_std_std,3,0.06382978723404255
combined_subject_features,h5__eeg1_iqr_median_std,3,0.06382978723404255
combined_subject_features,h5__eeg1_skew_mean_std,3,0.06382978723404255
combined_subject_features,h5__eeg1_skew_std_std,3,0.06382978723404255
combined_subject_features,h5__eeg1_skew_median_std,3,0.06382978723404255
combined_subject_features,h5__eeg1_kurtosis_mean_std,3,0.06382978723404255
combined_subject_features,h5__eeg1_kurtosis_std_std,3,0.06382978723404255
combined_subject_features,h5__eeg1_kurtosis_median_std,3,0.06382978723404255
combined_subject_features,h5__eeg1_zero_crossings_mean_std,3,0.06382978723404255
combined_subject_features,h5__eeg1_zero_crossings_std_std,3,0.06382978723404255
combined_subject_features,h5__eeg1_zero_crossings_median_std,3,0.06382978723404255
combined_subject_features,h5__eeg1_hjorth_mobility_mean_std,3,0.06382978723404255
combined_subject_features,h5__eeg1_hjorth_mobility_std_std,3,0.06382978723404255
combined_subject_features,h5__eeg1_hjorth_mobility_median_std,3,0.06382978723404255
combined_subject_features,h5__eeg1_hjorth_complexity_mean_std,3,0.06382978723404255
combined_subject_features,h5__eeg1_hjorth_complexity_std_std,3,0.06382978723404255
combined_subject_features,h5__eeg1_hjorth_complexity_median_std,3,0.06382978723404255
combined_subject_features,h5__eeg1_total_power_0p5_30_mean_std,3,0.06382978723404255
combined_subject_features,h5__eeg1_total_power_0p5_30_std_std,3,0.06382978723404255
combined_subject_features,h5__eeg1_total_power_0p5_30_median_std,3,0.06382978723404255
combined_subject_features,h5__eeg1_delta_power_mean_std,3,0.06382978723404255
combined_subject_features,h5__eeg1_delta_power_std_std,3,0.06382978723404255
combined_subject_features,h5__eeg1_delta_power_median_std,3,0.06382978723404255
combined_subject_features,h5__eeg1_delta_relative_power_mean_std,3,0.06382978723404255
combined_subject_features,h5__eeg1_delta_relative_power_std_std,3,0.06382978723404255
combined_subject_features,h5__eeg1_delta_relative_power_median_std,3,0.06382978723404255
combined_subject_features,h5__eeg1_theta_power_mean_std,3,0.06382978723404255
combined_subject_features,h5__eeg1_theta_power_std_std,3,0.06382978723404255
combined_subject_features,h5__eeg1_theta_power_median_std,3,0.06382978723404255
combined_subject_features,h5__eeg1_theta_relative_power_mean_std,3,0.06382978723404255
combined_subject_features,h5__eeg1_theta_relative_power_std_std,3,0.06382978723404255
combined_subject_features,h5__eeg1_theta_relative_power_median_std,3,0.06382978723404255
combined_subject_features,h5__eeg1_alpha_power_mean_std,3,0.06382978723404255
combined_subject_features,h5__eeg1_alpha_power_std_std,3,0.06382978723404255
combined_subject_features,h5__eeg1_alpha_power_median_std,3,0.06382978723404255
combined_subject_features,h5__eeg1_alpha_relative_power_mean_std,3,0.06382978723404255
combined_subject_features,h5__eeg1_alpha_relative_power_std_std,3,0.06382978723404255
combined_subject_features,h5__eeg1_alpha_relative_power_median_std,3,0.06382978723404255
combined_subject_features,h5__eeg1_sigma_power_mean_std,3,0.06382978723404255
combined_subject_features,h5__eeg1_sigma_power_std_std,3,0.06382978723404255
combined_subject_features,h5__eeg1_sigma_power_median_std,3,0.06382978723404255
combined_subject_features,h5__eeg1_sigma_relative_power_mean_std,3,0.06382978723404255
combined_subject_features,h5__eeg1_sigma_relative_power_std_std,3,0.06382978723404255
combined_subject_features,h5__eeg1_sigma_relative_power_median_std,3,0.06382978723404255
combined_subject_features,h5__eeg1_beta_power_mean_std,3,0.06382978723404255
combined_subject_features,h5__eeg1_beta_power_std_std,3,0.06382978723404255
combined_subject_features,h5__eeg1_beta_power_median_std,3,0.06382978723404255
combined_subject_features,h5__eeg1_beta_relative_power_mean_std,3,0.06382978723404255
combined_subject_features,h5__eeg1_beta_relative_power_std_std,3,0.06382978723404255
combined_subject_features,h5__eeg1_beta_relative_power_median_std,3,0.06382978723404255
combined_subject_features,h5__eeg1_theta_alpha_ratio_mean_std,3,0.06382978723404255
combined_subject_features,h5__eeg1_theta_alpha_ratio_std_std,3,0.06382978723404255
combined_subject_features,h5__eeg1_theta_alpha_ratio_median_std,3,0.06382978723404255
combined_subject_features,h5__eeg1_delta_beta_ratio_mean_std,3,0.06382978723404255
combined_subject_features,h5__eeg1_delta_beta_ratio_std_std,3,0.06382978723404255
combined_subject_features,h5__eeg1_delta_beta_ratio_median_std,3,0.06382978723404255
combined_subject_features,h5__eeg1_delta_sigma_ratio_mean_std,3,0.06382978723404255
combined_subject_features,h5__eeg1_delta_sigma_ratio_std_std,3,0.06382978723404255
combined_subject_features,h5__eeg1_delta_sigma_ratio_median_std,3,0.06382978723404255
combined_subject_features,h5__eeg2_mean_mean_std,3,0.06382978723404255
combined_subject_features,h5__eeg2_mean_std_std,3,0.06382978723404255
combined_subject_features,h5__eeg2_mean_median_std,3,0.06382978723404255
combined_subject_features,h5__eeg2_std_mean_std,3,0.06382978723404255
combined_subject_features,h5__eeg2_std_std_std,3,0.06382978723404255
combined_subject_features,h5__eeg2_std_median_std,3,0.06382978723404255
combined_subject_features,h5__eeg2_iqr_mean_std,3,0.06382978723404255
combined_subject_features,h5__eeg2_iqr_std_std,3,0.06382978723404255
combined_subject_features,h5__eeg2_iqr_median_std,3,0.06382978723404255
combined_subject_features,h5__eeg2_skew_mean_std,3,0.06382978723404255
combined_subject_features,h5__eeg2_skew_std_std,3,0.06382978723404255
combined_subject_features,h5__eeg2_skew_median_std,3,0.06382978723404255
combined_subject_features,h5__eeg2_kurtosis_mean_std,3,0.06382978723404255
combined_subject_features,h5__eeg2_kurtosis_std_std,3,0.06382978723404255
combined_subject_features,h5__eeg2_kurtosis_median_std,3,0.06382978723404255
combined_subject_features,h5__eeg2_zero_crossings_mean_std,3,0.06382978723404255
combined_subject_features,h5__eeg2_zero_crossings_std_std,3,0.06382978723404255
combined_subject_features,h5__eeg2_zero_crossings_median_std,3,0.06382978723404255
combined_subject_features,h5__eeg2_hjorth_mobility_mean_std,3,0.06382978723404255
combined_subject_features,h5__eeg2_hjorth_mobility_std_std,3,0.06382978723404255
combined_subject_features,h5__eeg2_hjorth_mobility_median_std,3,0.06382978723404255
combined_subject_features,h5__eeg2_hjorth_complexity_mean_std,3,0.06382978723404255
combined_subject_features,h5__eeg2_hjorth_complexity_std_std,3,0.06382978723404255
combined_subject_features,h5__eeg2_hjorth_complexity_median_std,3,0.06382978723404255
combined_subject_features,h5__eeg2_total_power_0p5_30_mean_std,3,0.06382978723404255
combined_subject_features,h5__eeg2_total_power_0p5_30_std_std,3,0.06382978723404255
combined_subject_features,h5__eeg2_total_power_0p5_30_median_std,3,0.06382978723404255
combined_subject_features,h5__eeg2_delta_power_mean_std,3,0.06382978723404255
combined_subject_features,h5__eeg2_delta_power_std_std,3,0.06382978723404255
combined_subject_features,h5__eeg2_delta_power_median_std,3,0.06382978723404255
combined_subject_features,h5__eeg2_delta_relative_power_mean_std,3,0.06382978723404255
combined_subject_features,h5__eeg2_delta_relative_power_std_std,3,0.06382978723404255
combined_subject_features,h5__eeg2_delta_relative_power_median_std,3,0.06382978723404255
combined_subject_features,h5__eeg2_theta_power_mean_std,3,0.06382978723404255
combined_subject_features,h5__eeg2_theta_power_std_std,3,0.06382978723404255
combined_subject_features,h5__eeg2_theta_power_median_std,3,0.06382978723404255
combined_subject_features,h5__eeg2_theta_relative_power_mean_std,3,0.06382978723404255
combined_subject_features,h5__eeg2_theta_relative_power_std_std,3,0.06382978723404255
combined_subject_features,h5__eeg2_theta_relative_power_median_std,3,0.06382978723404255
combined_subject_features,h5__eeg2_alpha_power_mean_std,3,0.06382978723404255
combined_subject_features,h5__eeg2_alpha_power_std_std,3,0.06382978723404255
combined_subject_features,h5__eeg2_alpha_power_median_std,3,0.06382978723404255
combined_subject_features,h5__eeg2_alpha_relative_power_mean_std,3,0.06382978723404255
combined_subject_features,h5__eeg2_alpha_relative_power_std_std,3,0.06382978723404255
combined_subject_features,h5__eeg2_alpha_relative_power_median_std,3,0.06382978723404255
combined_subject_features,h5__eeg2_sigma_power_mean_std,3,0.06382978723404255
combined_subject_features,h5__eeg2_sigma_power_std_std,3,0.06382978723404255
combined_subject_features,h5__eeg2_sigma_power_median_std,3,0.06382978723404255
combined_subject_features,h5__eeg2_sigma_relative_power_mean_std,3,0.06382978723404255
combined_subject_features,h5__eeg2_sigma_relative_power_std_std,3,0.06382978723404255
combined_subject_features,h5__eeg2_sigma_relative_power_median_std,3,0.06382978723404255
combined_subject_features,h5__eeg2_beta_power_mean_std,3,0.06382978723404255
combined_subject_features,h5__eeg2_beta_power_std_std,3,0.06382978723404255
combined_subject_features,h5__eeg2_beta_power_median_std,3,0.06382978723404255
combined_subject_features,h5__eeg2_beta_relative_power_mean_std,3,0.06382978723404255
combined_subject_features,h5__eeg2_beta_relative_power_std_std,3,0.06382978723404255
combined_subject_features,h5__eeg2_beta_relative_power_median_std,3,0.06382978723404255
combined_subject_features,h5__eeg2_theta_alpha_ratio_mean_std,3,0.06382978723404255
combined_subject_features,h5__eeg2_theta_alpha_ratio_std_std,3,0.06382978723404255
combined_subject_features,h5__eeg2_theta_alpha_ratio_median_std,3,0.06382978723404255
combined_subject_features,h5__eeg2_delta_beta_ratio_mean_std,3,0.06382978723404255
combined_subject_features,h5__eeg2_delta_beta_ratio_std_std,3,0.06382978723404255
combined_subject_features,h5__eeg2_delta_beta_ratio_median_std,3,0.06382978723404255
combined_subject_features,h5__eeg2_delta_sigma_ratio_mean_std,3,0.06382978723404255
combined_subject_features,h5__eeg2_delta_sigma_ratio_std_std,3,0.06382978723404255
combined_subject_features,h5__eeg2_delta_sigma_ratio_median_std,3,0.06382978723404255
combined_subject_features,h5__eeg3_mean_mean_std,3,0.06382978723404255
combined_subject_features,h5__eeg3_mean_std_std,3,0.06382978723404255
combined_subject_features,h5__eeg3_mean_median_std,3,0.06382978723404255
combined_subject_features,h5__eeg3_std_mean_std,3,0.06382978723404255
combined_subject_features,h5__eeg3_std_std_std,3,0.06382978723404255
combined_subject_features,h5__eeg3_std_median_std,3,0.06382978723404255
combined_subject_features,h5__eeg3_iqr_mean_std,3,0.06382978723404255
combined_subject_features,h5__eeg3_iqr_std_std,3,0.06382978723404255
combined_subject_features,h5__eeg3_iqr_median_std,3,0.06382978723404255
combined_subject_features,h5__eeg3_skew_mean_std,3,0.06382978723404255
combined_subject_features,h5__eeg3_skew_std_std,3,0.06382978723404255
combined_subject_features,h5__eeg3_skew_median_std,3,0.06382978723404255
combined_subject_features,h5__eeg3_kurtosis_mean_std,3,0.06382978723404255
combined_subject_features,h5__eeg3_kurtosis_std_std,3,0.06382978723404255
combined_subject_features,h5__eeg3_kurtosis_median_std,3,0.06382978723404255
combined_subject_features,h5__eeg3_zero_crossings_mean_std,3,0.06382978723404255
combined_subject_features,h5__eeg3_zero_crossings_std_std,3,0.06382978723404255
combined_subject_features,h5__eeg3_zero_crossings_median_std,3,0.06382978723404255
combined_subject_features,h5__eeg3_hjorth_mobility_mean_std,3,0.06382978723404255
combined_subject_features,h5__eeg3_hjorth_mobility_std_std,3,0.06382978723404255
combined_subject_features,h5__eeg3_hjorth_mobility_median_std,3,0.06382978723404255
combined_subject_features,h5__eeg3_hjorth_complexity_mean_std,3,0.06382978723404255
combined_subject_features,h5__eeg3_hjorth_complexity_std_std,3,0.06382978723404255
combined_subject_features,h5__eeg3_hjorth_complexity_median_std,3,0.06382978723404255
combined_subject_features,h5__eeg3_total_power_0p5_30_mean_std,3,0.06382978723404255
combined_subject_features,h5__eeg3_total_power_0p5_30_std_std,3,0.06382978723404255
combined_subject_features,h5__eeg3_total_power_0p5_30_median_std,3,0.06382978723404255
combined_subject_features,h5__eeg3_delta_power_mean_std,3,0.06382978723404255
combined_subject_features,h5__eeg3_delta_power_std_std,3,0.06382978723404255
combined_subject_features,h5__eeg3_delta_power_median_std,3,0.06382978723404255
combined_subject_features,h5__eeg3_delta_relative_power_mean_std,3,0.06382978723404255
combined_subject_features,h5__eeg3_delta_relative_power_std_std,3,0.06382978723404255
combined_subject_features,h5__eeg3_delta_relative_power_median_std,3,0.06382978723404255
combined_subject_features,h5__eeg3_theta_power_mean_std,3,0.06382978723404255
combined_subject_features,h5__eeg3_theta_power_std_std,3,0.06382978723404255
combined_subject_features,h5__eeg3_theta_power_median_std,3,0.06382978723404255
combined_subject_features,h5__eeg3_theta_relative_power_mean_std,3,0.06382978723404255
combined_subject_features,h5__eeg3_theta_relative_power_std_std,3,0.06382978723404255
combined_subject_features,h5__eeg3_theta_relative_power_median_std,3,0.06382978723404255
combined_subject_features,h5__eeg3_alpha_power_mean_std,3,0.06382978723404255
combined_subject_features,h5__eeg3_alpha_power_std_std,3,0.06382978723404255
combined_subject_features,h5__eeg3_alpha_power_median_std,3,0.06382978723404255
combined_subject_features,h5__eeg3_alpha_relative_power_mean_std,3,0.06382978723404255
combined_subject_features,h5__eeg3_alpha_relative_power_std_std,3,0.06382978723404255
combined_subject_features,h5__eeg3_alpha_relative_power_median_std,3,0.06382978723404255
combined_subject_features,h5__eeg3_sigma_power_mean_std,3,0.06382978723404255
combined_subject_features,h5__eeg3_sigma_power_std_std,3,0.06382978723404255
combined_subject_features,h5__eeg3_sigma_power_median_std,3,0.06382978723404255
combined_subject_features,h5__eeg3_sigma_relative_power_mean_std,3,0.06382978723404255
combined_subject_features,h5__eeg3_sigma_relative_power_std_std,3,0.06382978723404255
combined_subject_features,h5__eeg3_sigma_relative_power_median_std,3,0.06382978723404255
combined_subject_features,h5__eeg3_beta_power_mean_std,3,0.06382978723404255
combined_subject_features,h5__eeg3_beta_power_std_std,3,0.06382978723404255
combined_subject_features,h5__eeg3_beta_power_median_std,3,0.06382978723404255
combined_subject_features,h5__eeg3_beta_relative_power_mean_std,3,0.06382978723404255
combined_subject_features,h5__eeg3_beta_relative_power_std_std,3,0.06382978723404255
combined_subject_features,h5__eeg3_beta_relative_power_median_std,3,0.06382978723404255
combined_subject_features,h5__eeg3_theta_alpha_ratio_mean_std,3,0.06382978723404255
combined_subject_features,h5__eeg3_theta_alpha_ratio_std_std,3,0.06382978723404255
combined_subject_features,h5__eeg3_theta_alpha_ratio_median_std,3,0.06382978723404255
combined_subject_features,h5__eeg3_delta_beta_ratio_mean_std,3,0.06382978723404255
combined_subject_features,h5__eeg3_delta_beta_ratio_std_std,3,0.06382978723404255
combined_subject_features,h5__eeg3_delta_beta_ratio_median_std,3,0.06382978723404255
combined_subject_features,h5__eeg3_delta_sigma_ratio_mean_std,3,0.06382978723404255
combined_subject_features,h5__eeg3_delta_sigma_ratio_std_std,3,0.06382978723404255
combined_subject_features,h5__eeg3_delta_sigma_ratio_median_std,3,0.06382978723404255
combined_subject_features,h5__eeg4_mean_mean_std,3,0.06382978723404255
combined_subject_features,h5__eeg4_mean_std_std,3,0.06382978723404255
combined_subject_features,h5__eeg4_mean_median_std,3,0.06382978723404255
combined_subject_features,h5__eeg4_std_mean_std,3,0.06382978723404255
combined_subject_features,h5__eeg4_std_std_std,3,0.06382978723404255
combined_subject_features,h5__eeg4_std_median_std,3,0.06382978723404255
combined_subject_features,h5__eeg4_iqr_mean_std,3,0.06382978723404255
combined_subject_features,h5__eeg4_iqr_std_std,3,0.06382978723404255
combined_subject_features,h5__eeg4_iqr_median_std,3,0.06382978723404255
combined_subject_features,h5__eeg4_skew_mean_std,3,0.06382978723404255
combined_subject_features,h5__eeg4_skew_std_std,3,0.06382978723404255
combined_subject_features,h5__eeg4_skew_median_std,3,0.06382978723404255
combined_subject_features,h5__eeg4_kurtosis_mean_std,3,0.06382978723404255
combined_subject_features,h5__eeg4_kurtosis_std_std,3,0.06382978723404255
combined_subject_features,h5__eeg4_kurtosis_median_std,3,0.06382978723404255
combined_subject_features,h5__eeg4_zero_crossings_mean_std,3,0.06382978723404255
combined_subject_features,h5__eeg4_zero_crossings_std_std,3,0.06382978723404255
combined_subject_features,h5__eeg4_zero_crossings_median_std,3,0.06382978723404255
combined_subject_features,h5__eeg4_hjorth_mobility_mean_std,3,0.06382978723404255
combined_subject_features,h5__eeg4_hjorth_mobility_std_std,3,0.06382978723404255
combined_subject_features,h5__eeg4_hjorth_mobility_median_std,3,0.06382978723404255
combined_subject_features,h5__eeg4_hjorth_complexity_mean_std,3,0.06382978723404255
combined_subject_features,h5__eeg4_hjorth_complexity_std_std,3,0.06382978723404255
combined_subject_features,h5__eeg4_hjorth_complexity_median_std,3,0.06382978723404255
combined_subject_features,h5__eeg4_total_power_0p5_30_mean_std,3,0.06382978723404255
combined_subject_features,h5__eeg4_total_power_0p5_30_std_std,3,0.06382978723404255
combined_subject_features,h5__eeg4_total_power_0p5_30_median_std,3,0.06382978723404255
combined_subject_features,h5__eeg4_delta_power_mean_std,3,0.06382978723404255
combined_subject_features,h5__eeg4_delta_power_std_std,3,0.06382978723404255
combined_subject_features,h5__eeg4_delta_power_median_std,3,0.06382978723404255
combined_subject_features,h5__eeg4_delta_relative_power_mean_std,3,0.06382978723404255
combined_subject_features,h5__eeg4_delta_relative_power_std_std,3,0.06382978723404255
combined_subject_features,h5__eeg4_delta_relative_power_median_std,3,0.06382978723404255
combined_subject_features,h5__eeg4_theta_power_mean_std,3,0.06382978723404255
combined_subject_features,h5__eeg4_theta_power_std_std,3,0.06382978723404255
combined_subject_features,h5__eeg4_theta_power_median_std,3,0.06382978723404255
combined_subject_features,h5__eeg4_theta_relative_power_mean_std,3,0.06382978723404255
combined_subject_features,h5__eeg4_theta_relative_power_std_std,3,0.06382978723404255
combined_subject_features,h5__eeg4_theta_relative_power_median_std,3,0.06382978723404255
combined_subject_features,h5__eeg4_alpha_power_mean_std,3,0.06382978723404255
combined_subject_features,h5__eeg4_alpha_power_std_std,3,0.06382978723404255
combined_subject_features,h5__eeg4_alpha_power_median_std,3,0.06382978723404255
combined_subject_features,h5__eeg4_alpha_relative_power_mean_std,3,0.06382978723404255
combined_subject_features,h5__eeg4_alpha_relative_power_std_std,3,0.06382978723404255
combined_subject_features,h5__eeg4_alpha_relative_power_median_std,3,0.06382978723404255
combined_subject_features,h5__eeg4_sigma_power_mean_std,3,0.06382978723404255
combined_subject_features,h5__eeg4_sigma_power_std_std,3,0.06382978723404255
combined_subject_features,h5__eeg4_sigma_power_median_std,3,0.06382978723404255
combined_subject_features,h5__eeg4_sigma_relative_power_mean_std,3,0.06382978723404255
combined_subject_features,h5__eeg4_sigma_relative_power_std_std,3,0.06382978723404255
combined_subject_features,h5__eeg4_sigma_relative_power_median_std,3,0.06382978723404255
combined_subject_features,h5__eeg4_beta_power_mean_std,3,0.06382978723404255
combined_subject_features,h5__eeg4_beta_power_std_std,3,0.06382978723404255
combined_subject_features,h5__eeg4_beta_power_median_std,3,0.06382978723404255
combined_subject_features,h5__eeg4_beta_relative_power_mean_std,3,0.06382978723404255
combined_subject_features,h5__eeg4_beta_relative_power_std_std,3,0.06382978723404255
combined_subject_features,h5__eeg4_beta_relative_power_median_std,3,0.06382978723404255
combined_subject_features,h5__eeg4_theta_alpha_ratio_mean_std,3,0.06382978723404255
combined_subject_features,h5__eeg4_theta_alpha_ratio_std_std,3,0.06382978723404255
combined_subject_features,h5__eeg4_theta_alpha_ratio_median_std,3,0.06382978723404255
combined_subject_features,h5__eeg4_delta_beta_ratio_mean_std,3,0.06382978723404255
combined_subject_features,h5__eeg4_delta_beta_ratio_std_std,3,0.06382978723404255
combined_subject_features,h5__eeg4_delta_beta_ratio_median_std,3,0.06382978723404255
combined_subject_features,h5__eeg4_delta_sigma_ratio_mean_std,3,0.06382978723404255
combined_subject_features,h5__eeg4_delta_sigma_ratio_std_std,3,0.06382978723404255
combined_subject_features,h5__eeg4_delta_sigma_ratio_median_std,3,0.06382978723404255
combined_subject_features,report__confidence_last_sleep_mean,1,0.02127659574468085
combined_subject_features,report__confidence_lps_mean,1,0.02127659574468085
combined_subject_features,report__confidence_lrem4_mean,1,0.02127659574468085
combined_subject_features,report__confidence_n1_percentage_mean,1,0.02127659574468085
combined_subject_features,report__confidence_n2_latency_aasm_mean,1,0.02127659574468085
combined_subject_features,report__confidence_n2_percentage_mean,1,0.02127659574468085
combined_subject_features,report__confidence_n3_latency_aasm_mean,1,0.02127659574468085
combined_subject_features,report__confidence_n3_percentage_mean,1,0.02127659574468085
combined_subject_features,report__confidence_nr_of_shifts_mean,1,0.02127659574468085
combined_subject_features,report__confidence_nrem_percentage_mean,1,0.02127659574468085
combined_subject_features,report__confidence_rem_latency_mean,1,0.02127659574468085
combined_subject_features,report__confidence_rem_latency_aasm_mean,1,0.02127659574468085
combined_subject_features,report__confidence_rem_percentage_mean,1,0.02127659574468085
combined_subject_features,report__confidence_sleep_onset_mean,1,0.02127659574468085
combined_subject_features,report__confidence_sol_mean,1,0.02127659574468085
combined_subject_features,report__confidence_sol_aasm_mean,1,0.02127659574468085
combined_subject_features,report__lps_mean,1,0.02127659574468085
combined_subject_features,report__lrem4_mean,1,0.02127659574468085
combined_subject_features,report__n1_percentage_mean,1,0.02127659574468085
combined_subject_features,report__n2_latency_aasm_mean,1,0.02127659574468085
combined_subject_features,report__n2_percentage_mean,1,0.02127659574468085
combined_subject_features,report__n3_latency_aasm_mean,1,0.02127659574468085
combined_subject_features,report__n3_percentage_mean,1,0.02127659574468085
combined_subject_features,report__nr_of_shifts_mean,1,0.02127659574468085
combined_subject_features,report__nrem_percentage_mean,1,0.02127659574468085
combined_subject_features,report__rem_latency_mean,1,0.02127659574468085
combined_subject_features,report__rem_latency_aasm_mean,1,0.02127659574468085
combined_subject_features,report__rem_percentage_mean,1,0.02127659574468085
combined_subject_features,report__respiration_rate_n1_mean,1,0.02127659574468085
combined_subject_features,report__respiration_rate_n2_mean,1,0.02127659574468085
combined_subject_features,report__respiration_rate_n3_mean,1,0.02127659574468085
combined_subject_features,report__respiration_rate_rem_mean,1,0.02127659574468085
combined_subject_features,report__sol_mean,1,0.02127659574468085
combined_subject_features,report__sol_aasm_mean,1,0.02127659574468085
combined_subject_features,report__confidence_last_sleep_median,1,0.02127659574468085
combined_subject_features,report__confidence_lps_median,1,0.02127659574468085
combined_subject_features,report__confidence_lrem4_median,1,0.02127659574468085
combined_subject_features,report__confidence_n1_percentage_median,1,0.02127659574468085
combined_subject_features,report__confidence_n2_latency_aasm_median,1,0.02127659574468085
combined_subject_features,report__confidence_n2_percentage_median,1,0.02127659574468085
combined_subject_features,report__confidence_n3_latency_aasm_median,1,0.02127659574468085
combined_subject_features,report__confidence_n3_percentage_median,1,0.02127659574468085
combined_subject_features,report__confidence_nr_of_shifts_median,1,0.02127659574468085
combined_subject_features,report__confidence_nrem_percentage_median,1,0.02127659574468085
combined_subject_features,report__confidence_rem_latency_median,1,0.02127659574468085
combined_subject_features,report__confidence_rem_latency_aasm_median,1,0.02127659574468085
combined_subject_features,report__confidence_rem_percentage_median,1,0.02127659574468085
combined_subject_features,report__confidence_sleep_onset_median,1,0.02127659574468085
combined_subject_features,report__confidence_sol_median,1,0.02127659574468085
combined_subject_features,report__confidence_sol_aasm_median,1,0.02127659574468085
combined_subject_features,report__lps_median,1,0.02127659574468085
combined_subject_features,report__lrem4_median,1,0.02127659574468085
combined_subject_features,report__n1_percentage_median,1,0.02127659574468085
combined_subject_features,report__n2_latency_aasm_median,1,0.02127659574468085
combined_subject_features,report__n2_percentage_median,1,0.02127659574468085
combined_subject_features,report__n3_latency_aasm_median,1,0.02127659574468085
combined_subject_features,report__n3_percentage_median,1,0.02127659574468085
combined_subject_features,report__nr_of_shifts_median,1,0.02127659574468085
combined_subject_features,report__nrem_percentage_median,1,0.02127659574468085
combined_subject_features,report__rem_latency_median,1,0.02127659574468085
combined_subject_features,report__rem_latency_aasm_median,1,0.02127659574468085
combined_subject_features,report__rem_percentage_median,1,0.02127659574468085
combined_subject_features,report__respiration_rate_n1_median,1,0.02127659574468085
combined_subject_features,report__respiration_rate_n2_median,1,0.02127659574468085
combined_subject_features,report__respiration_rate_n3_median,1,0.02127659574468085
combined_subject_features,report__respiration_rate_rem_median,1,0.02127659574468085
combined_subject_features,report__sol_median,1,0.02127659574468085
combined_subject_features,report__sol_aasm_median,1,0.02127659574468085
combined_subject_features,report__confidence_last_sleep_min,1,0.02127659574468085
combined_subject_features,report__confidence_lps_min,1,0.02127659574468085
combined_subject_features,report__confidence_lrem4_min,1,0.02127659574468085
combined_subject_features,report__confidence_n1_percentage_min,1,0.02127659574468085
combined_subject_features,report__confidence_n2_latency_aasm_min,1,0.02127659574468085
combined_subject_features,report__confidence_n2_percentage_min,1,0.02127659574468085
combined_subject_features,report__confidence_n3_latency_aasm_min,1,0.02127659574468085
combined_subject_features,report__confidence_n3_percentage_min,1,0.02127659574468085
combined_subject_features,report__confidence_nr_of_shifts_min,1,0.02127659574468085
combined_subject_features,report__confidence_nrem_percentage_min,1,0.02127659574468085
combined_subject_features,report__confidence_rem_latency_min,1,0.02127659574468085
combined_subject_features,report__confidence_rem_latency_aasm_min,1,0.02127659574468085
combined_subject_features,report__confidence_rem_percentage_min,1,0.02127659574468085
combined_subject_features,report__confidence_sleep_onset_min,1,0.02127659574468085
combined_subject_features,report__confidence_sol_min,1,0.02127659574468085
combined_subject_features,report__confidence_sol_aasm_min,1,0.02127659574468085
combined_subject_features,report__lps_min,1,0.02127659574468085
combined_subject_features,report__lrem4_min,1,0.02127659574468085
combined_subject_features,report__n1_percentage_min,1,0.02127659574468085
combined_subject_features,report__n2_latency_aasm_min,1,0.02127659574468085
combined_subject_features,report__n2_percentage_min,1,0.02127659574468085
combined_subject_features,report__n3_latency_aasm_min,1,0.02127659574468085
combined_subject_features,report__n3_percentage_min,1,0.02127659574468085
combined_subject_features,report__nr_of_shifts_min,1,0.02127659574468085
combined_subject_features,report__nrem_percentage_min,1,0.02127659574468085
combined_subject_features,report__rem_latency_min,1,0.02127659574468085
combined_subject_features,report__rem_latency_aasm_min,1,0.02127659574468085
combined_subject_features,report__rem_percentage_min,1,0.02127659574468085
combined_subject_features,report__respiration_rate_n1_min,1,0.02127659574468085
combined_subject_features,report__respiration_rate_n2_min,1,0.02127659574468085
combined_subject_features,report__respiration_rate_n3_min,1,0.02127659574468085
combined_subject_features,report__respiration_rate_rem_min,1,0.02127659574468085
combined_subject_features,report__sol_min,1,0.02127659574468085
combined_subject_features,report__sol_aasm_min,1,0.02127659574468085
combined_subject_features,report__confidence_last_sleep_max,1,0.02127659574468085
combined_subject_features,report__confidence_lps_max,1,0.02127659574468085
combined_subject_features,report__confidence_lrem4_max,1,0.02127659574468085
combined_subject_features,report__confidence_n1_percentage_max,1,0.02127659574468085
combined_subject_features,report__confidence_n2_latency_aasm_max,1,0.02127659574468085
combined_subject_features,report__confidence_n2_percentage_max,1,0.02127659574468085
combined_subject_features,report__confidence_n3_latency_aasm_max,1,0.02127659574468085
combined_subject_features,report__confidence_n3_percentage_max,1,0.02127659574468085
combined_subject_features,report__confidence_nr_of_shifts_max,1,0.02127659574468085
combined_subject_features,report__confidence_nrem_percentage_max,1,0.02127659574468085
combined_subject_features,report__confidence_rem_latency_max,1,0.02127659574468085
combined_subject_features,report__confidence_rem_latency_aasm_max,1,0.02127659574468085
combined_subject_features,report__confidence_rem_percentage_max,1,0.02127659574468085
combined_subject_features,report__confidence_sleep_onset_max,1,0.02127659574468085
combined_subject_features,report__confidence_sol_max,1,0.02127659574468085
combined_subject_features,report__confidence_sol_aasm_max,1,0.02127659574468085
combined_subject_features,report__lps_max,1,0.02127659574468085
combined_subject_features,report__lrem4_max,1,0.02127659574468085
combined_subject_features,report__n1_percentage_max,1,0.02127659574468085
combined_subject_features,report__n2_latency_aasm_max,1,0.02127659574468085
combined_subject_features,report__n2_percentage_max,1,0.02127659574468085
combined_subject_features,report__n3_latency_aasm_max,1,0.02127659574468085
combined_subject_features,report__n3_percentage_max,1,0.02127659574468085
combined_subject_features,report__nr_of_shifts_max,1,0.02127659574468085
combined_subject_features,report__nrem_percentage_max,1,0.02127659574468085
combined_subject_features,report__rem_latency_max,1,0.02127659574468085
combined_subject_features,report__rem_latency_aasm_max,1,0.02127659574468085
combined_subject_features,report__rem_percentage_max,1,0.02127659574468085
combined_subject_features,report__respiration_rate_n1_max,1,0.02127659574468085
combined_subject_features,report__respiration_rate_n2_max,1,0.02127659574468085
combined_subject_features,report__respiration_rate_n3_max,1,0.02127659574468085
combined_subject_features,report__respiration_rate_rem_max,1,0.02127659574468085
combined_subject_features,report__sol_max,1,0.02127659574468085
combined_subject_features,report__sol_aasm_max,1,0.02127659574468085
combined_subject_features,h5__N1_percentage_mean,1,0.02127659574468085
combined_subject_features,h5__N2_percentage_mean,1,0.02127659574468085
combined_subject_features,h5__N3_percentage_mean,1,0.02127659574468085
combined_subject_features,h5__REM_percentage_mean,1,0.02127659574468085
combined_subject_features,h5__N1_percentage_median,1,0.02127659574468085
combined_subject_features,h5__N2_percentage_median,1,0.02127659574468085
combined_subject_features,h5__N3_percentage_median,1,0.02127659574468085
combined_subject_features,h5__REM_percentage_median,1,0.02127659574468085
combined_subject_features,h5__N1_percentage_min,1,0.02127659574468085
combined_subject_features,h5__N2_percentage_min,1,0.02127659574468085
combined_subject_features,h5__N3_percentage_min,1,0.02127659574468085
combined_subject_features,h5__REM_percentage_min,1,0.02127659574468085
combined_subject_features,h5__N1_percentage_max,1,0.02127659574468085
combined_subject_features,h5__N2_percentage_max,1,0.02127659574468085
combined_subject_features,h5__N3_percentage_max,1,0.02127659574468085
combined_subject_features,h5__REM_percentage_max,1,0.02127659574468085
combined_subject_features,patient_id,0,0.0
combined_subject_features,NRID,0,0.0
combined_subject_features,sex,0,0.0
combined_subject_features,age,0,0.0
combined_subject_features,diagnosis,0,0.0
combined_subject_features,binary_target,0,0.0
combined_subject_features,report__average_respiration_rate_mean,0,0.0
combined_subject_features,report__awakenings_mean,0,0.0
combined_subject_features,report__confidence_awakenings_mean,0,0.0
combined_subject_features,report__confidence_n1_duration_mean,0,0.0
combined_subject_features,report__confidence_n2_duration_mean,0,0.0
combined_subject_features,report__confidence_n3_duration_mean,0,0.0
combined_subject_features,report__confidence_nrem_duration_mean,0,0.0
combined_subject_features,report__confidence_rem_duration_mean,0,0.0
combined_subject_features,report__confidence_sleep_efficiency_mean,0,0.0
combined_subject_features,report__confidence_tst_mean,0,0.0
combined_subject_features,report__confidence_wake_duration_mean,0,0.0
combined_subject_features,report__confidence_waso_mean,0,0.0
combined_subject_features,report__confidence_waso_aasm_mean,0,0.0
combined_subject_features,report__micro_arousal_index_mean,0,0.0
combined_subject_features,report__n1_duration_mean,0,0.0
combined_subject_features,report__n2_duration_mean,0,0.0
combined_subject_features,report__n3_duration_mean,0,0.0
combined_subject_features,report__nrem_duration_mean,0,0.0
combined_subject_features,report__proportion_off_head_mean,0,0.0
combined_subject_features,report__proportion_scorable_and_on_head_mean,0,0.0
combined_subject_features,report__quality_index_F7_O1_mean,0,0.0
combined_subject_features,report__quality_index_F7_O2_mean,0,0.0
combined_subject_features,report__quality_index_F8_F7_mean,0,0.0
combined_subject_features,report__quality_index_F8_O1_mean,0,0.0
combined_subject_features,report__quality_index_F8_O2_mean,0,0.0
combined_subject_features,report__record_duration_mean,0,0.0
combined_subject_features,report__record_quality_index_mean,0,0.0
combined_subject_features,report__rem_duration_mean,0,0.0
combined_subject_features,report__respiration_rate_wake_mean,0,0.0
combined_subject_features,report__sleep_efficiency_mean,0,0.0
combined_subject_features,report__tst_mean,0,0.0
combined_subject_features,report__wake_duration_mean,0,0.0
combined_subject_features,report__waso_mean,0,0.0
combined_subject_features,report__waso_aasm_mean,0,0.0
combined_subject_features,report__average_respiration_rate_median,0,0.0
combined_subject_features,report__awakenings_median,0,0.0
combined_subject_features,report__confidence_awakenings_median,0,0.0
combined_subject_features,report__confidence_n1_duration_median,0,0.0
combined_subject_features,report__confidence_n2_duration_median,0,0.0
combined_subject_features,report__confidence_n3_duration_median,0,0.0
combined_subject_features,report__confidence_nrem_duration_median,0,0.0
combined_subject_features,report__confidence_rem_duration_median,0,0.0
combined_subject_features,report__confidence_sleep_efficiency_median,0,0.0
combined_subject_features,report__confidence_tst_median,0,0.0
combined_subject_features,report__confidence_wake_duration_median,0,0.0
combined_subject_features,report__confidence_waso_median,0,0.0
combined_subject_features,report__confidence_waso_aasm_median,0,0.0
combined_subject_features,report__micro_arousal_index_median,0,0.0
combined_subject_features,report__n1_duration_median,0,0.0
combined_subject_features,report__n2_duration_median,0,0.0
combined_subject_features,report__n3_duration_median,0,0.0
combined_subject_features,report__nrem_duration_median,0,0.0
combined_subject_features,report__proportion_off_head_median,0,0.0
combined_subject_features,report__proportion_scorable_and_on_head_median,0,0.0
combined_subject_features,report__quality_index_F7_O1_median,0,0.0
combined_subject_features,report__quality_index_F7_O2_median,0,0.0
combined_subject_features,report__quality_index_F8_F7_median,0,0.0
combined_subject_features,report__quality_index_F8_O1_median,0,0.0
combined_subject_features,report__quality_index_F8_O2_median,0,0.0
combined_subject_features,report__record_duration_median,0,0.0
combined_subject_features,report__record_quality_index_median,0,0.0
combined_subject_features,report__rem_duration_median,0,0.0
combined_subject_features,report__respiration_rate_wake_median,0,0.0
combined_subject_features,report__sleep_efficiency_median,0,0.0
combined_subject_features,report__tst_median,0,0.0
combined_subject_features,report__wake_duration_median,0,0.0
combined_subject_features,report__waso_median,0,0.0
combined_subject_features,report__waso_aasm_median,0,0.0
combined_subject_features,report__average_respiration_rate_min,0,0.0
combined_subject_features,report__awakenings_min,0,0.0
combined_subject_features,report__confidence_awakenings_min,0,0.0
combined_subject_features,report__confidence_n1_duration_min,0,0.0
combined_subject_features,report__confidence_n2_duration_min,0,0.0
combined_subject_features,report__confidence_n3_duration_min,0,0.0
combined_subject_features,report__confidence_nrem_duration_min,0,0.0
combined_subject_features,report__confidence_rem_duration_min,0,0.0
combined_subject_features,report__confidence_sleep_efficiency_min,0,0.0
combined_subject_features,report__confidence_tst_min,0,0.0
combined_subject_features,report__confidence_wake_duration_min,0,0.0
combined_subject_features,report__confidence_waso_min,0,0.0
combined_subject_features,report__confidence_waso_aasm_min,0,0.0
combined_subject_features,report__micro_arousal_index_min,0,0.0
combined_subject_features,report__n1_duration_min,0,0.0
combined_subject_features,report__n2_duration_min,0,0.0
combined_subject_features,report__n3_duration_min,0,0.0
combined_subject_features,report__nrem_duration_min,0,0.0
combined_subject_features,report__proportion_off_head_min,0,0.0
combined_subject_features,report__proportion_scorable_and_on_head_min,0,0.0
combined_subject_features,report__quality_index_F7_O1_min,0,0.0
combined_subject_features,report__quality_index_F7_O2_min,0,0.0
combined_subject_features,report__quality_index_F8_F7_min,0,0.0
combined_subject_features,report__quality_index_F8_O1_min,0,0.0
combined_subject_features,report__quality_index_F8_O2_min,0,0.0
combined_subject_features,report__record_duration_min,0,0.0
combined_subject_features,report__record_quality_index_min,0,0.0
combined_subject_features,report__rem_duration_min,0,0.0
combined_subject_features,report__respiration_rate_wake_min,0,0.0
combined_subject_features,report__sleep_efficiency_min,0,0.0
combined_subject_features,report__tst_min,0,0.0
combined_subject_features,report__wake_duration_min,0,0.0
combined_subject_features,report__waso_min,0,0.0
combined_subject_features,report__waso_aasm_min,0,0.0
combined_subject_features,report__average_respiration_rate_max,0,0.0
combined_subject_features,report__awakenings_max,0,0.0
combined_subject_features,report__confidence_awakenings_max,0,0.0
combined_subject_features,report__confidence_n1_duration_max,0,0.0
combined_subject_features,report__confidence_n2_duration_max,0,0.0
combined_subject_features,report__confidence_n3_duration_max,0,0.0
combined_subject_features,report__confidence_nrem_duration_max,0,0.0
combined_subject_features,report__confidence_rem_duration_max,0,0.0
combined_subject_features,report__confidence_sleep_efficiency_max,0,0.0
combined_subject_features,report__confidence_tst_max,0,0.0
combined_subject_features,report__confidence_wake_duration_max,0,0.0
combined_subject_features,report__confidence_waso_max,0,0.0
combined_subject_features,report__confidence_waso_aasm_max,0,0.0
combined_subject_features,report__micro_arousal_index_max,0,0.0
combined_subject_features,report__n1_duration_max,0,0.0
combined_subject_features,report__n2_duration_max,0,0.0
combined_subject_features,report__n3_duration_max,0,0.0
combined_subject_features,report__nrem_duration_max,0,0.0
combined_subject_features,report__proportion_off_head_max,0,0.0
combined_subject_features,report__proportion_scorable_and_on_head_max,0,0.0
combined_subject_features,report__quality_index_F7_O1_max,0,0.0
combined_subject_features,report__quality_index_F7_O2_max,0,0.0
combined_subject_features,report__quality_index_F8_F7_max,0,0.0
combined_subject_features,report__quality_index_F8_O1_max,0,0.0
combined_subject_features,report__quality_index_F8_O2_max,0,0.0
combined_subject_features,report__record_duration_max,0,0.0
combined_subject_features,report__record_quality_index_max,0,0.0
combined_subject_features,report__rem_duration_max,0,0.0
combined_subject_features,report__respiration_rate_wake_max,0,0.0
combined_subject_features,report__sleep_efficiency_max,0,0.0
combined_subject_features,report__tst_max,0,0.0
combined_subject_features,report__wake_duration_max,0,0.0
combined_subject_features,report__waso_max,0,0.0
combined_subject_features,report__waso_aasm_max,0,0.0
combined_subject_features,h5__n_epochs_mean,0,0.0
combined_subject_features,h5__wake_epochs_mean,0,0.0
combined_subject_features,h5__sleep_epochs_mean,0,0.0
combined_subject_features,h5__tst_minutes_from_hypnogram_mean,0,0.0
combined_subject_features,h5__sleep_efficiency_epoch_ratio_mean,0,0.0
combined_subject_features,h5__Wake_epochs_mean,0,0.0
combined_subject_features,h5__N1_epochs_mean,0,0.0
combined_subject_features,h5__N2_epochs_mean,0,0.0
combined_subject_features,h5__N3_epochs_mean,0,0.0
combined_subject_features,h5__REM_epochs_mean,0,0.0
combined_subject_features,h5__eeg1_mean_mean_mean,0,0.0
combined_subject_features,h5__eeg1_mean_std_mean,0,0.0
combined_subject_features,h5__eeg1_mean_median_mean,0,0.0
combined_subject_features,h5__eeg1_std_mean_mean,0,0.0
combined_subject_features,h5__eeg1_std_std_mean,0,0.0
combined_subject_features,h5__eeg1_std_median_mean,0,0.0
combined_subject_features,h5__eeg1_iqr_mean_mean,0,0.0
combined_subject_features,h5__eeg1_iqr_std_mean,0,0.0
combined_subject_features,h5__eeg1_iqr_median_mean,0,0.0
combined_subject_features,h5__eeg1_skew_mean_mean,0,0.0
combined_subject_features,h5__eeg1_skew_std_mean,0,0.0
combined_subject_features,h5__eeg1_skew_median_mean,0,0.0
combined_subject_features,h5__eeg1_kurtosis_mean_mean,0,0.0
combined_subject_features,h5__eeg1_kurtosis_std_mean,0,0.0
combined_subject_features,h5__eeg1_kurtosis_median_mean,0,0.0
combined_subject_features,h5__eeg1_zero_crossings_mean_mean,0,0.0
combined_subject_features,h5__eeg1_zero_crossings_std_mean,0,0.0
combined_subject_features,h5__eeg1_zero_crossings_median_mean,0,0.0
combined_subject_features,h5__eeg1_hjorth_mobility_mean_mean,0,0.0
combined_subject_features,h5__eeg1_hjorth_mobility_std_mean,0,0.0
combined_subject_features,h5__eeg1_hjorth_mobility_median_mean,0,0.0
combined_subject_features,h5__eeg1_hjorth_complexity_mean_mean,0,0.0
combined_subject_features,h5__eeg1_hjorth_complexity_std_mean,0,0.0
combined_subject_features,h5__eeg1_hjorth_complexity_median_mean,0,0.0
combined_subject_features,h5__eeg1_total_power_0p5_30_mean_mean,0,0.0
combined_subject_features,h5__eeg1_total_power_0p5_30_std_mean,0,0.0
combined_subject_features,h5__eeg1_total_power_0p5_30_median_mean,0,0.0
combined_subject_features,h5__eeg1_delta_power_mean_mean,0,0.0
combined_subject_features,h5__eeg1_delta_power_std_mean,0,0.0
combined_subject_features,h5__eeg1_delta_power_median_mean,0,0.0
combined_subject_features,h5__eeg1_delta_relative_power_mean_mean,0,0.0
combined_subject_features,h5__eeg1_delta_relative_power_std_mean,0,0.0
combined_subject_features,h5__eeg1_delta_relative_power_median_mean,0,0.0
combined_subject_features,h5__eeg1_theta_power_mean_mean,0,0.0
combined_subject_features,h5__eeg1_theta_power_std_mean,0,0.0
combined_subject_features,h5__eeg1_theta_power_median_mean,0,0.0
combined_subject_features,h5__eeg1_theta_relative_power_mean_mean,0,0.0
combined_subject_features,h5__eeg1_theta_relative_power_std_mean,0,0.0
combined_subject_features,h5__eeg1_theta_relative_power_median_mean,0,0.0
combined_subject_features,h5__eeg1_alpha_power_mean_mean,0,0.0
combined_subject_features,h5__eeg1_alpha_power_std_mean,0,0.0
combined_subject_features,h5__eeg1_alpha_power_median_mean,0,0.0
combined_subject_features,h5__eeg1_alpha_relative_power_mean_mean,0,0.0
combined_subject_features,h5__eeg1_alpha_relative_power_std_mean,0,0.0
combined_subject_features,h5__eeg1_alpha_relative_power_median_mean,0,0.0
combined_subject_features,h5__eeg1_sigma_power_mean_mean,0,0.0
combined_subject_features,h5__eeg1_sigma_power_std_mean,0,0.0
combined_subject_features,h5__eeg1_sigma_power_median_mean,0,0.0
combined_subject_features,h5__eeg1_sigma_relative_power_mean_mean,0,0.0
combined_subject_features,h5__eeg1_sigma_relative_power_std_mean,0,0.0
combined_subject_features,h5__eeg1_sigma_relative_power_median_mean,0,0.0
combined_subject_features,h5__eeg1_beta_power_mean_mean,0,0.0
combined_subject_features,h5__eeg1_beta_power_std_mean,0,0.0
combined_subject_features,h5__eeg1_beta_power_median_mean,0,0.0
combined_subject_features,h5__eeg1_beta_relative_power_mean_mean,0,0.0
combined_subject_features,h5__eeg1_beta_relative_power_std_mean,0,0.0
combined_subject_features,h5__eeg1_beta_relative_power_median_mean,0,0.0
combined_subject_features,h5__eeg1_theta_alpha_ratio_mean_mean,0,0.0
combined_subject_features,h5__eeg1_theta_alpha_ratio_std_mean,0,0.0
combined_subject_features,h5__eeg1_theta_alpha_ratio_median_mean,0,0.0
combined_subject_features,h5__eeg1_delta_beta_ratio_mean_mean,0,0.0
combined_subject_features,h5__eeg1_delta_beta_ratio_std_mean,0,0.0
combined_subject_features,h5__eeg1_delta_beta_ratio_median_mean,0,0.0
combined_subject_features,h5__eeg1_delta_sigma_ratio_mean_mean,0,0.0
combined_subject_features,h5__eeg1_delta_sigma_ratio_std_mean,0,0.0
combined_subject_features,h5__eeg1_delta_sigma_ratio_median_mean,0,0.0
combined_subject_features,h5__eeg2_mean_mean_mean,0,0.0
combined_subject_features,h5__eeg2_mean_std_mean,0,0.0
combined_subject_features,h5__eeg2_mean_median_mean,0,0.0
combined_subject_features,h5__eeg2_std_mean_mean,0,0.0
combined_subject_features,h5__eeg2_std_std_mean,0,0.0
combined_subject_features,h5__eeg2_std_median_mean,0,0.0
combined_subject_features,h5__eeg2_iqr_mean_mean,0,0.0
combined_subject_features,h5__eeg2_iqr_std_mean,0,0.0
combined_subject_features,h5__eeg2_iqr_median_mean,0,0.0
combined_subject_features,h5__eeg2_skew_mean_mean,0,0.0
combined_subject_features,h5__eeg2_skew_std_mean,0,0.0
combined_subject_features,h5__eeg2_skew_median_mean,0,0.0
combined_subject_features,h5__eeg2_kurtosis_mean_mean,0,0.0
combined_subject_features,h5__eeg2_kurtosis_std_mean,0,0.0
combined_subject_features,h5__eeg2_kurtosis_median_mean,0,0.0
combined_subject_features,h5__eeg2_zero_crossings_mean_mean,0,0.0
combined_subject_features,h5__eeg2_zero_crossings_std_mean,0,0.0
combined_subject_features,h5__eeg2_zero_crossings_median_mean,0,0.0
combined_subject_features,h5__eeg2_hjorth_mobility_mean_mean,0,0.0
combined_subject_features,h5__eeg2_hjorth_mobility_std_mean,0,0.0
combined_subject_features,h5__eeg2_hjorth_mobility_median_mean,0,0.0
combined_subject_features,h5__eeg2_hjorth_complexity_mean_mean,0,0.0
combined_subject_features,h5__eeg2_hjorth_complexity_std_mean,0,0.0
combined_subject_features,h5__eeg2_hjorth_complexity_median_mean,0,0.0
combined_subject_features,h5__eeg2_total_power_0p5_30_mean_mean,0,0.0
combined_subject_features,h5__eeg2_total_power_0p5_30_std_mean,0,0.0
combined_subject_features,h5__eeg2_total_power_0p5_30_median_mean,0,0.0
combined_subject_features,h5__eeg2_delta_power_mean_mean,0,0.0
combined_subject_features,h5__eeg2_delta_power_std_mean,0,0.0
combined_subject_features,h5__eeg2_delta_power_median_mean,0,0.0
combined_subject_features,h5__eeg2_delta_relative_power_mean_mean,0,0.0
combined_subject_features,h5__eeg2_delta_relative_power_std_mean,0,0.0
combined_subject_features,h5__eeg2_delta_relative_power_median_mean,0,0.0
combined_subject_features,h5__eeg2_theta_power_mean_mean,0,0.0
combined_subject_features,h5__eeg2_theta_power_std_mean,0,0.0
combined_subject_features,h5__eeg2_theta_power_median_mean,0,0.0
combined_subject_features,h5__eeg2_theta_relative_power_mean_mean,0,0.0
combined_subject_features,h5__eeg2_theta_relative_power_std_mean,0,0.0
combined_subject_features,h5__eeg2_theta_relative_power_median_mean,0,0.0
combined_subject_features,h5__eeg2_alpha_power_mean_mean,0,0.0
combined_subject_features,h5__eeg2_alpha_power_std_mean,0,0.0
combined_subject_features,h5__eeg2_alpha_power_median_mean,0,0.0
combined_subject_features,h5__eeg2_alpha_relative_power_mean_mean,0,0.0
combined_subject_features,h5__eeg2_alpha_relative_power_std_mean,0,0.0
combined_subject_features,h5__eeg2_alpha_relative_power_median_mean,0,0.0
combined_subject_features,h5__eeg2_sigma_power_mean_mean,0,0.0
combined_subject_features,h5__eeg2_sigma_power_std_mean,0,0.0
combined_subject_features,h5__eeg2_sigma_power_median_mean,0,0.0
combined_subject_features,h5__eeg2_sigma_relative_power_mean_mean,0,0.0
combined_subject_features,h5__eeg2_sigma_relative_power_std_mean,0,0.0
combined_subject_features,h5__eeg2_sigma_relative_power_median_mean,0,0.0
combined_subject_features,h5__eeg2_beta_power_mean_mean,0,0.0
combined_subject_features,h5__eeg2_beta_power_std_mean,0,0.0
combined_subject_features,h5__eeg2_beta_power_median_mean,0,0.0
combined_subject_features,h5__eeg2_beta_relative_power_mean_mean,0,0.0
combined_subject_features,h5__eeg2_beta_relative_power_std_mean,0,0.0
combined_subject_features,h5__eeg2_beta_relative_power_median_mean,0,0.0
combined_subject_features,h5__eeg2_theta_alpha_ratio_mean_mean,0,0.0
combined_subject_features,h5__eeg2_theta_alpha_ratio_std_mean,0,0.0
combined_subject_features,h5__eeg2_theta_alpha_ratio_median_mean,0,0.0
combined_subject_features,h5__eeg2_delta_beta_ratio_mean_mean,0,0.0
combined_subject_features,h5__eeg2_delta_beta_ratio_std_mean,0,0.0
combined_subject_features,h5__eeg2_delta_beta_ratio_median_mean,0,0.0
combined_subject_features,h5__eeg2_delta_sigma_ratio_mean_mean,0,0.0
combined_subject_features,h5__eeg2_delta_sigma_ratio_std_mean,0,0.0
combined_subject_features,h5__eeg2_delta_sigma_ratio_median_mean,0,0.0
combined_subject_features,h5__eeg3_mean_mean_mean,0,0.0
combined_subject_features,h5__eeg3_mean_std_mean,0,0.0
combined_subject_features,h5__eeg3_mean_median_mean,0,0.0
combined_subject_features,h5__eeg3_std_mean_mean,0,0.0
combined_subject_features,h5__eeg3_std_std_mean,0,0.0
combined_subject_features,h5__eeg3_std_median_mean,0,0.0
combined_subject_features,h5__eeg3_iqr_mean_mean,0,0.0
combined_subject_features,h5__eeg3_iqr_std_mean,0,0.0
combined_subject_features,h5__eeg3_iqr_median_mean,0,0.0
combined_subject_features,h5__eeg3_skew_mean_mean,0,0.0
combined_subject_features,h5__eeg3_skew_std_mean,0,0.0
combined_subject_features,h5__eeg3_skew_median_mean,0,0.0
combined_subject_features,h5__eeg3_kurtosis_mean_mean,0,0.0
combined_subject_features,h5__eeg3_kurtosis_std_mean,0,0.0
combined_subject_features,h5__eeg3_kurtosis_median_mean,0,0.0
combined_subject_features,h5__eeg3_zero_crossings_mean_mean,0,0.0
combined_subject_features,h5__eeg3_zero_crossings_std_mean,0,0.0
combined_subject_features,h5__eeg3_zero_crossings_median_mean,0,0.0
combined_subject_features,h5__eeg3_hjorth_mobility_mean_mean,0,0.0
combined_subject_features,h5__eeg3_hjorth_mobility_std_mean,0,0.0
combined_subject_features,h5__eeg3_hjorth_mobility_median_mean,0,0.0
combined_subject_features,h5__eeg3_hjorth_complexity_mean_mean,0,0.0
combined_subject_features,h5__eeg3_hjorth_complexity_std_mean,0,0.0
combined_subject_features,h5__eeg3_hjorth_complexity_median_mean,0,0.0
combined_subject_features,h5__eeg3_total_power_0p5_30_mean_mean,0,0.0
combined_subject_features,h5__eeg3_total_power_0p5_30_std_mean,0,0.0
combined_subject_features,h5__eeg3_total_power_0p5_30_median_mean,0,0.0
combined_subject_features,h5__eeg3_delta_power_mean_mean,0,0.0
combined_subject_features,h5__eeg3_delta_power_std_mean,0,0.0
combined_subject_features,h5__eeg3_delta_power_median_mean,0,0.0
combined_subject_features,h5__eeg3_delta_relative_power_mean_mean,0,0.0
combined_subject_features,h5__eeg3_delta_relative_power_std_mean,0,0.0
combined_subject_features,h5__eeg3_delta_relative_power_median_mean,0,0.0
combined_subject_features,h5__eeg3_theta_power_mean_mean,0,0.0
combined_subject_features,h5__eeg3_theta_power_std_mean,0,0.0
combined_subject_features,h5__eeg3_theta_power_median_mean,0,0.0
combined_subject_features,h5__eeg3_theta_relative_power_mean_mean,0,0.0
combined_subject_features,h5__eeg3_theta_relative_power_std_mean,0,0.0
combined_subject_features,h5__eeg3_theta_relative_power_median_mean,0,0.0
combined_subject_features,h5__eeg3_alpha_power_mean_mean,0,0.0
combined_subject_features,h5__eeg3_alpha_power_std_mean,0,0.0
combined_subject_features,h5__eeg3_alpha_power_median_mean,0,0.0
combined_subject_features,h5__eeg3_alpha_relative_power_mean_mean,0,0.0
combined_subject_features,h5__eeg3_alpha_relative_power_std_mean,0,0.0
combined_subject_features,h5__eeg3_alpha_relative_power_median_mean,0,0.0
combined_subject_features,h5__eeg3_sigma_power_mean_mean,0,0.0
combined_subject_features,h5__eeg3_sigma_power_std_mean,0,0.0
combined_subject_features,h5__eeg3_sigma_power_median_mean,0,0.0
combined_subject_features,h5__eeg3_sigma_relative_power_mean_mean,0,0.0
combined_subject_features,h5__eeg3_sigma_relative_power_std_mean,0,0.0
combined_subject_features,h5__eeg3_sigma_relative_power_median_mean,0,0.0
combined_subject_features,h5__eeg3_beta_power_mean_mean,0,0.0
combined_subject_features,h5__eeg3_beta_power_std_mean,0,0.0
combined_subject_features,h5__eeg3_beta_power_median_mean,0,0.0
combined_subject_features,h5__eeg3_beta_relative_power_mean_mean,0,0.0
combined_subject_features,h5__eeg3_beta_relative_power_std_mean,0,0.0
combined_subject_features,h5__eeg3_beta_relative_power_median_mean,0,0.0
combined_subject_features,h5__eeg3_theta_alpha_ratio_mean_mean,0,0.0
combined_subject_features,h5__eeg3_theta_alpha_ratio_std_mean,0,0.0
combined_subject_features,h5__eeg3_theta_alpha_ratio_median_mean,0,0.0
combined_subject_features,h5__eeg3_delta_beta_ratio_mean_mean,0,0.0
combined_subject_features,h5__eeg3_delta_beta_ratio_std_mean,0,0.0
combined_subject_features,h5__eeg3_delta_beta_ratio_median_mean,0,0.0
combined_subject_features,h5__eeg3_delta_sigma_ratio_mean_mean,0,0.0
combined_subject_features,h5__eeg3_delta_sigma_ratio_std_mean,0,0.0
combined_subject_features,h5__eeg3_delta_sigma_ratio_median_mean,0,0.0
combined_subject_features,h5__eeg4_mean_mean_mean,0,0.0
combined_subject_features,h5__eeg4_mean_std_mean,0,0.0
combined_subject_features,h5__eeg4_mean_median_mean,0,0.0
combined_subject_features,h5__eeg4_std_mean_mean,0,0.0
combined_subject_features,h5__eeg4_std_std_mean,0,0.0
combined_subject_features,h5__eeg4_std_median_mean,0,0.0
combined_subject_features,h5__eeg4_iqr_mean_mean,0,0.0
combined_subject_features,h5__eeg4_iqr_std_mean,0,0.0
combined_subject_features,h5__eeg4_iqr_median_mean,0,0.0
combined_subject_features,h5__eeg4_skew_mean_mean,0,0.0
combined_subject_features,h5__eeg4_skew_std_mean,0,0.0
combined_subject_features,h5__eeg4_skew_median_mean,0,0.0
combined_subject_features,h5__eeg4_kurtosis_mean_mean,0,0.0
combined_subject_features,h5__eeg4_kurtosis_std_mean,0,0.0
combined_subject_features,h5__eeg4_kurtosis_median_mean,0,0.0
combined_subject_features,h5__eeg4_zero_crossings_mean_mean,0,0.0
combined_subject_features,h5__eeg4_zero_crossings_std_mean,0,0.0
combined_subject_features,h5__eeg4_zero_crossings_median_mean,0,0.0
combined_subject_features,h5__eeg4_hjorth_mobility_mean_mean,0,0.0
combined_subject_features,h5__eeg4_hjorth_mobility_std_mean,0,0.0
combined_subject_features,h5__eeg4_hjorth_mobility_median_mean,0,0.0
combined_subject_features,h5__eeg4_hjorth_complexity_mean_mean,0,0.0
combined_subject_features,h5__eeg4_hjorth_complexity_std_mean,0,0.0
combined_subject_features,h5__eeg4_hjorth_complexity_median_mean,0,0.0
combined_subject_features,h5__eeg4_total_power_0p5_30_mean_mean,0,0.0
combined_subject_features,h5__eeg4_total_power_0p5_30_std_mean,0,0.0
combined_subject_features,h5__eeg4_total_power_0p5_30_median_mean,0,0.0
combined_subject_features,h5__eeg4_delta_power_mean_mean,0,0.0
combined_subject_features,h5__eeg4_delta_power_std_mean,0,0.0
combined_subject_features,h5__eeg4_delta_power_median_mean,0,0.0
combined_subject_features,h5__eeg4_delta_relative_power_mean_mean,0,0.0
combined_subject_features,h5__eeg4_delta_relative_power_std_mean,0,0.0
combined_subject_features,h5__eeg4_delta_relative_power_median_mean,0,0.0
combined_subject_features,h5__eeg4_theta_power_mean_mean,0,0.0
combined_subject_features,h5__eeg4_theta_power_std_mean,0,0.0
combined_subject_features,h5__eeg4_theta_power_median_mean,0,0.0
combined_subject_features,h5__eeg4_theta_relative_power_mean_mean,0,0.0
combined_subject_features,h5__eeg4_theta_relative_power_std_mean,0,0.0
combined_subject_features,h5__eeg4_theta_relative_power_median_mean,0,0.0
combined_subject_features,h5__eeg4_alpha_power_mean_mean,0,0.0
combined_subject_features,h5__eeg4_alpha_power_std_mean,0,0.0
combined_subject_features,h5__eeg4_alpha_power_median_mean,0,0.0
combined_subject_features,h5__eeg4_alpha_relative_power_mean_mean,0,0.0
combined_subject_features,h5__eeg4_alpha_relative_power_std_mean,0,0.0
combined_subject_features,h5__eeg4_alpha_relative_power_median_mean,0,0.0
combined_subject_features,h5__eeg4_sigma_power_mean_mean,0,0.0
combined_subject_features,h5__eeg4_sigma_power_std_mean,0,0.0
combined_subject_features,h5__eeg4_sigma_power_median_mean,0,0.0
combined_subject_features,h5__eeg4_sigma_relative_power_mean_mean,0,0.0
combined_subject_features,h5__eeg4_sigma_relative_power_std_mean,0,0.0
combined_subject_features,h5__eeg4_sigma_relative_power_median_mean,0,0.0
combined_subject_features,h5__eeg4_beta_power_mean_mean,0,0.0
combined_subject_features,h5__eeg4_beta_power_std_mean,0,0.0
combined_subject_features,h5__eeg4_beta_power_median_mean,0,0.0
combined_subject_features,h5__eeg4_beta_relative_power_mean_mean,0,0.0
combined_subject_features,h5__eeg4_beta_relative_power_std_mean,0,0.0
combined_subject_features,h5__eeg4_beta_relative_power_median_mean,0,0.0
combined_subject_features,h5__eeg4_theta_alpha_ratio_mean_mean,0,0.0
combined_subject_features,h5__eeg4_theta_alpha_ratio_std_mean,0,0.0
combined_subject_features,h5__eeg4_theta_alpha_ratio_median_mean,0,0.0
combined_subject_features,h5__eeg4_delta_beta_ratio_mean_mean,0,0.0
combined_subject_features,h5__eeg4_delta_beta_ratio_std_mean,0,0.0
combined_subject_features,h5__eeg4_delta_beta_ratio_median_mean,0,0.0
combined_subject_features,h5__eeg4_delta_sigma_ratio_mean_mean,0,0.0
combined_subject_features,h5__eeg4_delta_sigma_ratio_std_mean,0,0.0
combined_subject_features,h5__eeg4_delta_sigma_ratio_median_mean,0,0.0
combined_subject_features,h5__n_epochs_median,0,0.0
combined_subject_features,h5__wake_epochs_median,0,0.0
combined_subject_features,h5__sleep_epochs_median,0,0.0
combined_subject_features,h5__tst_minutes_from_hypnogram_median,0,0.0
combined_subject_features,h5__sleep_efficiency_epoch_ratio_median,0,0.0
combined_subject_features,h5__Wake_epochs_median,0,0.0
combined_subject_features,h5__N1_epochs_median,0,0.0
combined_subject_features,h5__N2_epochs_median,0,0.0
combined_subject_features,h5__N3_epochs_median,0,0.0
combined_subject_features,h5__REM_epochs_median,0,0.0
combined_subject_features,h5__eeg1_mean_mean_median,0,0.0
combined_subject_features,h5__eeg1_mean_std_median,0,0.0
combined_subject_features,h5__eeg1_mean_median_median,0,0.0
combined_subject_features,h5__eeg1_std_mean_median,0,0.0
combined_subject_features,h5__eeg1_std_std_median,0,0.0
combined_subject_features,h5__eeg1_std_median_median,0,0.0
combined_subject_features,h5__eeg1_iqr_mean_median,0,0.0
combined_subject_features,h5__eeg1_iqr_std_median,0,0.0
combined_subject_features,h5__eeg1_iqr_median_median,0,0.0
combined_subject_features,h5__eeg1_skew_mean_median,0,0.0
combined_subject_features,h5__eeg1_skew_std_median,0,0.0
combined_subject_features,h5__eeg1_skew_median_median,0,0.0
combined_subject_features,h5__eeg1_kurtosis_mean_median,0,0.0
combined_subject_features,h5__eeg1_kurtosis_std_median,0,0.0
combined_subject_features,h5__eeg1_kurtosis_median_median,0,0.0
combined_subject_features,h5__eeg1_zero_crossings_mean_median,0,0.0
combined_subject_features,h5__eeg1_zero_crossings_std_median,0,0.0
combined_subject_features,h5__eeg1_zero_crossings_median_median,0,0.0
combined_subject_features,h5__eeg1_hjorth_mobility_mean_median,0,0.0
combined_subject_features,h5__eeg1_hjorth_mobility_std_median,0,0.0
combined_subject_features,h5__eeg1_hjorth_mobility_median_median,0,0.0
combined_subject_features,h5__eeg1_hjorth_complexity_mean_median,0,0.0
combined_subject_features,h5__eeg1_hjorth_complexity_std_median,0,0.0
combined_subject_features,h5__eeg1_hjorth_complexity_median_median,0,0.0
combined_subject_features,h5__eeg1_total_power_0p5_30_mean_median,0,0.0
combined_subject_features,h5__eeg1_total_power_0p5_30_std_median,0,0.0
combined_subject_features,h5__eeg1_total_power_0p5_30_median_median,0,0.0
combined_subject_features,h5__eeg1_delta_power_mean_median,0,0.0
combined_subject_features,h5__eeg1_delta_power_std_median,0,0.0
combined_subject_features,h5__eeg1_delta_power_median_median,0,0.0
combined_subject_features,h5__eeg1_delta_relative_power_mean_median,0,0.0
combined_subject_features,h5__eeg1_delta_relative_power_std_median,0,0.0
combined_subject_features,h5__eeg1_delta_relative_power_median_median,0,0.0
combined_subject_features,h5__eeg1_theta_power_mean_median,0,0.0
combined_subject_features,h5__eeg1_theta_power_std_median,0,0.0
combined_subject_features,h5__eeg1_theta_power_median_median,0,0.0
combined_subject_features,h5__eeg1_theta_relative_power_mean_median,0,0.0
combined_subject_features,h5__eeg1_theta_relative_power_std_median,0,0.0
combined_subject_features,h5__eeg1_theta_relative_power_median_median,0,0.0
combined_subject_features,h5__eeg1_alpha_power_mean_median,0,0.0
combined_subject_features,h5__eeg1_alpha_power_std_median,0,0.0
combined_subject_features,h5__eeg1_alpha_power_median_median,0,0.0
combined_subject_features,h5__eeg1_alpha_relative_power_mean_median,0,0.0
combined_subject_features,h5__eeg1_alpha_relative_power_std_median,0,0.0
combined_subject_features,h5__eeg1_alpha_relative_power_median_median,0,0.0
combined_subject_features,h5__eeg1_sigma_power_mean_median,0,0.0
combined_subject_features,h5__eeg1_sigma_power_std_median,0,0.0
combined_subject_features,h5__eeg1_sigma_power_median_median,0,0.0
combined_subject_features,h5__eeg1_sigma_relative_power_mean_median,0,0.0
combined_subject_features,h5__eeg1_sigma_relative_power_std_median,0,0.0
combined_subject_features,h5__eeg1_sigma_relative_power_median_median,0,0.0
combined_subject_features,h5__eeg1_beta_power_mean_median,0,0.0
combined_subject_features,h5__eeg1_beta_power_std_median,0,0.0
combined_subject_features,h5__eeg1_beta_power_median_median,0,0.0
combined_subject_features,h5__eeg1_beta_relative_power_mean_median,0,0.0
combined_subject_features,h5__eeg1_beta_relative_power_std_median,0,0.0
combined_subject_features,h5__eeg1_beta_relative_power_median_median,0,0.0
combined_subject_features,h5__eeg1_theta_alpha_ratio_mean_median,0,0.0
combined_subject_features,h5__eeg1_theta_alpha_ratio_std_median,0,0.0
combined_subject_features,h5__eeg1_theta_alpha_ratio_median_median,0,0.0
combined_subject_features,h5__eeg1_delta_beta_ratio_mean_median,0,0.0
combined_subject_features,h5__eeg1_delta_beta_ratio_std_median,0,0.0
combined_subject_features,h5__eeg1_delta_beta_ratio_median_median,0,0.0
combined_subject_features,h5__eeg1_delta_sigma_ratio_mean_median,0,0.0
combined_subject_features,h5__eeg1_delta_sigma_ratio_std_median,0,0.0
combined_subject_features,h5__eeg1_delta_sigma_ratio_median_median,0,0.0
combined_subject_features,h5__eeg2_mean_mean_median,0,0.0
combined_subject_features,h5__eeg2_mean_std_median,0,0.0
combined_subject_features,h5__eeg2_mean_median_median,0,0.0
combined_subject_features,h5__eeg2_std_mean_median,0,0.0
combined_subject_features,h5__eeg2_std_std_median,0,0.0
combined_subject_features,h5__eeg2_std_median_median,0,0.0
combined_subject_features,h5__eeg2_iqr_mean_median,0,0.0
combined_subject_features,h5__eeg2_iqr_std_median,0,0.0
combined_subject_features,h5__eeg2_iqr_median_median,0,0.0
combined_subject_features,h5__eeg2_skew_mean_median,0,0.0
combined_subject_features,h5__eeg2_skew_std_median,0,0.0
combined_subject_features,h5__eeg2_skew_median_median,0,0.0
combined_subject_features,h5__eeg2_kurtosis_mean_median,0,0.0
combined_subject_features,h5__eeg2_kurtosis_std_median,0,0.0
combined_subject_features,h5__eeg2_kurtosis_median_median,0,0.0
combined_subject_features,h5__eeg2_zero_crossings_mean_median,0,0.0
combined_subject_features,h5__eeg2_zero_crossings_std_median,0,0.0
combined_subject_features,h5__eeg2_zero_crossings_median_median,0,0.0
combined_subject_features,h5__eeg2_hjorth_mobility_mean_median,0,0.0
combined_subject_features,h5__eeg2_hjorth_mobility_std_median,0,0.0
combined_subject_features,h5__eeg2_hjorth_mobility_median_median,0,0.0
combined_subject_features,h5__eeg2_hjorth_complexity_mean_median,0,0.0
combined_subject_features,h5__eeg2_hjorth_complexity_std_median,0,0.0
combined_subject_features,h5__eeg2_hjorth_complexity_median_median,0,0.0
combined_subject_features,h5__eeg2_total_power_0p5_30_mean_median,0,0.0
combined_subject_features,h5__eeg2_total_power_0p5_30_std_median,0,0.0
combined_subject_features,h5__eeg2_total_power_0p5_30_median_median,0,0.0
combined_subject_features,h5__eeg2_delta_power_mean_median,0,0.0
combined_subject_features,h5__eeg2_delta_power_std_median,0,0.0
combined_subject_features,h5__eeg2_delta_power_median_median,0,0.0
combined_subject_features,h5__eeg2_delta_relative_power_mean_median,0,0.0
combined_subject_features,h5__eeg2_delta_relative_power_std_median,0,0.0
combined_subject_features,h5__eeg2_delta_relative_power_median_median,0,0.0
combined_subject_features,h5__eeg2_theta_power_mean_median,0,0.0
combined_subject_features,h5__eeg2_theta_power_std_median,0,0.0
combined_subject_features,h5__eeg2_theta_power_median_median,0,0.0
combined_subject_features,h5__eeg2_theta_relative_power_mean_median,0,0.0
combined_subject_features,h5__eeg2_theta_relative_power_std_median,0,0.0
combined_subject_features,h5__eeg2_theta_relative_power_median_median,0,0.0
combined_subject_features,h5__eeg2_alpha_power_mean_median,0,0.0
combined_subject_features,h5__eeg2_alpha_power_std_median,0,0.0
combined_subject_features,h5__eeg2_alpha_power_median_median,0,0.0
combined_subject_features,h5__eeg2_alpha_relative_power_mean_median,0,0.0
combined_subject_features,h5__eeg2_alpha_relative_power_std_median,0,0.0
combined_subject_features,h5__eeg2_alpha_relative_power_median_median,0,0.0
combined_subject_features,h5__eeg2_sigma_power_mean_median,0,0.0
combined_subject_features,h5__eeg2_sigma_power_std_median,0,0.0
combined_subject_features,h5__eeg2_sigma_power_median_median,0,0.0
combined_subject_features,h5__eeg2_sigma_relative_power_mean_median,0,0.0
combined_subject_features,h5__eeg2_sigma_relative_power_std_median,0,0.0
combined_subject_features,h5__eeg2_sigma_relative_power_median_median,0,0.0
combined_subject_features,h5__eeg2_beta_power_mean_median,0,0.0
combined_subject_features,h5__eeg2_beta_power_std_median,0,0.0
combined_subject_features,h5__eeg2_beta_power_median_median,0,0.0
combined_subject_features,h5__eeg2_beta_relative_power_mean_median,0,0.0
combined_subject_features,h5__eeg2_beta_relative_power_std_median,0,0.0
combined_subject_features,h5__eeg2_beta_relative_power_median_median,0,0.0
combined_subject_features,h5__eeg2_theta_alpha_ratio_mean_median,0,0.0
combined_subject_features,h5__eeg2_theta_alpha_ratio_std_median,0,0.0
combined_subject_features,h5__eeg2_theta_alpha_ratio_median_median,0,0.0
combined_subject_features,h5__eeg2_delta_beta_ratio_mean_median,0,0.0
combined_subject_features,h5__eeg2_delta_beta_ratio_std_median,0,0.0
combined_subject_features,h5__eeg2_delta_beta_ratio_median_median,0,0.0
combined_subject_features,h5__eeg2_delta_sigma_ratio_mean_median,0,0.0
combined_subject_features,h5__eeg2_delta_sigma_ratio_std_median,0,0.0
combined_subject_features,h5__eeg2_delta_sigma_ratio_median_median,0,0.0
combined_subject_features,h5__eeg3_mean_mean_median,0,0.0
combined_subject_features,h5__eeg3_mean_std_median,0,0.0
combined_subject_features,h5__eeg3_mean_median_median,0,0.0
combined_subject_features,h5__eeg3_std_mean_median,0,0.0
combined_subject_features,h5__eeg3_std_std_median,0,0.0
combined_subject_features,h5__eeg3_std_median_median,0,0.0
combined_subject_features,h5__eeg3_iqr_mean_median,0,0.0
combined_subject_features,h5__eeg3_iqr_std_median,0,0.0
combined_subject_features,h5__eeg3_iqr_median_median,0,0.0
combined_subject_features,h5__eeg3_skew_mean_median,0,0.0
combined_subject_features,h5__eeg3_skew_std_median,0,0.0
combined_subject_features,h5__eeg3_skew_median_median,0,0.0
combined_subject_features,h5__eeg3_kurtosis_mean_median,0,0.0
combined_subject_features,h5__eeg3_kurtosis_std_median,0,0.0
combined_subject_features,h5__eeg3_kurtosis_median_median,0,0.0
combined_subject_features,h5__eeg3_zero_crossings_mean_median,0,0.0
combined_subject_features,h5__eeg3_zero_crossings_std_median,0,0.0
combined_subject_features,h5__eeg3_zero_crossings_median_median,0,0.0
combined_subject_features,h5__eeg3_hjorth_mobility_mean_median,0,0.0
combined_subject_features,h5__eeg3_hjorth_mobility_std_median,0,0.0
combined_subject_features,h5__eeg3_hjorth_mobility_median_median,0,0.0
combined_subject_features,h5__eeg3_hjorth_complexity_mean_median,0,0.0
combined_subject_features,h5__eeg3_hjorth_complexity_std_median,0,0.0
combined_subject_features,h5__eeg3_hjorth_complexity_median_median,0,0.0
combined_subject_features,h5__eeg3_total_power_0p5_30_mean_median,0,0.0
combined_subject_features,h5__eeg3_total_power_0p5_30_std_median,0,0.0
combined_subject_features,h5__eeg3_total_power_0p5_30_median_median,0,0.0
combined_subject_features,h5__eeg3_delta_power_mean_median,0,0.0
combined_subject_features,h5__eeg3_delta_power_std_median,0,0.0
combined_subject_features,h5__eeg3_delta_power_median_median,0,0.0
combined_subject_features,h5__eeg3_delta_relative_power_mean_median,0,0.0
combined_subject_features,h5__eeg3_delta_relative_power_std_median,0,0.0
combined_subject_features,h5__eeg3_delta_relative_power_median_median,0,0.0
combined_subject_features,h5__eeg3_theta_power_mean_median,0,0.0
combined_subject_features,h5__eeg3_theta_power_std_median,0,0.0
combined_subject_features,h5__eeg3_theta_power_median_median,0,0.0
combined_subject_features,h5__eeg3_theta_relative_power_mean_median,0,0.0
combined_subject_features,h5__eeg3_theta_relative_power_std_median,0,0.0
combined_subject_features,h5__eeg3_theta_relative_power_median_median,0,0.0
combined_subject_features,h5__eeg3_alpha_power_mean_median,0,0.0
combined_subject_features,h5__eeg3_alpha_power_std_median,0,0.0
combined_subject_features,h5__eeg3_alpha_power_median_median,0,0.0
combined_subject_features,h5__eeg3_alpha_relative_power_mean_median,0,0.0
combined_subject_features,h5__eeg3_alpha_relative_power_std_median,0,0.0
combined_subject_features,h5__eeg3_alpha_relative_power_median_median,0,0.0
combined_subject_features,h5__eeg3_sigma_power_mean_median,0,0.0
combined_subject_features,h5__eeg3_sigma_power_std_median,0,0.0
combined_subject_features,h5__eeg3_sigma_power_median_median,0,0.0
combined_subject_features,h5__eeg3_sigma_relative_power_mean_median,0,0.0
combined_subject_features,h5__eeg3_sigma_relative_power_std_median,0,0.0
combined_subject_features,h5__eeg3_sigma_relative_power_median_median,0,0.0
combined_subject_features,h5__eeg3_beta_power_mean_median,0,0.0
combined_subject_features,h5__eeg3_beta_power_std_median,0,0.0
combined_subject_features,h5__eeg3_beta_power_median_median,0,0.0
combined_subject_features,h5__eeg3_beta_relative_power_mean_median,0,0.0
combined_subject_features,h5__eeg3_beta_relative_power_std_median,0,0.0
combined_subject_features,h5__eeg3_beta_relative_power_median_median,0,0.0
combined_subject_features,h5__eeg3_theta_alpha_ratio_mean_median,0,0.0
combined_subject_features,h5__eeg3_theta_alpha_ratio_std_median,0,0.0
combined_subject_features,h5__eeg3_theta_alpha_ratio_median_median,0,0.0
combined_subject_features,h5__eeg3_delta_beta_ratio_mean_median,0,0.0
combined_subject_features,h5__eeg3_delta_beta_ratio_std_median,0,0.0
combined_subject_features,h5__eeg3_delta_beta_ratio_median_median,0,0.0
combined_subject_features,h5__eeg3_delta_sigma_ratio_mean_median,0,0.0
combined_subject_features,h5__eeg3_delta_sigma_ratio_std_median,0,0.0
combined_subject_features,h5__eeg3_delta_sigma_ratio_median_median,0,0.0
combined_subject_features,h5__eeg4_mean_mean_median,0,0.0
combined_subject_features,h5__eeg4_mean_std_median,0,0.0
combined_subject_features,h5__eeg4_mean_median_median,0,0.0
combined_subject_features,h5__eeg4_std_mean_median,0,0.0
combined_subject_features,h5__eeg4_std_std_median,0,0.0
combined_subject_features,h5__eeg4_std_median_median,0,0.0
combined_subject_features,h5__eeg4_iqr_mean_median,0,0.0
combined_subject_features,h5__eeg4_iqr_std_median,0,0.0
combined_subject_features,h5__eeg4_iqr_median_median,0,0.0
combined_subject_features,h5__eeg4_skew_mean_median,0,0.0
combined_subject_features,h5__eeg4_skew_std_median,0,0.0
combined_subject_features,h5__eeg4_skew_median_median,0,0.0
combined_subject_features,h5__eeg4_kurtosis_mean_median,0,0.0
combined_subject_features,h5__eeg4_kurtosis_std_median,0,0.0
combined_subject_features,h5__eeg4_kurtosis_median_median,0,0.0
combined_subject_features,h5__eeg4_zero_crossings_mean_median,0,0.0
combined_subject_features,h5__eeg4_zero_crossings_std_median,0,0.0
combined_subject_features,h5__eeg4_zero_crossings_median_median,0,0.0
combined_subject_features,h5__eeg4_hjorth_mobility_mean_median,0,0.0
combined_subject_features,h5__eeg4_hjorth_mobility_std_median,0,0.0
combined_subject_features,h5__eeg4_hjorth_mobility_median_median,0,0.0
combined_subject_features,h5__eeg4_hjorth_complexity_mean_median,0,0.0
combined_subject_features,h5__eeg4_hjorth_complexity_std_median,0,0.0
combined_subject_features,h5__eeg4_hjorth_complexity_median_median,0,0.0
combined_subject_features,h5__eeg4_total_power_0p5_30_mean_median,0,0.0
combined_subject_features,h5__eeg4_total_power_0p5_30_std_median,0,0.0
combined_subject_features,h5__eeg4_total_power_0p5_30_median_median,0,0.0
combined_subject_features,h5__eeg4_delta_power_mean_median,0,0.0
combined_subject_features,h5__eeg4_delta_power_std_median,0,0.0
combined_subject_features,h5__eeg4_delta_power_median_median,0,0.0
combined_subject_features,h5__eeg4_delta_relative_power_mean_median,0,0.0
combined_subject_features,h5__eeg4_delta_relative_power_std_median,0,0.0
combined_subject_features,h5__eeg4_delta_relative_power_median_median,0,0.0
combined_subject_features,h5__eeg4_theta_power_mean_median,0,0.0
combined_subject_features,h5__eeg4_theta_power_std_median,0,0.0
combined_subject_features,h5__eeg4_theta_power_median_median,0,0.0
combined_subject_features,h5__eeg4_theta_relative_power_mean_median,0,0.0
combined_subject_features,h5__eeg4_theta_relative_power_std_median,0,0.0
combined_subject_features,h5__eeg4_theta_relative_power_median_median,0,0.0
combined_subject_features,h5__eeg4_alpha_power_mean_median,0,0.0
combined_subject_features,h5__eeg4_alpha_power_std_median,0,0.0
combined_subject_features,h5__eeg4_alpha_power_median_median,0,0.0
combined_subject_features,h5__eeg4_alpha_relative_power_mean_median,0,0.0
combined_subject_features,h5__eeg4_alpha_relative_power_std_median,0,0.0
combined_subject_features,h5__eeg4_alpha_relative_power_median_median,0,0.0
combined_subject_features,h5__eeg4_sigma_power_mean_median,0,0.0
combined_subject_features,h5__eeg4_sigma_power_std_median,0,0.0
combined_subject_features,h5__eeg4_sigma_power_median_median,0,0.0
combined_subject_features,h5__eeg4_sigma_relative_power_mean_median,0,0.0
combined_subject_features,h5__eeg4_sigma_relative_power_std_median,0,0.0
combined_subject_features,h5__eeg4_sigma_relative_power_median_median,0,0.0
combined_subject_features,h5__eeg4_beta_power_mean_median,0,0.0
combined_subject_features,h5__eeg4_beta_power_std_median,0,0.0
combined_subject_features,h5__eeg4_beta_power_median_median,0,0.0
combined_subject_features,h5__eeg4_beta_relative_power_mean_median,0,0.0
combined_subject_features,h5__eeg4_beta_relative_power_std_median,0,0.0
combined_subject_features,h5__eeg4_beta_relative_power_median_median,0,0.0
combined_subject_features,h5__eeg4_theta_alpha_ratio_mean_median,0,0.0
combined_subject_features,h5__eeg4_theta_alpha_ratio_std_median,0,0.0
combined_subject_features,h5__eeg4_theta_alpha_ratio_median_median,0,0.0
combined_subject_features,h5__eeg4_delta_beta_ratio_mean_median,0,0.0
combined_subject_features,h5__eeg4_delta_beta_ratio_std_median,0,0.0
combined_subject_features,h5__eeg4_delta_beta_ratio_median_median,0,0.0
combined_subject_features,h5__eeg4_delta_sigma_ratio_mean_median,0,0.0
combined_subject_features,h5__eeg4_delta_sigma_ratio_std_median,0,0.0
combined_subject_features,h5__eeg4_delta_sigma_ratio_median_median,0,0.0
combined_subject_features,h5__n_epochs_min,0,0.0
combined_subject_features,h5__wake_epochs_min,0,0.0
combined_subject_features,h5__sleep_epochs_min,0,0.0
combined_subject_features,h5__tst_minutes_from_hypnogram_min,0,0.0
combined_subject_features,h5__sleep_efficiency_epoch_ratio_min,0,0.0
combined_subject_features,h5__Wake_epochs_min,0,0.0
combined_subject_features,h5__N1_epochs_min,0,0.0
combined_subject_features,h5__N2_epochs_min,0,0.0
combined_subject_features,h5__N3_epochs_min,0,0.0
combined_subject_features,h5__REM_epochs_min,0,0.0
combined_subject_features,h5__eeg1_mean_mean_min,0,0.0
combined_subject_features,h5__eeg1_mean_std_min,0,0.0
combined_subject_features,h5__eeg1_mean_median_min,0,0.0
combined_subject_features,h5__eeg1_std_mean_min,0,0.0
combined_subject_features,h5__eeg1_std_std_min,0,0.0
combined_subject_features,h5__eeg1_std_median_min,0,0.0
combined_subject_features,h5__eeg1_iqr_mean_min,0,0.0
combined_subject_features,h5__eeg1_iqr_std_min,0,0.0
combined_subject_features,h5__eeg1_iqr_median_min,0,0.0
combined_subject_features,h5__eeg1_skew_mean_min,0,0.0
combined_subject_features,h5__eeg1_skew_std_min,0,0.0
combined_subject_features,h5__eeg1_skew_median_min,0,0.0
combined_subject_features,h5__eeg1_kurtosis_mean_min,0,0.0
combined_subject_features,h5__eeg1_kurtosis_std_min,0,0.0
combined_subject_features,h5__eeg1_kurtosis_median_min,0,0.0
combined_subject_features,h5__eeg1_zero_crossings_mean_min,0,0.0
combined_subject_features,h5__eeg1_zero_crossings_std_min,0,0.0
combined_subject_features,h5__eeg1_zero_crossings_median_min,0,0.0
combined_subject_features,h5__eeg1_hjorth_mobility_mean_min,0,0.0
combined_subject_features,h5__eeg1_hjorth_mobility_std_min,0,0.0
combined_subject_features,h5__eeg1_hjorth_mobility_median_min,0,0.0
combined_subject_features,h5__eeg1_hjorth_complexity_mean_min,0,0.0
combined_subject_features,h5__eeg1_hjorth_complexity_std_min,0,0.0
combined_subject_features,h5__eeg1_hjorth_complexity_median_min,0,0.0
combined_subject_features,h5__eeg1_total_power_0p5_30_mean_min,0,0.0
combined_subject_features,h5__eeg1_total_power_0p5_30_std_min,0,0.0
combined_subject_features,h5__eeg1_total_power_0p5_30_median_min,0,0.0
combined_subject_features,h5__eeg1_delta_power_mean_min,0,0.0
combined_subject_features,h5__eeg1_delta_power_std_min,0,0.0
combined_subject_features,h5__eeg1_delta_power_median_min,0,0.0
combined_subject_features,h5__eeg1_delta_relative_power_mean_min,0,0.0
combined_subject_features,h5__eeg1_delta_relative_power_std_min,0,0.0
combined_subject_features,h5__eeg1_delta_relative_power_median_min,0,0.0
combined_subject_features,h5__eeg1_theta_power_mean_min,0,0.0
combined_subject_features,h5__eeg1_theta_power_std_min,0,0.0
combined_subject_features,h5__eeg1_theta_power_median_min,0,0.0
combined_subject_features,h5__eeg1_theta_relative_power_mean_min,0,0.0
combined_subject_features,h5__eeg1_theta_relative_power_std_min,0,0.0
combined_subject_features,h5__eeg1_theta_relative_power_median_min,0,0.0
combined_subject_features,h5__eeg1_alpha_power_mean_min,0,0.0
combined_subject_features,h5__eeg1_alpha_power_std_min,0,0.0
combined_subject_features,h5__eeg1_alpha_power_median_min,0,0.0
combined_subject_features,h5__eeg1_alpha_relative_power_mean_min,0,0.0
combined_subject_features,h5__eeg1_alpha_relative_power_std_min,0,0.0
combined_subject_features,h5__eeg1_alpha_relative_power_median_min,0,0.0
combined_subject_features,h5__eeg1_sigma_power_mean_min,0,0.0
combined_subject_features,h5__eeg1_sigma_power_std_min,0,0.0
combined_subject_features,h5__eeg1_sigma_power_median_min,0,0.0
combined_subject_features,h5__eeg1_sigma_relative_power_mean_min,0,0.0
combined_subject_features,h5__eeg1_sigma_relative_power_std_min,0,0.0
combined_subject_features,h5__eeg1_sigma_relative_power_median_min,0,0.0
combined_subject_features,h5__eeg1_beta_power_mean_min,0,0.0
combined_subject_features,h5__eeg1_beta_power_std_min,0,0.0
combined_subject_features,h5__eeg1_beta_power_median_min,0,0.0
combined_subject_features,h5__eeg1_beta_relative_power_mean_min,0,0.0
combined_subject_features,h5__eeg1_beta_relative_power_std_min,0,0.0
combined_subject_features,h5__eeg1_beta_relative_power_median_min,0,0.0
combined_subject_features,h5__eeg1_theta_alpha_ratio_mean_min,0,0.0
combined_subject_features,h5__eeg1_theta_alpha_ratio_std_min,0,0.0
combined_subject_features,h5__eeg1_theta_alpha_ratio_median_min,0,0.0
combined_subject_features,h5__eeg1_delta_beta_ratio_mean_min,0,0.0
combined_subject_features,h5__eeg1_delta_beta_ratio_std_min,0,0.0
combined_subject_features,h5__eeg1_delta_beta_ratio_median_min,0,0.0
combined_subject_features,h5__eeg1_delta_sigma_ratio_mean_min,0,0.0
combined_subject_features,h5__eeg1_delta_sigma_ratio_std_min,0,0.0
combined_subject_features,h5__eeg1_delta_sigma_ratio_median_min,0,0.0
combined_subject_features,h5__eeg2_mean_mean_min,0,0.0
combined_subject_features,h5__eeg2_mean_std_min,0,0.0
combined_subject_features,h5__eeg2_mean_median_min,0,0.0
combined_subject_features,h5__eeg2_std_mean_min,0,0.0
combined_subject_features,h5__eeg2_std_std_min,0,0.0
combined_subject_features,h5__eeg2_std_median_min,0,0.0
combined_subject_features,h5__eeg2_iqr_mean_min,0,0.0
combined_subject_features,h5__eeg2_iqr_std_min,0,0.0
combined_subject_features,h5__eeg2_iqr_median_min,0,0.0
combined_subject_features,h5__eeg2_skew_mean_min,0,0.0
combined_subject_features,h5__eeg2_skew_std_min,0,0.0
combined_subject_features,h5__eeg2_skew_median_min,0,0.0
combined_subject_features,h5__eeg2_kurtosis_mean_min,0,0.0
combined_subject_features,h5__eeg2_kurtosis_std_min,0,0.0
combined_subject_features,h5__eeg2_kurtosis_median_min,0,0.0
combined_subject_features,h5__eeg2_zero_crossings_mean_min,0,0.0
combined_subject_features,h5__eeg2_zero_crossings_std_min,0,0.0
combined_subject_features,h5__eeg2_zero_crossings_median_min,0,0.0
combined_subject_features,h5__eeg2_hjorth_mobility_mean_min,0,0.0
combined_subject_features,h5__eeg2_hjorth_mobility_std_min,0,0.0
combined_subject_features,h5__eeg2_hjorth_mobility_median_min,0,0.0
combined_subject_features,h5__eeg2_hjorth_complexity_mean_min,0,0.0
combined_subject_features,h5__eeg2_hjorth_complexity_std_min,0,0.0
combined_subject_features,h5__eeg2_hjorth_complexity_median_min,0,0.0
combined_subject_features,h5__eeg2_total_power_0p5_30_mean_min,0,0.0
combined_subject_features,h5__eeg2_total_power_0p5_30_std_min,0,0.0
combined_subject_features,h5__eeg2_total_power_0p5_30_median_min,0,0.0
combined_subject_features,h5__eeg2_delta_power_mean_min,0,0.0
combined_subject_features,h5__eeg2_delta_power_std_min,0,0.0
combined_subject_features,h5__eeg2_delta_power_median_min,0,0.0
combined_subject_features,h5__eeg2_delta_relative_power_mean_min,0,0.0
combined_subject_features,h5__eeg2_delta_relative_power_std_min,0,0.0
combined_subject_features,h5__eeg2_delta_relative_power_median_min,0,0.0
combined_subject_features,h5__eeg2_theta_power_mean_min,0,0.0
combined_subject_features,h5__eeg2_theta_power_std_min,0,0.0
combined_subject_features,h5__eeg2_theta_power_median_min,0,0.0
combined_subject_features,h5__eeg2_theta_relative_power_mean_min,0,0.0
combined_subject_features,h5__eeg2_theta_relative_power_std_min,0,0.0
combined_subject_features,h5__eeg2_theta_relative_power_median_min,0,0.0
combined_subject_features,h5__eeg2_alpha_power_mean_min,0,0.0
combined_subject_features,h5__eeg2_alpha_power_std_min,0,0.0
combined_subject_features,h5__eeg2_alpha_power_median_min,0,0.0
combined_subject_features,h5__eeg2_alpha_relative_power_mean_min,0,0.0
combined_subject_features,h5__eeg2_alpha_relative_power_std_min,0,0.0
combined_subject_features,h5__eeg2_alpha_relative_power_median_min,0,0.0
combined_subject_features,h5__eeg2_sigma_power_mean_min,0,0.0
combined_subject_features,h5__eeg2_sigma_power_std_min,0,0.0
combined_subject_features,h5__eeg2_sigma_power_median_min,0,0.0
combined_subject_features,h5__eeg2_sigma_relative_power_mean_min,0,0.0
combined_subject_features,h5__eeg2_sigma_relative_power_std_min,0,0.0
combined_subject_features,h5__eeg2_sigma_relative_power_median_min,0,0.0
combined_subject_features,h5__eeg2_beta_power_mean_min,0,0.0
combined_subject_features,h5__eeg2_beta_power_std_min,0,0.0
combined_subject_features,h5__eeg2_beta_power_median_min,0,0.0
combined_subject_features,h5__eeg2_beta_relative_power_mean_min,0,0.0
combined_subject_features,h5__eeg2_beta_relative_power_std_min,0,0.0
combined_subject_features,h5__eeg2_beta_relative_power_median_min,0,0.0
combined_subject_features,h5__eeg2_theta_alpha_ratio_mean_min,0,0.0
combined_subject_features,h5__eeg2_theta_alpha_ratio_std_min,0,0.0
combined_subject_features,h5__eeg2_theta_alpha_ratio_median_min,0,0.0
combined_subject_features,h5__eeg2_delta_beta_ratio_mean_min,0,0.0
combined_subject_features,h5__eeg2_delta_beta_ratio_std_min,0,0.0
combined_subject_features,h5__eeg2_delta_beta_ratio_median_min,0,0.0
combined_subject_features,h5__eeg2_delta_sigma_ratio_mean_min,0,0.0
combined_subject_features,h5__eeg2_delta_sigma_ratio_std_min,0,0.0
combined_subject_features,h5__eeg2_delta_sigma_ratio_median_min,0,0.0
combined_subject_features,h5__eeg3_mean_mean_min,0,0.0
combined_subject_features,h5__eeg3_mean_std_min,0,0.0
combined_subject_features,h5__eeg3_mean_median_min,0,0.0
combined_subject_features,h5__eeg3_std_mean_min,0,0.0
combined_subject_features,h5__eeg3_std_std_min,0,0.0
combined_subject_features,h5__eeg3_std_median_min,0,0.0
combined_subject_features,h5__eeg3_iqr_mean_min,0,0.0
combined_subject_features,h5__eeg3_iqr_std_min,0,0.0
combined_subject_features,h5__eeg3_iqr_median_min,0,0.0
combined_subject_features,h5__eeg3_skew_mean_min,0,0.0
combined_subject_features,h5__eeg3_skew_std_min,0,0.0
combined_subject_features,h5__eeg3_skew_median_min,0,0.0
combined_subject_features,h5__eeg3_kurtosis_mean_min,0,0.0
combined_subject_features,h5__eeg3_kurtosis_std_min,0,0.0
combined_subject_features,h5__eeg3_kurtosis_median_min,0,0.0
combined_subject_features,h5__eeg3_zero_crossings_mean_min,0,0.0
combined_subject_features,h5__eeg3_zero_crossings_std_min,0,0.0
combined_subject_features,h5__eeg3_zero_crossings_median_min,0,0.0
combined_subject_features,h5__eeg3_hjorth_mobility_mean_min,0,0.0
combined_subject_features,h5__eeg3_hjorth_mobility_std_min,0,0.0
combined_subject_features,h5__eeg3_hjorth_mobility_median_min,0,0.0
combined_subject_features,h5__eeg3_hjorth_complexity_mean_min,0,0.0
combined_subject_features,h5__eeg3_hjorth_complexity_std_min,0,0.0
combined_subject_features,h5__eeg3_hjorth_complexity_median_min,0,0.0
combined_subject_features,h5__eeg3_total_power_0p5_30_mean_min,0,0.0
combined_subject_features,h5__eeg3_total_power_0p5_30_std_min,0,0.0
combined_subject_features,h5__eeg3_total_power_0p5_30_median_min,0,0.0
combined_subject_features,h5__eeg3_delta_power_mean_min,0,0.0
combined_subject_features,h5__eeg3_delta_power_std_min,0,0.0
combined_subject_features,h5__eeg3_delta_power_median_min,0,0.0
combined_subject_features,h5__eeg3_delta_relative_power_mean_min,0,0.0
combined_subject_features,h5__eeg3_delta_relative_power_std_min,0,0.0
combined_subject_features,h5__eeg3_delta_relative_power_median_min,0,0.0
combined_subject_features,h5__eeg3_theta_power_mean_min,0,0.0
combined_subject_features,h5__eeg3_theta_power_std_min,0,0.0
combined_subject_features,h5__eeg3_theta_power_median_min,0,0.0
combined_subject_features,h5__eeg3_theta_relative_power_mean_min,0,0.0
combined_subject_features,h5__eeg3_theta_relative_power_std_min,0,0.0
combined_subject_features,h5__eeg3_theta_relative_power_median_min,0,0.0
combined_subject_features,h5__eeg3_alpha_power_mean_min,0,0.0
combined_subject_features,h5__eeg3_alpha_power_std_min,0,0.0
combined_subject_features,h5__eeg3_alpha_power_median_min,0,0.0
combined_subject_features,h5__eeg3_alpha_relative_power_mean_min,0,0.0
combined_subject_features,h5__eeg3_alpha_relative_power_std_min,0,0.0
combined_subject_features,h5__eeg3_alpha_relative_power_median_min,0,0.0
combined_subject_features,h5__eeg3_sigma_power_mean_min,0,0.0
combined_subject_features,h5__eeg3_sigma_power_std_min,0,0.0
combined_subject_features,h5__eeg3_sigma_power_median_min,0,0.0
combined_subject_features,h5__eeg3_sigma_relative_power_mean_min,0,0.0
combined_subject_features,h5__eeg3_sigma_relative_power_std_min,0,0.0
combined_subject_features,h5__eeg3_sigma_relative_power_median_min,0,0.0
combined_subject_features,h5__eeg3_beta_power_mean_min,0,0.0
combined_subject_features,h5__eeg3_beta_power_std_min,0,0.0
combined_subject_features,h5__eeg3_beta_power_median_min,0,0.0
combined_subject_features,h5__eeg3_beta_relative_power_mean_min,0,0.0
combined_subject_features,h5__eeg3_beta_relative_power_std_min,0,0.0
combined_subject_features,h5__eeg3_beta_relative_power_median_min,0,0.0
combined_subject_features,h5__eeg3_theta_alpha_ratio_mean_min,0,0.0
combined_subject_features,h5__eeg3_theta_alpha_ratio_std_min,0,0.0
combined_subject_features,h5__eeg3_theta_alpha_ratio_median_min,0,0.0
combined_subject_features,h5__eeg3_delta_beta_ratio_mean_min,0,0.0
combined_subject_features,h5__eeg3_delta_beta_ratio_std_min,0,0.0
combined_subject_features,h5__eeg3_delta_beta_ratio_median_min,0,0.0
combined_subject_features,h5__eeg3_delta_sigma_ratio_mean_min,0,0.0
combined_subject_features,h5__eeg3_delta_sigma_ratio_std_min,0,0.0
combined_subject_features,h5__eeg3_delta_sigma_ratio_median_min,0,0.0
combined_subject_features,h5__eeg4_mean_mean_min,0,0.0
combined_subject_features,h5__eeg4_mean_std_min,0,0.0
combined_subject_features,h5__eeg4_mean_median_min,0,0.0
combined_subject_features,h5__eeg4_std_mean_min,0,0.0
combined_subject_features,h5__eeg4_std_std_min,0,0.0
combined_subject_features,h5__eeg4_std_median_min,0,0.0
combined_subject_features,h5__eeg4_iqr_mean_min,0,0.0
combined_subject_features,h5__eeg4_iqr_std_min,0,0.0
combined_subject_features,h5__eeg4_iqr_median_min,0,0.0
combined_subject_features,h5__eeg4_skew_mean_min,0,0.0
combined_subject_features,h5__eeg4_skew_std_min,0,0.0
combined_subject_features,h5__eeg4_skew_median_min,0,0.0
combined_subject_features,h5__eeg4_kurtosis_mean_min,0,0.0
combined_subject_features,h5__eeg4_kurtosis_std_min,0,0.0
combined_subject_features,h5__eeg4_kurtosis_median_min,0,0.0
combined_subject_features,h5__eeg4_zero_crossings_mean_min,0,0.0
combined_subject_features,h5__eeg4_zero_crossings_std_min,0,0.0
combined_subject_features,h5__eeg4_zero_crossings_median_min,0,0.0
combined_subject_features,h5__eeg4_hjorth_mobility_mean_min,0,0.0
combined_subject_features,h5__eeg4_hjorth_mobility_std_min,0,0.0
combined_subject_features,h5__eeg4_hjorth_mobility_median_min,0,0.0
combined_subject_features,h5__eeg4_hjorth_complexity_mean_min,0,0.0
combined_subject_features,h5__eeg4_hjorth_complexity_std_min,0,0.0
combined_subject_features,h5__eeg4_hjorth_complexity_median_min,0,0.0
combined_subject_features,h5__eeg4_total_power_0p5_30_mean_min,0,0.0
combined_subject_features,h5__eeg4_total_power_0p5_30_std_min,0,0.0
combined_subject_features,h5__eeg4_total_power_0p5_30_median_min,0,0.0
combined_subject_features,h5__eeg4_delta_power_mean_min,0,0.0
combined_subject_features,h5__eeg4_delta_power_std_min,0,0.0
combined_subject_features,h5__eeg4_delta_power_median_min,0,0.0
combined_subject_features,h5__eeg4_delta_relative_power_mean_min,0,0.0
combined_subject_features,h5__eeg4_delta_relative_power_std_min,0,0.0
combined_subject_features,h5__eeg4_delta_relative_power_median_min,0,0.0
combined_subject_features,h5__eeg4_theta_power_mean_min,0,0.0
combined_subject_features,h5__eeg4_theta_power_std_min,0,0.0
combined_subject_features,h5__eeg4_theta_power_median_min,0,0.0
combined_subject_features,h5__eeg4_theta_relative_power_mean_min,0,0.0
combined_subject_features,h5__eeg4_theta_relative_power_std_min,0,0.0
combined_subject_features,h5__eeg4_theta_relative_power_median_min,0,0.0
combined_subject_features,h5__eeg4_alpha_power_mean_min,0,0.0
combined_subject_features,h5__eeg4_alpha_power_std_min,0,0.0
combined_subject_features,h5__eeg4_alpha_power_median_min,0,0.0
combined_subject_features,h5__eeg4_alpha_relative_power_mean_min,0,0.0
combined_subject_features,h5__eeg4_alpha_relative_power_std_min,0,0.0
combined_subject_features,h5__eeg4_alpha_relative_power_median_min,0,0.0
combined_subject_features,h5__eeg4_sigma_power_mean_min,0,0.0
combined_subject_features,h5__eeg4_sigma_power_std_min,0,0.0
combined_subject_features,h5__eeg4_sigma_power_median_min,0,0.0
combined_subject_features,h5__eeg4_sigma_relative_power_mean_min,0,0.0
combined_subject_features,h5__eeg4_sigma_relative_power_std_min,0,0.0
combined_subject_features,h5__eeg4_sigma_relative_power_median_min,0,0.0
combined_subject_features,h5__eeg4_beta_power_mean_min,0,0.0
combined_subject_features,h5__eeg4_beta_power_std_min,0,0.0
combined_subject_features,h5__eeg4_beta_power_median_min,0,0.0
combined_subject_features,h5__eeg4_beta_relative_power_mean_min,0,0.0
combined_subject_features,h5__eeg4_beta_relative_power_std_min,0,0.0
combined_subject_features,h5__eeg4_beta_relative_power_median_min,0,0.0
combined_subject_features,h5__eeg4_theta_alpha_ratio_mean_min,0,0.0
combined_subject_features,h5__eeg4_theta_alpha_ratio_std_min,0,0.0
combined_subject_features,h5__eeg4_theta_alpha_ratio_median_min,0,0.0
combined_subject_features,h5__eeg4_delta_beta_ratio_mean_min,0,0.0
combined_subject_features,h5__eeg4_delta_beta_ratio_std_min,0,0.0
combined_subject_features,h5__eeg4_delta_beta_ratio_median_min,0,0.0
combined_subject_features,h5__eeg4_delta_sigma_ratio_mean_min,0,0.0
combined_subject_features,h5__eeg4_delta_sigma_ratio_std_min,0,0.0
combined_subject_features,h5__eeg4_delta_sigma_ratio_median_min,0,0.0
combined_subject_features,h5__n_epochs_max,0,0.0
combined_subject_features,h5__wake_epochs_max,0,0.0
combined_subject_features,h5__sleep_epochs_max,0,0.0
combined_subject_features,h5__tst_minutes_from_hypnogram_max,0,0.0
combined_subject_features,h5__sleep_efficiency_epoch_ratio_max,0,0.0
combined_subject_features,h5__Wake_epochs_max,0,0.0
combined_subject_features,h5__N1_epochs_max,0,0.0
combined_subject_features,h5__N2_epochs_max,0,0.0
combined_subject_features,h5__N3_epochs_max,0,0.0
combined_subject_features,h5__REM_epochs_max,0,0.0
combined_subject_features,h5__eeg1_mean_mean_max,0,0.0
combined_subject_features,h5__eeg1_mean_std_max,0,0.0
combined_subject_features,h5__eeg1_mean_median_max,0,0.0
combined_subject_features,h5__eeg1_std_mean_max,0,0.0
combined_subject_features,h5__eeg1_std_std_max,0,0.0
combined_subject_features,h5__eeg1_std_median_max,0,0.0
combined_subject_features,h5__eeg1_iqr_mean_max,0,0.0
combined_subject_features,h5__eeg1_iqr_std_max,0,0.0
combined_subject_features,h5__eeg1_iqr_median_max,0,0.0
combined_subject_features,h5__eeg1_skew_mean_max,0,0.0
combined_subject_features,h5__eeg1_skew_std_max,0,0.0
combined_subject_features,h5__eeg1_skew_median_max,0,0.0
combined_subject_features,h5__eeg1_kurtosis_mean_max,0,0.0
combined_subject_features,h5__eeg1_kurtosis_std_max,0,0.0
combined_subject_features,h5__eeg1_kurtosis_median_max,0,0.0
combined_subject_features,h5__eeg1_zero_crossings_mean_max,0,0.0
combined_subject_features,h5__eeg1_zero_crossings_std_max,0,0.0
combined_subject_features,h5__eeg1_zero_crossings_median_max,0,0.0
combined_subject_features,h5__eeg1_hjorth_mobility_mean_max,0,0.0
combined_subject_features,h5__eeg1_hjorth_mobility_std_max,0,0.0
combined_subject_features,h5__eeg1_hjorth_mobility_median_max,0,0.0
combined_subject_features,h5__eeg1_hjorth_complexity_mean_max,0,0.0
combined_subject_features,h5__eeg1_hjorth_complexity_std_max,0,0.0
combined_subject_features,h5__eeg1_hjorth_complexity_median_max,0,0.0
combined_subject_features,h5__eeg1_total_power_0p5_30_mean_max,0,0.0
combined_subject_features,h5__eeg1_total_power_0p5_30_std_max,0,0.0
combined_subject_features,h5__eeg1_total_power_0p5_30_median_max,0,0.0
combined_subject_features,h5__eeg1_delta_power_mean_max,0,0.0
combined_subject_features,h5__eeg1_delta_power_std_max,0,0.0
combined_subject_features,h5__eeg1_delta_power_median_max,0,0.0
combined_subject_features,h5__eeg1_delta_relative_power_mean_max,0,0.0
combined_subject_features,h5__eeg1_delta_relative_power_std_max,0,0.0
combined_subject_features,h5__eeg1_delta_relative_power_median_max,0,0.0
combined_subject_features,h5__eeg1_theta_power_mean_max,0,0.0
combined_subject_features,h5__eeg1_theta_power_std_max,0,0.0
combined_subject_features,h5__eeg1_theta_power_median_max,0,0.0
combined_subject_features,h5__eeg1_theta_relative_power_mean_max,0,0.0
combined_subject_features,h5__eeg1_theta_relative_power_std_max,0,0.0
combined_subject_features,h5__eeg1_theta_relative_power_median_max,0,0.0
combined_subject_features,h5__eeg1_alpha_power_mean_max,0,0.0
combined_subject_features,h5__eeg1_alpha_power_std_max,0,0.0
combined_subject_features,h5__eeg1_alpha_power_median_max,0,0.0
combined_subject_features,h5__eeg1_alpha_relative_power_mean_max,0,0.0
combined_subject_features,h5__eeg1_alpha_relative_power_std_max,0,0.0
combined_subject_features,h5__eeg1_alpha_relative_power_median_max,0,0.0
combined_subject_features,h5__eeg1_sigma_power_mean_max,0,0.0
combined_subject_features,h5__eeg1_sigma_power_std_max,0,0.0
combined_subject_features,h5__eeg1_sigma_power_median_max,0,0.0
combined_subject_features,h5__eeg1_sigma_relative_power_mean_max,0,0.0
combined_subject_features,h5__eeg1_sigma_relative_power_std_max,0,0.0
combined_subject_features,h5__eeg1_sigma_relative_power_median_max,0,0.0
combined_subject_features,h5__eeg1_beta_power_mean_max,0,0.0
combined_subject_features,h5__eeg1_beta_power_std_max,0,0.0
combined_subject_features,h5__eeg1_beta_power_median_max,0,0.0
combined_subject_features,h5__eeg1_beta_relative_power_mean_max,0,0.0
combined_subject_features,h5__eeg1_beta_relative_power_std_max,0,0.0
combined_subject_features,h5__eeg1_beta_relative_power_median_max,0,0.0
combined_subject_features,h5__eeg1_theta_alpha_ratio_mean_max,0,0.0
combined_subject_features,h5__eeg1_theta_alpha_ratio_std_max,0,0.0
combined_subject_features,h5__eeg1_theta_alpha_ratio_median_max,0,0.0
combined_subject_features,h5__eeg1_delta_beta_ratio_mean_max,0,0.0
combined_subject_features,h5__eeg1_delta_beta_ratio_std_max,0,0.0
combined_subject_features,h5__eeg1_delta_beta_ratio_median_max,0,0.0
combined_subject_features,h5__eeg1_delta_sigma_ratio_mean_max,0,0.0
combined_subject_features,h5__eeg1_delta_sigma_ratio_std_max,0,0.0
combined_subject_features,h5__eeg1_delta_sigma_ratio_median_max,0,0.0
combined_subject_features,h5__eeg2_mean_mean_max,0,0.0
combined_subject_features,h5__eeg2_mean_std_max,0,0.0
combined_subject_features,h5__eeg2_mean_median_max,0,0.0
combined_subject_features,h5__eeg2_std_mean_max,0,0.0
combined_subject_features,h5__eeg2_std_std_max,0,0.0
combined_subject_features,h5__eeg2_std_median_max,0,0.0
combined_subject_features,h5__eeg2_iqr_mean_max,0,0.0
combined_subject_features,h5__eeg2_iqr_std_max,0,0.0
combined_subject_features,h5__eeg2_iqr_median_max,0,0.0
combined_subject_features,h5__eeg2_skew_mean_max,0,0.0
combined_subject_features,h5__eeg2_skew_std_max,0,0.0
combined_subject_features,h5__eeg2_skew_median_max,0,0.0
combined_subject_features,h5__eeg2_kurtosis_mean_max,0,0.0
combined_subject_features,h5__eeg2_kurtosis_std_max,0,0.0
combined_subject_features,h5__eeg2_kurtosis_median_max,0,0.0
combined_subject_features,h5__eeg2_zero_crossings_mean_max,0,0.0
combined_subject_features,h5__eeg2_zero_crossings_std_max,0,0.0
combined_subject_features,h5__eeg2_zero_crossings_median_max,0,0.0
combined_subject_features,h5__eeg2_hjorth_mobility_mean_max,0,0.0
combined_subject_features,h5__eeg2_hjorth_mobility_std_max,0,0.0
combined_subject_features,h5__eeg2_hjorth_mobility_median_max,0,0.0
combined_subject_features,h5__eeg2_hjorth_complexity_mean_max,0,0.0
combined_subject_features,h5__eeg2_hjorth_complexity_std_max,0,0.0
combined_subject_features,h5__eeg2_hjorth_complexity_median_max,0,0.0
combined_subject_features,h5__eeg2_total_power_0p5_30_mean_max,0,0.0
combined_subject_features,h5__eeg2_total_power_0p5_30_std_max,0,0.0
combined_subject_features,h5__eeg2_total_power_0p5_30_median_max,0,0.0
combined_subject_features,h5__eeg2_delta_power_mean_max,0,0.0
combined_subject_features,h5__eeg2_delta_power_std_max,0,0.0
combined_subject_features,h5__eeg2_delta_power_median_max,0,0.0
combined_subject_features,h5__eeg2_delta_relative_power_mean_max,0,0.0
combined_subject_features,h5__eeg2_delta_relative_power_std_max,0,0.0
combined_subject_features,h5__eeg2_delta_relative_power_median_max,0,0.0
combined_subject_features,h5__eeg2_theta_power_mean_max,0,0.0
combined_subject_features,h5__eeg2_theta_power_std_max,0,0.0
combined_subject_features,h5__eeg2_theta_power_median_max,0,0.0
combined_subject_features,h5__eeg2_theta_relative_power_mean_max,0,0.0
combined_subject_features,h5__eeg2_theta_relative_power_std_max,0,0.0
combined_subject_features,h5__eeg2_theta_relative_power_median_max,0,0.0
combined_subject_features,h5__eeg2_alpha_power_mean_max,0,0.0
combined_subject_features,h5__eeg2_alpha_power_std_max,0,0.0
combined_subject_features,h5__eeg2_alpha_power_median_max,0,0.0
combined_subject_features,h5__eeg2_alpha_relative_power_mean_max,0,0.0
combined_subject_features,h5__eeg2_alpha_relative_power_std_max,0,0.0
combined_subject_features,h5__eeg2_alpha_relative_power_median_max,0,0.0
combined_subject_features,h5__eeg2_sigma_power_mean_max,0,0.0
combined_subject_features,h5__eeg2_sigma_power_std_max,0,0.0
combined_subject_features,h5__eeg2_sigma_power_median_max,0,0.0
combined_subject_features,h5__eeg2_sigma_relative_power_mean_max,0,0.0
combined_subject_features,h5__eeg2_sigma_relative_power_std_max,0,0.0
combined_subject_features,h5__eeg2_sigma_relative_power_median_max,0,0.0
combined_subject_features,h5__eeg2_beta_power_mean_max,0,0.0
combined_subject_features,h5__eeg2_beta_power_std_max,0,0.0
combined_subject_features,h5__eeg2_beta_power_median_max,0,0.0
combined_subject_features,h5__eeg2_beta_relative_power_mean_max,0,0.0
combined_subject_features,h5__eeg2_beta_relative_power_std_max,0,0.0
combined_subject_features,h5__eeg2_beta_relative_power_median_max,0,0.0
combined_subject_features,h5__eeg2_theta_alpha_ratio_mean_max,0,0.0
combined_subject_features,h5__eeg2_theta_alpha_ratio_std_max,0,0.0
combined_subject_features,h5__eeg2_theta_alpha_ratio_median_max,0,0.0
combined_subject_features,h5__eeg2_delta_beta_ratio_mean_max,0,0.0
combined_subject_features,h5__eeg2_delta_beta_ratio_std_max,0,0.0
combined_subject_features,h5__eeg2_delta_beta_ratio_median_max,0,0.0
combined_subject_features,h5__eeg2_delta_sigma_ratio_mean_max,0,0.0
combined_subject_features,h5__eeg2_delta_sigma_ratio_std_max,0,0.0
combined_subject_features,h5__eeg2_delta_sigma_ratio_median_max,0,0.0
combined_subject_features,h5__eeg3_mean_mean_max,0,0.0
combined_subject_features,h5__eeg3_mean_std_max,0,0.0
combined_subject_features,h5__eeg3_mean_median_max,0,0.0
combined_subject_features,h5__eeg3_std_mean_max,0,0.0
combined_subject_features,h5__eeg3_std_std_max,0,0.0
combined_subject_features,h5__eeg3_std_median_max,0,0.0
combined_subject_features,h5__eeg3_iqr_mean_max,0,0.0
combined_subject_features,h5__eeg3_iqr_std_max,0,0.0
combined_subject_features,h5__eeg3_iqr_median_max,0,0.0
combined_subject_features,h5__eeg3_skew_mean_max,0,0.0
combined_subject_features,h5__eeg3_skew_std_max,0,0.0
combined_subject_features,h5__eeg3_skew_median_max,0,0.0
combined_subject_features,h5__eeg3_kurtosis_mean_max,0,0.0
combined_subject_features,h5__eeg3_kurtosis_std_max,0,0.0
combined_subject_features,h5__eeg3_kurtosis_median_max,0,0.0
combined_subject_features,h5__eeg3_zero_crossings_mean_max,0,0.0
combined_subject_features,h5__eeg3_zero_crossings_std_max,0,0.0
combined_subject_features,h5__eeg3_zero_crossings_median_max,0,0.0
combined_subject_features,h5__eeg3_hjorth_mobility_mean_max,0,0.0
combined_subject_features,h5__eeg3_hjorth_mobility_std_max,0,0.0
combined_subject_features,h5__eeg3_hjorth_mobility_median_max,0,0.0
combined_subject_features,h5__eeg3_hjorth_complexity_mean_max,0,0.0
combined_subject_features,h5__eeg3_hjorth_complexity_std_max,0,0.0
combined_subject_features,h5__eeg3_hjorth_complexity_median_max,0,0.0
combined_subject_features,h5__eeg3_total_power_0p5_30_mean_max,0,0.0
combined_subject_features,h5__eeg3_total_power_0p5_30_std_max,0,0.0
combined_subject_features,h5__eeg3_total_power_0p5_30_median_max,0,0.0
combined_subject_features,h5__eeg3_delta_power_mean_max,0,0.0
combined_subject_features,h5__eeg3_delta_power_std_max,0,0.0
combined_subject_features,h5__eeg3_delta_power_median_max,0,0.0
combined_subject_features,h5__eeg3_delta_relative_power_mean_max,0,0.0
combined_subject_features,h5__eeg3_delta_relative_power_std_max,0,0.0
combined_subject_features,h5__eeg3_delta_relative_power_median_max,0,0.0
combined_subject_features,h5__eeg3_theta_power_mean_max,0,0.0
combined_subject_features,h5__eeg3_theta_power_std_max,0,0.0
combined_subject_features,h5__eeg3_theta_power_median_max,0,0.0
combined_subject_features,h5__eeg3_theta_relative_power_mean_max,0,0.0
combined_subject_features,h5__eeg3_theta_relative_power_std_max,0,0.0
combined_subject_features,h5__eeg3_theta_relative_power_median_max,0,0.0
combined_subject_features,h5__eeg3_alpha_power_mean_max,0,0.0
combined_subject_features,h5__eeg3_alpha_power_std_max,0,0.0
combined_subject_features,h5__eeg3_alpha_power_median_max,0,0.0
combined_subject_features,h5__eeg3_alpha_relative_power_mean_max,0,0.0
combined_subject_features,h5__eeg3_alpha_relative_power_std_max,0,0.0
combined_subject_features,h5__eeg3_alpha_relative_power_median_max,0,0.0
combined_subject_features,h5__eeg3_sigma_power_mean_max,0,0.0
combined_subject_features,h5__eeg3_sigma_power_std_max,0,0.0
combined_subject_features,h5__eeg3_sigma_power_median_max,0,0.0
combined_subject_features,h5__eeg3_sigma_relative_power_mean_max,0,0.0
combined_subject_features,h5__eeg3_sigma_relative_power_std_max,0,0.0
combined_subject_features,h5__eeg3_sigma_relative_power_median_max,0,0.0
combined_subject_features,h5__eeg3_beta_power_mean_max,0,0.0
combined_subject_features,h5__eeg3_beta_power_std_max,0,0.0
combined_subject_features,h5__eeg3_beta_power_median_max,0,0.0
combined_subject_features,h5__eeg3_beta_relative_power_mean_max,0,0.0
combined_subject_features,h5__eeg3_beta_relative_power_std_max,0,0.0
combined_subject_features,h5__eeg3_beta_relative_power_median_max,0,0.0
combined_subject_features,h5__eeg3_theta_alpha_ratio_mean_max,0,0.0
combined_subject_features,h5__eeg3_theta_alpha_ratio_std_max,0,0.0
combined_subject_features,h5__eeg3_theta_alpha_ratio_median_max,0,0.0
combined_subject_features,h5__eeg3_delta_beta_ratio_mean_max,0,0.0
combined_subject_features,h5__eeg3_delta_beta_ratio_std_max,0,0.0
combined_subject_features,h5__eeg3_delta_beta_ratio_median_max,0,0.0
combined_subject_features,h5__eeg3_delta_sigma_ratio_mean_max,0,0.0
combined_subject_features,h5__eeg3_delta_sigma_ratio_std_max,0,0.0
combined_subject_features,h5__eeg3_delta_sigma_ratio_median_max,0,0.0
combined_subject_features,h5__eeg4_mean_mean_max,0,0.0
combined_subject_features,h5__eeg4_mean_std_max,0,0.0
combined_subject_features,h5__eeg4_mean_median_max,0,0.0
combined_subject_features,h5__eeg4_std_mean_max,0,0.0
combined_subject_features,h5__eeg4_std_std_max,0,0.0
combined_subject_features,h5__eeg4_std_median_max,0,0.0
combined_subject_features,h5__eeg4_iqr_mean_max,0,0.0
combined_subject_features,h5__eeg4_iqr_std_max,0,0.0
combined_subject_features,h5__eeg4_iqr_median_max,0,0.0
combined_subject_features,h5__eeg4_skew_mean_max,0,0.0
combined_subject_features,h5__eeg4_skew_std_max,0,0.0
combined_subject_features,h5__eeg4_skew_median_max,0,0.0
combined_subject_features,h5__eeg4_kurtosis_mean_max,0,0.0
combined_subject_features,h5__eeg4_kurtosis_std_max,0,0.0
combined_subject_features,h5__eeg4_kurtosis_median_max,0,0.0
combined_subject_features,h5__eeg4_zero_crossings_mean_max,0,0.0
combined_subject_features,h5__eeg4_zero_crossings_std_max,0,0.0
combined_subject_features,h5__eeg4_zero_crossings_median_max,0,0.0
combined_subject_features,h5__eeg4_hjorth_mobility_mean_max,0,0.0
combined_subject_features,h5__eeg4_hjorth_mobility_std_max,0,0.0
combined_subject_features,h5__eeg4_hjorth_mobility_median_max,0,0.0
combined_subject_features,h5__eeg4_hjorth_complexity_mean_max,0,0.0
combined_subject_features,h5__eeg4_hjorth_complexity_std_max,0,0.0
combined_subject_features,h5__eeg4_hjorth_complexity_median_max,0,0.0
combined_subject_features,h5__eeg4_total_power_0p5_30_mean_max,0,0.0
combined_subject_features,h5__eeg4_total_power_0p5_30_std_max,0,0.0
combined_subject_features,h5__eeg4_total_power_0p5_30_median_max,0,0.0
combined_subject_features,h5__eeg4_delta_power_mean_max,0,0.0
combined_subject_features,h5__eeg4_delta_power_std_max,0,0.0
combined_subject_features,h5__eeg4_delta_power_median_max,0,0.0
combined_subject_features,h5__eeg4_delta_relative_power_mean_max,0,0.0
combined_subject_features,h5__eeg4_delta_relative_power_std_max,0,0.0
combined_subject_features,h5__eeg4_delta_relative_power_median_max,0,0.0
combined_subject_features,h5__eeg4_theta_power_mean_max,0,0.0
combined_subject_features,h5__eeg4_theta_power_std_max,0,0.0
combined_subject_features,h5__eeg4_theta_power_median_max,0,0.0
combined_subject_features,h5__eeg4_theta_relative_power_mean_max,0,0.0
combined_subject_features,h5__eeg4_theta_relative_power_std_max,0,0.0
combined_subject_features,h5__eeg4_theta_relative_power_median_max,0,0.0
combined_subject_features,h5__eeg4_alpha_power_mean_max,0,0.0
combined_subject_features,h5__eeg4_alpha_power_std_max,0,0.0
combined_subject_features,h5__eeg4_alpha_power_median_max,0,0.0
combined_subject_features,h5__eeg4_alpha_relative_power_mean_max,0,0.0
combined_subject_features,h5__eeg4_alpha_relative_power_std_max,0,0.0
combined_subject_features,h5__eeg4_alpha_relative_power_median_max,0,0.0
combined_subject_features,h5__eeg4_sigma_power_mean_max,0,0.0
combined_subject_features,h5__eeg4_sigma_power_std_max,0,0.0
combined_subject_features,h5__eeg4_sigma_power_median_max,0,0.0
combined_subject_features,h5__eeg4_sigma_relative_power_mean_max,0,0.0
combined_subject_features,h5__eeg4_sigma_relative_power_std_max,0,0.0
combined_subject_features,h5__eeg4_sigma_relative_power_median_max,0,0.0
combined_subject_features,h5__eeg4_beta_power_mean_max,0,0.0
combined_subject_features,h5__eeg4_beta_power_std_max,0,0.0
combined_subject_features,h5__eeg4_beta_power_median_max,0,0.0
combined_subject_features,h5__eeg4_beta_relative_power_mean_max,0,0.0
combined_subject_features,h5__eeg4_beta_relative_power_std_max,0,0.0
combined_subject_features,h5__eeg4_beta_relative_power_median_max,0,0.0
combined_subject_features,h5__eeg4_theta_alpha_ratio_mean_max,0,0.0
combined_subject_features,h5__eeg4_theta_alpha_ratio_std_max,0,0.0
combined_subject_features,h5__eeg4_theta_alpha_ratio_median_max,0,0.0
combined_subject_features,h5__eeg4_delta_beta_ratio_mean_max,0,0.0
combined_subject_features,h5__eeg4_delta_beta_ratio_std_max,0,0.0
combined_subject_features,h5__eeg4_delta_beta_ratio_median_max,0,0.0
combined_subject_features,h5__eeg4_delta_sigma_ratio_mean_max,0,0.0
combined_subject_features,h5__eeg4_delta_sigma_ratio_std_max,0,0.0
combined_subject_features,h5__eeg4_delta_sigma_ratio_median_max,0,0.0
