dataset,feature,missing_percentage,is_all_missing,is_constant,min,max,median
report_subject_features,sex,0.0,False,False,0.0,1.0,0.0
report_subject_features,age,0.0,False,False,12.0,33.0,19.0
report_subject_features,average_respiration_rate_mean,0.0,False,False,10.63491325402152,18.91797439719342,15.206185722009764
report_subject_features,awakenings_mean,0.0,False,False,0.0,71.22222222222223,28.5
report_subject_features,confidence_awakenings_mean,0.0,False,False,0.0,100.0,64.02512816346663
report_subject_features,confidence_last_sleep_mean,0.02127659574468085,False,False,47.11342492620829,97.7202509403967,75.16923732327068
report_subject_features,confidence_lps_mean,0.02127659574468085,False,False,41.62055247904855,98.97651165010087,85.15275865359315
report_subject_features,confidence_lrem4_mean,0.02127659574468085,False,False,54.461488618445586,99.30873051365482,76.8924022540501
report_subject_features,confidence_n1_duration_mean,0.0,False,False,0.0,100.0,55.561594712126656
report_subject_features,confidence_n1_percentage_mean,0.02127659574468085,False,False,0.0,93.90588792531048,60.79168126202947
report_subject_features,confidence_n2_duration_mean,0.0,False,False,0.0,100.0,78.62839064705392
report_subject_features,confidence_n2_latency_aasm_mean,0.02127659574468085,False,False,43.856172457534335,99.12247451180652,74.77420726678875
report_subject_features,confidence_n2_percentage_mean,0.02127659574468085,False,False,0.0,97.42223581934805,76.42025069910343
report_subject_features,confidence_n3_duration_mean,0.0,False,False,0.0,100.0,74.42376207038465
report_subject_features,confidence_n3_latency_aasm_mean,0.02127659574468085,False,False,54.948386726547675,99.41603383775724,82.3993879099464
report_subject_features,confidence_n3_percentage_mean,0.02127659574468085,False,False,0.0,95.0067164304978,75.13467162001125
report_subject_features,confidence_nr_of_shifts_mean,0.02127659574468085,False,False,0.0,49.2,10.5
report_subject_features,confidence_nrem_duration_mean,0.0,False,False,0.0,100.0,73.68373694156607
report_subject_features,confidence_nrem_percentage_mean,0.02127659574468085,False,False,0.0,97.35658952443968,74.58506352216236
report_subject_features,confidence_rem_duration_mean,0.0,False,False,0.0,100.0,75.32006182742197
report_subject_features,confidence_rem_latency_mean,0.02127659574468085,False,False,54.65074263886845,99.28146300595914,76.00571692904984
report_subject_features,confidence_rem_latency_aasm_mean,0.02127659574468085,False,False,54.58443228230004,99.42449882696458,74.95701074261655
report_subject_features,confidence_rem_percentage_mean,0.02127659574468085,False,False,0.0,97.35658952443968,74.58506352216236
report_subject_features,confidence_sleep_efficiency_mean,0.0,False,False,0.0,100.0,88.93055933717827
report_subject_features,confidence_sleep_onset_mean,0.02127659574468085,False,False,47.11342492620829,97.7202509403967,75.16923732327068
report_subject_features,confidence_sol_mean,0.02127659574468085,False,False,47.11342492620829,97.7202509403967,75.16923732327068
report_subject_features,confidence_sol_aasm_mean,0.02127659574468085,False,False,44.03734026770018,98.40804383406665,74.73721906636901
report_subject_features,confidence_tst_mean,0.0,False,False,0.0,100.0,74.24863451853595
report_subject_features,confidence_wake_duration_mean,0.0,False,False,0.0,100.0,74.24863451853595
report_subject_features,confidence_waso_mean,0.0,False,False,0.0,100.0,65.35400853753555
report_subject_features,confidence_waso_aasm_mean,0.0,False,False,0.0,100.0,64.48541169165347
report_subject_features,lps_mean,0.02127659574468085,False,False,3.0,307.3125,81.89285714285714
report_subject_features,lrem4_mean,0.02127659574468085,False,False,-13.166666666666666,197.0,65.38333333333333
report_subject_features,micro_arousal_index_mean,0.0,False,False,0.0,15.98847404322362,6.042296072507552
report_subject_features,n1_duration_mean,0.0,False,False,0.0,81.16666666666667,32.333333333333336
report_subject_features,n1_percentage_mean,0.02127659574468085,False,False,4.037275096835314,27.245594508475808,7.2971248115638385
report_subject_features,n2_duration_mean,0.0,False,False,0.0,380.0,196.5
report_subject_features,n2_latency_aasm_mean,0.02127659574468085,False,False,1.0,155.5625,6.676923076923077
report_subject_features,n2_percentage_mean,0.02127659574468085,False,False,31.012163224162236,57.38615533593061,46.29774479031484
report_subject_features,n3_duration_mean,0.0,False,False,0.0,128.28571428571428,77.92857142857143
report_subject_features,n3_latency_aasm_mean,0.02127659574468085,False,False,6.5,239.0,31.133928571428573
report_subject_features,n3_percentage_mean,0.02127659574468085,False,False,4.073025606404533,29.78228747957092,19.50013918542444
report_subject_features,nr_of_shifts_mean,0.02127659574468085,False,False,59.2,266.0,129.3095238095238
report_subject_features,nrem_duration_mean,0.0,False,False,0.0,472.5,324.25
report_subject_features,nrem_percentage_mean,0.02127659574468085,False,False,54.52971725331794,86.14644322574166,74.03124692932843
report_subject_features,proportion_off_head_mean,0.0,False,False,0.0100583383625026,42.35395189003437,4.250683069575617
report_subject_features,proportion_scorable_and_on_head_mean,0.0,False,False,0.4175257731958763,0.9904321356469532,0.8768353219042181
report_subject_features,quality_index_F7_O1_mean,0.0,False,False,7.223264540337711,83.11035888886104,56.00300909544497
report_subject_features,quality_index_F7_O2_mean,0.0,False,False,6.378986866791744,81.54782696298574,57.82196503293024
report_subject_features,quality_index_F8_F7_mean,0.0,False,False,30.4350554953719,91.71927433224975,65.69938156947906
report_subject_features,quality_index_F8_O1_mean,0.0,False,False,6.47279549718574,82.56835057678919,54.15405000479241
report_subject_features,quality_index_F8_O2_mean,0.0,False,False,6.378986866791744,82.5204454293366,57.77741123795853
report_subject_features,record_duration_mean,0.0,False,False,2131.0,69663.0,38847.833333333336
report_subject_features,record_quality_index_mean,0.0,False,False,61.855670103092784,99.21309769129869,88.00034091043041
report_subject_features,rem_duration_mean,0.0,False,False,0.0,394.0,112.0
report_subject_features,rem_latency_mean,0.02127659574468085,False,False,3.142857142857143,215.58333333333337,67.65
report_subject_features,rem_latency_aasm_mean,0.02127659574468085,False,False,3.5,216.41666666666663,72.50625
report_subject_features,rem_percentage_mean,0.02127659574468085,False,False,13.85355677425834,45.47028274668206,25.96875307067157
report_subject_features,respiration_rate_n1_mean,0.02127659574468085,False,False,11.93819192965246,18.38889753969212,14.587133219664501
report_subject_features,respiration_rate_n2_mean,0.02127659574468085,False,False,12.311360614810184,19.85673339064425,15.671565254265499
report_subject_features,respiration_rate_n3_mean,0.02127659574468085,False,False,13.19897676628365,21.36499568718952,16.33971590887981
report_subject_features,respiration_rate_rem_mean,0.02127659574468085,False,False,12.814683998309327,19.448475386089836,16.118599803562688
report_subject_features,respiration_rate_wake_mean,0.0,False,False,10.63491325402152,18.746146811963037,14.535504847348117
report_subject_features,sleep_efficiency_mean,0.0,False,False,0.0,93.1281032118938,72.36892333478723
report_subject_features,sol_mean,0.02127659574468085,False,False,4.0,307.4375,72.88333333333333
report_subject_features,sol_aasm_mean,0.02127659574468085,False,False,3.0,307.0625,69.92013888888889
report_subject_features,tst_mean,0.0,False,False,0.0,866.5,446.5
report_subject_features,wake_duration_mean,0.0,False,False,33.375,440.5,236.1153846153846
report_subject_features,waso_mean,0.0,False,False,0.0,415.8333333333333,85.625
report_subject_features,waso_aasm_mean,0.0,False,False,0.0,416.8333333333333,95.7
report_subject_features,average_respiration_rate_median,0.0,False,False,10.63491325402152,18.91797439719342,15.406128599442996
report_subject_features,awakenings_median,0.0,False,False,0.0,72.0,27.0
report_subject_features,confidence_awakenings_median,0.0,False,False,0.0,100.0,64.39897058423709
report_subject_features,confidence_last_sleep_median,0.02127659574468085,False,False,48.8926813727958,99.41085927136028,95.41542686813455
report_subject_features,confidence_lps_median,0.02127659574468085,False,False,27.89790719504872,99.38770561645644,94.93576214875796
report_subject_features,confidence_lrem4_median,0.02127659574468085,False,False,59.87485204556792,100.0,91.1061939512177
report_subject_features,confidence_n1_duration_median,0.0,False,False,0.0,100.0,63.42802582877249
report_subject_features,confidence_n1_percentage_median,0.02127659574468085,False,False,0.0,97.13563200624384,68.15801093006282
report_subject_features,confidence_n2_duration_median,0.0,False,False,0.0,100.0,83.44477504083841
report_subject_features,confidence_n2_latency_aasm_median,0.02127659574468085,False,False,47.84735798415639,99.9009304085383,91.3808319174862
report_subject_features,confidence_n2_percentage_median,0.02127659574468085,False,False,0.0,98.51539301313176,85.18635658018104
report_subject_features,confidence_n3_duration_median,0.0,False,False,0.0,100.0,82.04269189489412
report_subject_features,confidence_n3_latency_aasm_median,0.02127659574468085,False,False,74.11023723948496,100.0,96.68839545520294
report_subject_features,confidence_n3_percentage_median,0.02127659574468085,False,False,0.0,95.05857655667018,83.38082284122356
report_subject_features,confidence_nr_of_shifts_median,0.02127659574468085,False,False,0.0,52.5,0.0
report_subject_features,confidence_nrem_duration_median,0.0,False,False,0.0,100.0,80.7068082537752
report_subject_features,confidence_nrem_percentage_median,0.02127659574468085,False,False,0.0,97.7014976534915,83.20532335158694
report_subject_features,confidence_rem_duration_median,0.0,False,False,0.0,100.0,82.31999180918716
report_subject_features,confidence_rem_latency_median,0.02127659574468085,False,False,60.42919584312796,99.87436703130076,91.42166584660369
report_subject_features,confidence_rem_latency_aasm_median,0.02127659574468085,False,False,60.937374797261995,100.0,89.95210451662585
report_subject_features,confidence_rem_percentage_median,0.02127659574468085,False,False,0.0,97.7014976534915,83.20532335158694
report_subject_features,confidence_sleep_efficiency_median,0.0,False,False,0.0,100.0,92.31698175285892
report_subject_features,confidence_sleep_onset_median,0.02127659574468085,False,False,48.8926813727958,99.41085927136028,95.41542686813455
report_subject_features,confidence_sol_median,0.02127659574468085,False,False,48.8926813727958,99.41085927136028,95.41542686813455
report_subject_features,confidence_sol_aasm_median,0.02127659574468085,False,False,11.32213505052938,99.52134016726916,96.07911473855285
report_subject_features,confidence_tst_median,0.0,False,False,0.0,100.0,82.99660433076782
report_subject_features,confidence_wake_duration_median,0.0,False,False,0.0,100.0,82.99660433076784
report_subject_features,confidence_waso_median,0.0,False,False,0.0,100.0,81.23609567456262
report_subject_features,confidence_waso_aasm_median,0.0,False,False,0.0,100.0,78.83491003450463
report_subject_features,lps_median,0.02127659574468085,False,False,3.0,100.5,32.5
report_subject_features,lrem4_median,0.02127659574468085,False,False,-2.0,173.25,64.125
report_subject_features,micro_arousal_index_median,0.0,False,False,0.0,19.3234100135318,5.889748826657575
report_subject_features,n1_duration_median,0.0,False,False,0.0,64.0,30.0
report_subject_features,n1_percentage_median,0.02127659574468085,False,False,3.95666761671892,25.42290419161677,6.610769141547927
report_subject_features,n2_duration_median,0.0,False,False,0.0,380.0,195.25
report_subject_features,n2_latency_aasm_median,0.02127659574468085,False,False,1.0,23.5,4.0
report_subject_features,n2_percentage_median,0.02127659574468085,False,False,31.069546574766076,57.46333045729077,43.89935171486989
report_subject_features,n3_duration_median,0.0,False,False,0.0,161.0,87.25
report_subject_features,n3_latency_aasm_median,0.02127659574468085,False,False,6.5,69.5,18.125
report_subject_features,n3_percentage_median,0.02127659574468085,False,False,3.6535859269282818,30.427165401216843,19.57029036686126
report_subject_features,nr_of_shifts_median,0.02127659574468085,False,False,65.5,266.0,130.25
report_subject_features,nrem_duration_median,0.0,False,False,0.0,472.5,338.5
report_subject_features,nrem_percentage_median,0.02127659574468085,False,False,54.52971725331794,86.55458807500398,73.84839462938815
report_subject_features,proportion_off_head_median,0.0,False,False,0.0,42.35395189003437,1.098901098901095
report_subject_features,proportion_scorable_and_on_head_median,0.0,False,False,0.4175257731958763,0.9995689655172414,0.90390625
report_subject_features,quality_index_F7_O1_median,0.0,False,False,7.223264540337711,89.01126074669205,58.02961489082664
report_subject_features,quality_index_F7_O2_median,0.0,False,False,6.378986866791744,87.4068663927287,60.38181733932626
report_subject_features,quality_index_F8_F7_median,0.0,False,False,32.87276204198039,94.39765378252368,70.35023962295026
report_subject_features,quality_index_F8_O1_median,0.0,False,False,6.47279549718574,89.12020055437546,58.27706825022371
report_subject_features,quality_index_F8_O2_median,0.0,False,False,6.378986866791744,88.83968643970601,60.99111343665801
report_subject_features,record_duration_median,0.0,False,False,2131.0,69663.0,33142.0
report_subject_features,record_quality_index_median,0.0,False,False,61.855670103092784,100.0,91.0593831196044
report_subject_features,rem_duration_median,0.0,False,False,0.0,394.0,118.5
report_subject_features,rem_latency_median,0.02127659574468085,False,False,2.0,180.75,65.75
report_subject_features,rem_latency_aasm_median,0.02127659574468085,False,False,3.0,182.0,66.75
report_subject_features,rem_percentage_median,0.02127659574468085,False,False,13.44541192499603,45.47028274668206,26.15160537061184
report_subject_features,respiration_rate_n1_median,0.02127659574468085,False,False,11.81148305644951,18.18940305492354,14.550408511479414
report_subject_features,respiration_rate_n2_median,0.02127659574468085,False,False,12.534029449635929,19.877486029296875,15.638256303519634
report_subject_features,respiration_rate_n3_median,0.02127659574468085,False,False,13.16264549303805,21.697593767101015,16.437455587566284
report_subject_features,respiration_rate_rem_median,0.02127659574468085,False,False,12.813039554760714,19.448475386089836,15.951331743481472
report_subject_features,respiration_rate_wake_median,0.0,False,False,10.63491325402152,18.746146811963037,14.575348446206808
report_subject_features,sleep_efficiency_median,0.0,False,False,0.0,95.15843455202535,84.89963827221789
report_subject_features,sol_median,0.02127659574468085,False,False,4.0,100.5,26.75
report_subject_features,sol_aasm_median,0.02127659574468085,False,False,3.0,100.5,26.5
report_subject_features,tst_median,0.0,False,False,0.0,866.5,460.25
report_subject_features,wake_duration_median,0.0,False,False,22.0,307.5,79.25
report_subject_features,waso_median,0.0,False,False,0.0,293.0,23.5
report_subject_features,waso_aasm_median,0.0,False,False,0.0,293.0,24.5
report_subject_features,average_respiration_rate_std,0.06382978723404255,False,False,0.3193867651553378,2.898687382711397,1.0888984312298087
report_subject_features,awakenings_std,0.06382978723404255,False,False,2.943920288775949,51.63332257370235,11.613705132929592
report_subject_features,confidence_awakenings_std,0.06382978723404255,False,False,7.832189423576463,33.96572325644544,19.67904080129501
report_subject_features,confidence_last_sleep_std,0.06382978723404255,False,False,2.5585081180540397,48.93281468749168,38.515322781568514
report_subject_features,confidence_lps_std,0.06382978723404255,False,False,2.814181104479806,52.86749950913843,26.430986088773054
report_subject_features,confidence_lrem4_std,0.06382978723404255,False,False,1.641977637836174,55.61745178018991,31.656035547483153
report_subject_features,confidence_n1_duration_std,0.06382978723404255,False,False,3.2468067869316504,48.45677519798015,30.663424023481152
report_subject_features,confidence_n1_percentage_std,0.06382978723404255,False,False,2.8442772210143725,39.40580901305076,26.857321813994464
report_subject_features,confidence_n2_duration_std,0.06382978723404255,False,False,2.7541093051829515,39.19639304496888,14.107655830777183
report_subject_features,confidence_n2_latency_aasm_std,0.06382978723404255,False,False,1.0088948865777445,56.73688737822337,38.83251476366275
report_subject_features,confidence_n2_percentage_std,0.06382978723404255,False,False,4.044237268127502,40.12910798930246,18.297847786534035
report_subject_features,confidence_n3_duration_std,0.06382978723404255,False,False,5.806970121522367,49.42888251172589,17.72819854951302
report_subject_features,confidence_n3_latency_aasm_std,0.06382978723404255,False,False,1.2388085006989369,57.67463138493713,33.91390165691597
report_subject_features,confidence_n3_percentage_std,0.06382978723404255,False,False,3.3528290818838085,40.763178678297386,20.176620330911504
report_subject_features,confidence_nr_of_shifts_std,0.06382978723404255,False,False,0.0,35.17811819867572,17.88924003642812
report_subject_features,confidence_nrem_duration_std,0.06382978723404255,False,False,2.4791278005811863,47.39922145085305,24.07889582544235
report_subject_features,confidence_nrem_percentage_std,0.06382978723404255,False,False,1.5117525237788,40.06461534735407,19.091586689528206
report_subject_features,confidence_rem_duration_std,0.06382978723404255,False,False,0.7458693633338246,48.4773443300461,20.688403800388272
report_subject_features,confidence_rem_latency_std,0.06382978723404255,False,False,1.4100517351453756,55.76511724077979,30.93837256374905
report_subject_features,confidence_rem_latency_aasm_std,0.06382978723404255,False,False,1.308239873600776,55.78087720303589,31.620929208519133
report_subject_features,confidence_rem_percentage_std,0.06382978723404255,False,False,1.5117525237788,40.06461534735407,19.091586689528203
report_subject_features,confidence_sleep_efficiency_std,0.06382978723404255,False,False,0.2995411849550377,48.730166269988544,13.74419965319155
report_subject_features,confidence_sleep_onset_std,0.06382978723404255,False,False,2.5585081180540397,48.93281468749168,38.515322781568514
report_subject_features,confidence_sol_std,0.06382978723404255,False,False,2.5585081180540397,48.93281468749168,38.515322781568514
report_subject_features,confidence_sol_aasm_std,0.06382978723404255,False,False,1.7428185466738615,51.54974867405881,39.60676686686766
report_subject_features,confidence_tst_std,0.06382978723404255,False,False,2.0367019382408573,47.88239075809434,26.6963591039503
report_subject_features,confidence_wake_duration_std,0.06382978723404255,False,False,2.0367019382408564,47.882390758094346,26.6963591039503
report_subject_features,confidence_waso_std,0.06382978723404255,False,False,4.4417460048181,49.52701306816375,35.62043683022021
report_subject_features,confidence_waso_aasm_std,0.06382978723404255,False,False,5.893259996535961,49.559796503180614,36.395284360135506
report_subject_features,lps_std,0.06382978723404255,False,False,1.4433756729740643,423.27677607762354,108.95262736475483
report_subject_features,lrem4_std,0.06382978723404255,False,False,3.1885210782848317,256.84832586567506,41.87141226849987
report_subject_features,micro_arousal_index_std,0.06382978723404255,False,False,0.9730200183224396,9.580813116749,2.5273030525972384
report_subject_features,n1_duration_std,0.06382978723404255,False,False,4.174219345321607,53.6690475662338,12.923960119614685
report_subject_features,n1_percentage_std,0.06382978723404255,False,False,0.5648252876617846,29.260656313377588,2.5837319129824765
report_subject_features,n2_duration_std,0.06382978723404255,False,False,17.964664390593736,215.44778949898745,79.35578234988641
report_subject_features,n2_latency_aasm_std,0.06382978723404255,False,False,0.5976143046671968,419.7212031728408,7.108326623801797
report_subject_features,n2_percentage_std,0.06382978723404255,False,False,2.9350220518217185,21.505442664846505,11.039859521008303
report_subject_features,n3_duration_std,0.06382978723404255,False,False,8.275753454404937,88.56794708019375,38.42981919762889
report_subject_features,n3_latency_aasm_std,0.06382978723404255,False,False,3.7416573867739418,353.38760589471724,26.945475945406947
report_subject_features,n3_percentage_std,0.06382978723404255,False,False,2.1363942104614937,16.612390023240277,8.319168730951711
report_subject_features,nr_of_shifts_std,0.06382978723404255,False,False,4.5092497528228925,148.66707772738388,37.28882845441865
report_subject_features,nrem_duration_std,0.06382978723404255,False,False,24.72380768948558,262.108729559149,93.69563618710566
report_subject_features,nrem_percentage_std,0.06382978723404255,False,False,1.622719543537826,28.96535501671081,8.229365529355274
report_subject_features,proportion_off_head_std,0.06382978723404255,False,False,0.0174215530835737,35.283901013963494,6.151424045358818
report_subject_features,proportion_scorable_and_on_head_std,0.06382978723404255,False,False,0.0176424022463181,0.2646228587854536,0.1135465335592272
report_subject_features,quality_index_F7_O1_std,0.06382978723404255,False,False,8.419558405219723,31.38902163928245,17.473603463919197
report_subject_features,quality_index_F7_O2_std,0.06382978723404255,False,False,7.01369229463548,30.2459744514299,17.6140190981572
report_subject_features,quality_index_F8_F7_std,0.06382978723404255,False,False,3.5691886026403647,33.612075558899996,18.26007209976596
report_subject_features,quality_index_F8_O1_std,0.06382978723404255,False,False,6.567585249941391,32.67881428241708,17.24141157466397
report_subject_features,quality_index_F8_O2_std,0.06382978723404255,False,False,4.764613906112776,31.384844476047007,18.196510118454277
report_subject_features,record_duration_std,0.06382978723404255,False,False,3369.373767235291,38504.27672783029,21083.20547355622
report_subject_features,record_quality_index_std,0.06382978723404255,False,False,1.3172653977620477,25.115327233623244,10.188560019989593
report_subject_features,rem_duration_std,0.06382978723404255,False,False,14.657396962431145,439.9818256978854,48.60443392734138
report_subject_features,rem_latency_std,0.06382978723404255,False,False,3.412163117856053,264.40431476560036,41.960005280703946
report_subject_features,rem_latency_aasm_std,0.06382978723404255,False,False,3.1885210782848317,264.59013902008263,44.53819478807421
report_subject_features,rem_percentage_std,0.06382978723404255,False,False,1.6227195435378223,28.965355016710813,8.229365529355277
report_subject_features,respiration_rate_n1_std,0.06382978723404255,False,False,0.2148027956143073,2.4178623578837555,0.6941922302456476
report_subject_features,respiration_rate_n2_std,0.06382978723404255,False,False,0.1302335837495679,2.326162506139053,0.5486709953361446
report_subject_features,respiration_rate_n3_std,0.06382978723404255,False,False,0.188215619503986,2.264529889481758,0.5344388432683285
report_subject_features,respiration_rate_rem_std,0.06382978723404255,False,False,0.0992453985226741,1.9302358658150387,0.5807960467315028
report_subject_features,respiration_rate_wake_std,0.06382978723404255,False,False,0.1670663554406126,2.4162980334080344,1.1127292401742706
report_subject_features,sleep_efficiency_std,0.06382978723404255,False,False,1.5776505037452893,49.95488155786895,26.68220525719292
report_subject_features,sol_std,0.06382978723404255,False,False,3.7859388972001824,427.5025097392217,90.38886788579273
report_subject_features,sol_aasm_std,0.06382978723404255,False,False,3.547299442298794,427.9278560692211,83.77959474508197
report_subject_features,tst_std,0.06382978723404255,False,False,39.00181619702686,433.0329888639484,140.24709449084006
report_subject_features,wake_duration_std,0.06382978723404255,False,False,10.84262422110072,541.4310513198641,294.37619782652894
report_subject_features,waso_std,0.06382978723404255,False,False,3.986957904635229,514.8696436963438,152.18165867877187
report_subject_features,waso_aasm_std,0.06382978723404255,False,False,3.986957904635229,514.7274359632808,158.56881874594993
report_subject_features,average_respiration_rate_min,0.0,False,False,8.239811962051816,18.91797439719342,13.097733528396422
report_subject_features,awakenings_min,0.0,False,False,0.0,65.0,11.0
report_subject_features,confidence_awakenings_min,0.0,False,False,0.0,100.0,31.545395731671043
report_subject_features,confidence_last_sleep_min,0.02127659574468085,False,False,0.0,97.7202509403967,0.0
report_subject_features,confidence_lps_min,0.02127659574468085,False,False,0.0,98.97651165010087,27.120936098023368
report_subject_features,confidence_lrem4_min,0.02127659574468085,False,False,0.0,95.59498485788572,0.0
report_subject_features,confidence_n1_duration_min,0.0,False,False,0.0,100.0,0.0
report_subject_features,confidence_n1_percentage_min,0.02127659574468085,False,False,0.0,73.46358901862192,0.0
report_subject_features,confidence_n2_duration_min,0.0,False,False,0.0,100.0,48.73489994318081
report_subject_features,confidence_n2_latency_aasm_min,0.02127659574468085,False,False,0.0,99.12247451180652,0.0
report_subject_features,confidence_n2_percentage_min,0.02127659574468085,False,False,0.0,90.94014318665688,35.942646524741605
report_subject_features,confidence_n3_duration_min,0.0,False,False,0.0,100.0,37.0495752942627
report_subject_features,confidence_n3_latency_aasm_min,0.02127659574468085,False,False,0.0,99.41603383775724,0.0
report_subject_features,confidence_n3_percentage_min,0.02127659574468085,False,False,0.0,90.4131258434178,39.25495874625915
report_subject_features,confidence_nr_of_shifts_min,0.02127659574468085,False,False,0.0,22.0,0.0
report_subject_features,confidence_nrem_duration_min,0.0,False,False,0.0,100.0,31.77855605498545
report_subject_features,confidence_nrem_percentage_min,0.02127659574468085,False,False,0.0,92.36711701583562,28.491559316301046
report_subject_features,confidence_rem_duration_min,0.0,False,False,0.0,100.0,39.31606514969407
report_subject_features,confidence_rem_latency_min,0.02127659574468085,False,False,0.0,96.12304446965634,0.0
report_subject_features,confidence_rem_latency_aasm_min,0.02127659574468085,False,False,0.0,96.48831902532928,0.0
report_subject_features,confidence_rem_percentage_min,0.02127659574468085,False,False,0.0,92.36711701583562,28.49155931630105
report_subject_features,confidence_sleep_efficiency_min,0.0,False,False,0.0,100.0,64.10705460292537
report_subject_features,confidence_sleep_onset_min,0.02127659574468085,False,False,0.0,97.7202509403967,0.0
report_subject_features,confidence_sol_min,0.02127659574468085,False,False,0.0,97.7202509403967,0.0
report_subject_features,confidence_sol_aasm_min,0.02127659574468085,False,False,0.0,98.24196443431164,0.0
report_subject_features,confidence_tst_min,0.0,False,False,0.0,100.0,22.65031092819908
report_subject_features,confidence_wake_duration_min,0.0,False,False,0.0,100.0,22.65031092819908
report_subject_features,confidence_waso_min,0.0,False,False,0.0,100.0,0.0
report_subject_features,confidence_waso_aasm_min,0.0,False,False,0.0,100.0,0.0
report_subject_features,lps_min,0.02127659574468085,False,False,0.0,51.0,8.5
report_subject_features,lrem4_min,0.02127659574468085,False,False,-698.0,158.0,2.0
report_subject_features,micro_arousal_index_min,0.0,False,False,0.0,9.785407725321887,0.7389162561576355
report_subject_features,n1_duration_min,0.0,False,False,0.0,50.0,13.0
report_subject_features,n1_percentage_min,0.02127659574468085,False,False,0.0,20.404984423676012,4.6006995045176335
report_subject_features,n2_duration_min,0.0,False,False,0.0,380.0,90.5
report_subject_features,n2_latency_aasm_min,0.02127659574468085,False,False,0.0,5.5,0.75
report_subject_features,n2_percentage_min,0.02127659574468085,False,False,0.0,53.87713997985901,33.90668851981813
report_subject_features,n3_duration_min,0.0,False,False,0.0,123.0,10.0
report_subject_features,n3_latency_aasm_min,0.02127659574468085,False,False,0.0,24.5,9.25
report_subject_features,n3_percentage_min,0.02127659574468085,False,False,0.0,24.773413897280967,5.587386366861218
report_subject_features,nr_of_shifts_min,0.02127659574468085,False,False,1.0,266.0,64.0
report_subject_features,nrem_duration_min,0.0,False,False,0.0,472.5,186.5
report_subject_features,nrem_percentage_min,0.02127659574468085,False,False,0.2148997134670487,84.69284994964752,65.82214633380437
report_subject_features,proportion_off_head_min,0.0,False,False,0.0,42.35395189003437,0.0
report_subject_features,proportion_scorable_and_on_head_min,0.0,False,False,0.0699386503067484,0.9525114155251142,0.6762452107279694
report_subject_features,quality_index_F7_O1_min,0.0,False,False,0.0,60.08777351959451,22.974856978029905
report_subject_features,quality_index_F7_O2_min,0.0,False,False,0.0,67.85652994679938,21.786203961987617
report_subject_features,quality_index_F8_F7_min,0.0,False,False,0.0,80.8067664281067,35.63651248465002
report_subject_features,quality_index_F8_O1_min,0.0,False,False,0.0,57.64164370287376,24.23721753618661
report_subject_features,quality_index_F8_O2_min,0.0,False,False,0.0,76.26565985927579,21.89178119595886
report_subject_features,record_duration_min,0.0,False,False,2.0,69663.0,23076.0
report_subject_features,record_quality_index_min,0.0,False,False,15.384615384615383,96.13453815261045,72.14684756584198
report_subject_features,rem_duration_min,0.0,False,False,0.0,394.0,43.5
report_subject_features,rem_latency_min,0.02127659574468085,False,False,0.0,158.0,3.25
report_subject_features,rem_latency_aasm_min,0.02127659574468085,False,False,0.0,160.0,4.25
report_subject_features,rem_percentage_min,0.02127659574468085,False,False,0.0,45.47028274668206,15.938816306132647
report_subject_features,respiration_rate_n1_min,0.02127659574468085,False,False,9.306399554120109,17.744191864099083,13.64272958739479
report_subject_features,respiration_rate_n2_min,0.02127659574468085,False,False,9.184609678730906,18.77458916175623,14.750648947256366
report_subject_features,respiration_rate_n3_min,0.02127659574468085,False,False,12.008078110209022,19.717224691679384,15.55569702241416
report_subject_features,respiration_rate_rem_min,0.02127659574468085,False,False,12.364637614370642,19.448475386089836,15.091799929787019
report_subject_features,respiration_rate_wake_min,0.0,False,False,9.651135903897655,18.746146811963037,12.796105849739927
report_subject_features,sleep_efficiency_min,0.0,False,False,0.0,92.20911876683073,29.51496147434926
report_subject_features,sol_min,0.02127659574468085,False,False,0.0,51.0,7.75
report_subject_features,sol_aasm_min,0.02127659574468085,False,False,0.0,50.0,7.25
report_subject_features,tst_min,0.0,False,False,0.0,866.5,281.5
report_subject_features,wake_duration_min,0.0,False,False,6.5,297.5,37.0
report_subject_features,waso_min,0.0,False,False,0.0,293.0,9.5
report_subject_features,waso_aasm_min,0.0,False,False,0.0,293.0,9.5
report_subject_features,average_respiration_rate_max,0.0,False,False,10.63491325402152,20.629450996805485,16.642871081910403
report_subject_features,awakenings_max,0.0,False,False,0.0,145.0,47.0
report_subject_features,confidence_awakenings_max,0.0,False,False,0.0,100.0,92.44290846138828
report_subject_features,confidence_last_sleep_max,0.02127659574468085,False,False,91.45428608968476,100.0,99.05190153401188
report_subject_features,confidence_lps_max,0.02127659574468085,False,False,74.06342592818493,100.0,99.44718490436107
report_subject_features,confidence_lrem4_max,0.02127659574468085,False,False,91.13041584534363,100.0,99.33937061625322
report_subject_features,confidence_n1_duration_max,0.0,False,False,0.0,100.0,94.95175966878504
report_subject_features,confidence_n1_percentage_max,0.02127659574468085,False,False,0.0,100.0,89.30684585965112
report_subject_features,confidence_n2_duration_max,0.0,False,False,0.0,100.0,97.77612240650528
report_subject_features,confidence_n2_latency_aasm_max,0.02127659574468085,False,False,71.82725086927925,100.0,99.2535308427936
report_subject_features,confidence_n2_percentage_max,0.02127659574468085,False,False,0.0,100.0,95.53056572990485
report_subject_features,confidence_n3_duration_max,0.0,False,False,0.0,100.0,96.3709481851274
report_subject_features,confidence_n3_latency_aasm_max,0.02127659574468085,False,False,94.5032568273886,100.0,99.5675712089528
report_subject_features,confidence_n3_percentage_max,0.02127659574468085,False,False,0.0,100.0,94.05519593892329
report_subject_features,confidence_nr_of_shifts_max,0.02127659574468085,False,False,0.0,100.0,42.0
report_subject_features,confidence_nrem_duration_max,0.0,False,False,0.0,100.0,95.92816760262838
report_subject_features,confidence_nrem_percentage_max,0.02127659574468085,False,False,0.0,100.0,92.96290393117717
report_subject_features,confidence_rem_duration_max,0.0,False,False,0.0,100.0,96.15254199944866
report_subject_features,confidence_rem_latency_max,0.02127659574468085,False,False,90.93319282369652,100.0,99.14161017427338
report_subject_features,confidence_rem_latency_aasm_max,0.02127659574468085,False,False,90.81318477394268,100.0,99.0191781424742
report_subject_features,confidence_rem_percentage_max,0.02127659574468085,False,False,0.0,100.0,92.96290393117717
report_subject_features,confidence_sleep_efficiency_max,0.0,False,False,0.0,100.0,100.0
report_subject_features,confidence_sleep_onset_max,0.02127659574468085,False,False,91.45428608968476,100.0,99.05190153401188
report_subject_features,confidence_sol_max,0.02127659574468085,False,False,91.45428608968476,100.0,99.05190153401188
report_subject_features,confidence_sol_aasm_max,0.02127659574468085,False,False,87.79504624021082,100.0,99.20677921621481
report_subject_features,confidence_tst_max,0.0,False,False,0.0,100.0,97.88468594001594
report_subject_features,confidence_wake_duration_max,0.0,False,False,0.0,100.0,97.88468594001594
report_subject_features,confidence_waso_max,0.0,False,False,0.0,100.0,98.53566898201326
report_subject_features,confidence_waso_aasm_max,0.0,False,False,0.0,100.0,97.56347653351234
report_subject_features,lps_max,0.02127659574468085,False,False,3.0,1023.0,310.25
report_subject_features,lrem4_max,0.02127659574468085,False,False,10.5,601.0,122.75
report_subject_features,micro_arousal_index_max,0.0,False,False,0.0,40.0,10.13903743315508
report_subject_features,n1_duration_max,0.0,False,False,0.0,181.0,48.0
report_subject_features,n1_percentage_max,0.02127659574468085,False,False,5.135603000577034,100.0,11.851924108667024
report_subject_features,n2_duration_max,0.0,False,False,0.0,764.0,322.5
report_subject_features,n2_latency_aasm_max,0.02127659574468085,False,False,1.0,1194.0,18.5
report_subject_features,n2_percentage_max,0.02127659574468085,False,False,40.236051502145926,100.0,61.058312272185105
report_subject_features,n3_duration_max,0.0,False,False,0.0,209.5,129.5
report_subject_features,n3_latency_aasm_max,0.02127659574468085,False,False,6.5,940.5,73.25
report_subject_features,n3_percentage_max,0.02127659574468085,False,False,5.539526832083093,48.10126582278481,29.314307954333767
report_subject_features,nr_of_shifts_max,0.02127659574468085,False,False,91.0,426.0,187.0
report_subject_features,nrem_duration_max,0.0,False,False,0.0,943.5,440.0
report_subject_features,nrem_percentage_max,0.02127659574468085,False,False,54.52971725331794,100.0,84.06118369386735
report_subject_features,proportion_off_head_max,0.0,False,False,0.0301750150875079,100.0,15.213358070500927
report_subject_features,proportion_scorable_and_on_head_max,0.0,False,False,0.4175257731958763,1.0,0.9803571428571428
report_subject_features,quality_index_F7_O1_max,0.0,False,False,7.223264540337711,93.31294714978075,77.0344827586207
report_subject_features,quality_index_F7_O2_max,0.0,False,False,6.378986866791744,93.7352435530086,77.20532651043787
report_subject_features,quality_index_F8_F7_max,0.0,False,False,45.572737686139746,98.0358458138964,86.4229435865112
report_subject_features,quality_index_F8_O1_max,0.0,False,False,6.47279549718574,92.69719588460762,75.45553440304596
report_subject_features,quality_index_F8_O2_max,0.0,False,False,6.378986866791744,93.6,80.53600694109709
report_subject_features,record_duration_max,0.0,False,False,2131.0,99331.0,80693.0
report_subject_features,record_quality_index_max,0.0,False,False,61.855670103092784,100.0,98.43505477308294
report_subject_features,rem_duration_max,0.0,False,False,0.0,1393.0,167.0
report_subject_features,rem_latency_max,0.02127659574468085,False,False,10.5,720.0,129.5
report_subject_features,rem_latency_aasm_max,0.02127659574468085,False,False,10.5,721.5,137.5
report_subject_features,rem_percentage_max,0.02127659574468085,False,False,15.307150050352467,99.78510028653297,34.17785366619563
report_subject_features,respiration_rate_n1_max,0.02127659574468085,False,False,12.32837729597718,21.014604431418363,15.840138159216508
report_subject_features,respiration_rate_n2_max,0.02127659574468085,False,False,12.649423572728695,21.43454267330244,16.581502362108544
report_subject_features,respiration_rate_n3_max,0.02127659574468085,False,False,14.107803140916088,22.81804396849485,17.692367271899847
report_subject_features,respiration_rate_rem_max,0.02127659574468085,False,False,12.91474140024665,20.645642646573553,17.180388217847067
report_subject_features,respiration_rate_wake_max,0.0,False,False,10.63491325402152,20.03707943084819,16.11689423404562
report_subject_features,sleep_efficiency_max,0.0,False,False,0.0,98.37569271928147,93.3278755628326
report_subject_features,sol_max,0.02127659574468085,False,False,4.0,1023.0,239.75
report_subject_features,sol_aasm_max,0.02127659574468085,False,False,3.0,1022.0,233.0
report_subject_features,tst_max,0.0,False,False,0.0,1451.0,582.5
report_subject_features,wake_duration_max,0.0,False,False,35.5,1085.5,757.0
report_subject_features,waso_max,0.0,False,False,0.0,989.0,385.0
report_subject_features,waso_aasm_max,0.0,False,False,0.0,992.0,413.5
h5_subject_features_labelled,n_epochs_mean,0.0,False,False,70.0,1825.3333333333333,1281.0
h5_subject_features_labelled,wake_epochs_mean,0.0,False,False,57.0,875.0,452.6666666666667
h5_subject_features_labelled,sleep_epochs_mean,0.0,False,False,0.0,1010.75,844.6923076923077
h5_subject_features_labelled,tst_minutes_from_hypnogram_mean,0.0,False,False,0.0,505.375,422.34615384615387
h5_subject_features_labelled,sleep_efficiency_epoch_ratio_mean,0.0,False,False,0.0,0.9387096774193548,0.7205686470260864
h5_subject_features_labelled,Wake_epochs_mean,0.0,False,False,57.0,875.0,452.6666666666667
h5_subject_features_labelled,Wake_percentage_mean,1.0,True,True,,,
h5_subject_features_labelled,N1_epochs_mean,0.0,False,False,0.0,161.66666666666666,58.92857142857143
h5_subject_features_labelled,N1_percentage_mean,0.02127659574468085,False,False,0.04343863279462,0.2719272829647065,0.0748368036214446
h5_subject_features_labelled,N2_epochs_mean,0.0,False,False,0.0,594.25,389.0
h5_subject_features_labelled,N2_percentage_mean,0.02127659574468085,False,False,0.3258903978578727,0.574392800148777,0.4596113166045137
h5_subject_features_labelled,N3_epochs_mean,0.0,False,False,0.0,256.57142857142856,157.33333333333334
h5_subject_features_labelled,N3_percentage_mean,0.02127659574468085,False,False,0.0375268004179565,0.3861988758060543,0.2134296003707964
h5_subject_features_labelled,REM_epochs_mean,0.0,False,False,0.0,451.1111111111111,207.11111111111111
h5_subject_features_labelled,REM_percentage_mean,0.02127659574468085,False,False,0.104383300977276,0.4131588370480669,0.24969974521799745
h5_subject_features_labelled,eeg1_mean_mean_mean,0.0,False,False,-9.092056860402518e-14,7.864420164456354e-14,-5.863186017710613e-16
h5_subject_features_labelled,eeg1_mean_std_mean,0.0,False,False,6.73858684994482e-14,3.936860857120989e-12,9.636702815967588e-13
h5_subject_features_labelled,eeg1_mean_median_mean,0.0,False,False,-2.802488976893494e-16,7.547924427142214e-16,8.838481042841535e-18
h5_subject_features_labelled,eeg1_std_mean_mean,0.0,False,False,189.8114732625335,16702.33286086477,1651.353614042333
h5_subject_features_labelled,eeg1_std_std_mean,0.0,False,False,1793.3642478372503,50535.633189086075,13062.717003356878
h5_subject_features_labelled,eeg1_std_median_mean,0.0,False,False,10.96252939431319,1111.4268670074557,49.8840952879208
h5_subject_features_labelled,eeg1_iqr_mean_mean,0.0,False,False,43.95156922156429,11717.042587904782,329.32004758107485
h5_subject_features_labelled,eeg1_iqr_std_mean,0.0,False,False,140.4949076122983,41435.71174892621,2722.2312209353527
h5_subject_features_labelled,eeg1_iqr_median_mean,0.0,False,False,13.43778216391771,337.28543102611764,43.0383348043465
h5_subject_features_labelled,eeg1_skew_mean_mean,0.0,False,False,-0.7095881450840349,0.616979753891523,0.0243483248333198
h5_subject_features_labelled,eeg1_skew_std_mean,0.0,False,False,1.3553021332442925,3.937468758049502,2.0464983543713378
h5_subject_features_labelled,eeg1_skew_median_mean,0.0,False,False,-0.4656648122263224,0.4653367272140846,-0.1115386919934523
h5_subject_features_labelled,eeg1_kurtosis_mean_mean,0.0,False,False,7.105299142685553,43.131844592539146,12.772549560729436
h5_subject_features_labelled,eeg1_kurtosis_std_mean,0.0,False,False,16.41590781868148,119.79321980941086,28.867976728700732
h5_subject_features_labelled,eeg1_kurtosis_median_mean,0.0,False,False,1.115320439032136,15.469278757688784,3.9545520597509496
h5_subject_features_labelled,eeg1_zero_crossings_mean_mean,0.0,False,False,198.36039537747436,352.58138927206176,253.9030715939072
h5_subject_features_labelled,eeg1_zero_crossings_std_mean,0.0,False,False,40.14653940938786,192.8059349705991,112.82593568335784
h5_subject_features_labelled,eeg1_zero_crossings_median_mean,0.0,False,False,180.3571428571429,357.125,254.66666666666663
h5_subject_features_labelled,eeg1_hjorth_mobility_mean_mean,0.0,False,False,0.0728555967639643,0.135389293212231,0.0976955544369607
h5_subject_features_labelled,eeg1_hjorth_mobility_std_mean,0.0,False,False,0.0258688108310808,0.1042456338307903,0.0502593738063651
h5_subject_features_labelled,eeg1_hjorth_mobility_median_mean,0.0,False,False,0.0614161877497056,0.1327752300123845,0.0872858922655885
h5_subject_features_labelled,eeg1_hjorth_complexity_mean_mean,0.0,False,False,3.8302898696681393,6.805824929894851,5.207649624528553
h5_subject_features_labelled,eeg1_hjorth_complexity_std_mean,0.0,False,False,0.5613762549577694,4.1963747378764795,2.3915566604688325
h5_subject_features_labelled,eeg1_hjorth_complexity_median_mean,0.0,False,False,3.865278534879082,5.782655246511013,4.6369235956683905
h5_subject_features_labelled,eeg1_total_power_0p5_30_mean_mean,0.0,False,False,4399811.493399338,6811931292.676567,166956516.43056476
h5_subject_features_labelled,eeg1_total_power_0p5_30_std_mean,0.0,False,False,125048498.75695458,32155249140.260193,2869178277.7248006
h5_subject_features_labelled,eeg1_total_power_0p5_30_median_mean,0.0,False,False,111.39939823798576,7582489.989740934,1931.8363332499807
h5_subject_features_labelled,eeg1_delta_power_mean_mean,0.0,False,False,3950773.087569999,5732252064.142379,158241091.63150746
h5_subject_features_labelled,eeg1_delta_power_std_mean,0.0,False,False,119043586.1199596,26309034517.35945,2702012900.623048
h5_subject_features_labelled,eeg1_delta_power_median_mean,0.0,False,False,87.71370343886878,6583910.493040576,1685.0624550234593
h5_subject_features_labelled,eeg1_delta_relative_power_mean_mean,0.0,False,False,0.7517559561094035,0.8911060528561583,0.8274662452244836
h5_subject_features_labelled,eeg1_delta_relative_power_std_mean,0.0,False,False,0.0816971844919814,0.2039473019378671,0.1271554187966561
h5_subject_features_labelled,eeg1_delta_relative_power_median_mean,0.0,False,False,0.7798388228329869,0.9161711698473264,0.8551286417326243
h5_subject_features_labelled,eeg1_theta_power_mean_mean,0.0,False,False,234776.6273123719,786600268.2699934,6593872.0908231
h5_subject_features_labelled,eeg1_theta_power_std_mean,0.0,False,False,3675115.510520822,4641163387.658763,135247470.30375043
h5_subject_features_labelled,eeg1_theta_power_median_mean,0.0,False,False,12.25638947837204,128515.92923751594,129.65972146384624
h5_subject_features_labelled,eeg1_theta_relative_power_mean_mean,0.0,False,False,0.0591790450294201,0.120750585303903,0.0941434297632235
h5_subject_features_labelled,eeg1_theta_relative_power_std_mean,0.0,False,False,0.042668134230572,0.0916446865532413,0.0606333218114189
h5_subject_features_labelled,eeg1_theta_relative_power_median_mean,0.0,False,False,0.0471294167451615,0.1120013830497997,0.079799632499687
h5_subject_features_labelled,eeg1_alpha_power_mean_mean,0.0,False,False,34769.29711006974,92035146.00400746,1246002.8530735157
h5_subject_features_labelled,eeg1_alpha_power_std_mean,0.0,False,False,601297.2640586549,632584968.7906288,24630802.652329773
h5_subject_features_labelled,eeg1_alpha_power_median_mean,0.0,False,False,4.016243720888625,9821.54194980184,35.08459235373195
h5_subject_features_labelled,eeg1_alpha_relative_power_mean_mean,0.0,False,False,0.0184918605389634,0.0569462253772628,0.0329684412567668
h5_subject_features_labelled,eeg1_alpha_relative_power_std_mean,0.0,False,False,0.018484974092025,0.0664561759553745,0.0320401133800041
h5_subject_features_labelled,eeg1_alpha_relative_power_median_mean,0.0,False,False,0.011189007195377,0.0425443528138101,0.0239987532219651
h5_subject_features_labelled,eeg1_sigma_power_mean_mean,0.0,False,False,14168.786226721602,26475784.98068799,388552.0924368856
h5_subject_features_labelled,eeg1_sigma_power_std_mean,0.0,False,False,174514.36043522734,191849131.33830523,8501635.177545648
h5_subject_features_labelled,eeg1_sigma_power_median_mean,0.0,False,False,2.012854362554068,2889.4030826924704,13.115991632726343
h5_subject_features_labelled,eeg1_sigma_relative_power_mean_mean,0.0,False,False,0.0074106253155681,0.031773419454445,0.0142443946703507
h5_subject_features_labelled,eeg1_sigma_relative_power_std_mean,0.0,False,False,0.0080887082797746,0.0625284441521544,0.0146726150474853
h5_subject_features_labelled,eeg1_sigma_relative_power_median_mean,0.0,False,False,0.0036057284461818,0.0190613209315485,0.0093946518280626
h5_subject_features_labelled,eeg1_beta_power_mean_mean,0.0,False,False,10837.658342797924,18388799.455072615,280528.64311405993
h5_subject_features_labelled,eeg1_beta_power_std_mean,0.0,False,False,139629.0935922664,156786113.1574308,6604174.734047144
h5_subject_features_labelled,eeg1_beta_power_median_mean,0.0,False,False,2.6852819296559987,1558.8918638544965,16.651138664185297
h5_subject_features_labelled,eeg1_beta_relative_power_mean_mean,0.0,False,False,0.0081477294956789,0.0353724345611608,0.0181850440565049
h5_subject_features_labelled,eeg1_beta_relative_power_std_mean,0.0,False,False,0.0110479802241616,0.0530720799718674,0.0217968512803962
h5_subject_features_labelled,eeg1_beta_relative_power_median_mean,0.0,False,False,0.0019708582845503,0.0257283483839339,0.0094631703384912
h5_subject_features_labelled,eeg1_theta_alpha_ratio_mean_mean,0.0,False,False,2.8576855224829956,8.68072487134766,5.0899284776397575
h5_subject_features_labelled,eeg1_theta_alpha_ratio_std_mean,0.0,False,False,1.4360490767462195,17.640541595580427,5.528618381679691
h5_subject_features_labelled,eeg1_theta_alpha_ratio_median_mean,0.0,False,False,2.1908048367757034,6.45793443617092,3.5728752539229456
h5_subject_features_labelled,eeg1_delta_beta_ratio_mean_mean,0.0,False,False,38.02724347697278,16842.80988782532,1317.3688023764787
h5_subject_features_labelled,eeg1_delta_beta_ratio_std_mean,0.0,False,False,48.94704426435941,118612.23390310486,8812.028341572353
h5_subject_features_labelled,eeg1_delta_beta_ratio_median_mean,0.0,False,False,30.1576679081607,607.9974943409974,125.10861606990068
h5_subject_features_labelled,eeg1_delta_sigma_ratio_mean_mean,0.0,False,False,49.38545680378754,7574.667999738195,938.8596751332526
h5_subject_features_labelled,eeg1_delta_sigma_ratio_std_mean,0.0,False,False,42.46715222069151,112214.70585360617,5231.395151608361
h5_subject_features_labelled,eeg1_delta_sigma_ratio_median_mean,0.0,False,False,40.83963846815561,358.876569950506,112.6646516401424
h5_subject_features_labelled,eeg2_mean_mean_mean,0.0,False,False,-7.323073348462229e-14,2.414546519445415e-13,-1.2970398778096057e-15
h5_subject_features_labelled,eeg2_mean_std_mean,0.0,False,False,1.588844888819944e-13,4.7428166917953355e-12,9.68196487032685e-13
h5_subject_features_labelled,eeg2_mean_median_mean,0.0,False,False,-2.89840298002261e-15,2.1160945829529243e-14,-5.5469639655140786e-18
h5_subject_features_labelled,eeg2_std_mean_mean,0.0,False,False,420.7864060207051,23118.988654366294,2292.7443186924947
h5_subject_features_labelled,eeg2_std_std_mean,0.0,False,False,3850.3152935084777,58715.14439058934,15230.745101022874
h5_subject_features_labelled,eeg2_std_median_mean,0.0,False,False,8.904116585032664,3218.609328198713,52.40170143696172
h5_subject_features_labelled,eeg2_iqr_mean_mean,0.0,False,False,56.14288750961319,19362.28807114646,298.81368530458343
h5_subject_features_labelled,eeg2_iqr_std_mean,0.0,False,False,392.7638391588374,54315.663510042505,3078.577505749676
h5_subject_features_labelled,eeg2_iqr_median_mean,0.0,False,False,11.635384691030822,684.5158587497693,46.7714399645283
h5_subject_features_labelled,eeg2_skew_mean_mean,0.0,False,False,-0.5859264549171644,1.4505624082155404,-0.0254534696612628
h5_subject_features_labelled,eeg2_skew_std_mean,0.0,False,False,1.4072261588120378,3.4751893786566237,2.074731117052668
h5_subject_features_labelled,eeg2_skew_median_mean,0.0,False,False,-0.4303375858168211,0.61407276261385,-0.1075814638260356
h5_subject_features_labelled,eeg2_kurtosis_mean_mean,0.0,False,False,6.877115794881317,41.215948352218106,13.185843147892138
h5_subject_features_labelled,eeg2_kurtosis_std_mean,0.0,False,False,16.59188463271751,74.04269658561508,30.26349430346179
h5_subject_features_labelled,eeg2_kurtosis_median_mean,0.0,False,False,0.3577864991275461,16.60976443222612,4.015734615675557
h5_subject_features_labelled,eeg2_zero_crossings_mean_mean,0.0,False,False,164.28905283132093,480.18494623655914,252.43533439851691
h5_subject_features_labelled,eeg2_zero_crossings_std_mean,0.0,False,False,58.85559300557603,194.52893204805667,120.139277007691
h5_subject_features_labelled,eeg2_zero_crossings_median_mean,0.0,False,False,147.83333333333334,487.0,244.42857142857144
h5_subject_features_labelled,eeg2_hjorth_mobility_mean_mean,0.0,False,False,0.0640911104407666,0.1968164675487297,0.0935195906455048
h5_subject_features_labelled,eeg2_hjorth_mobility_std_mean,0.0,False,False,0.0364714096641874,0.1058880850504417,0.0495318474065104
h5_subject_features_labelled,eeg2_hjorth_mobility_median_mean,0.0,False,False,0.0533748853975859,0.2020501994605788,0.0820494674079651
h5_subject_features_labelled,eeg2_hjorth_complexity_mean_mean,0.0,False,False,2.771898224143568,6.962732482116356,5.2755531377142
h5_subject_features_labelled,eeg2_hjorth_complexity_std_mean,0.0,False,False,0.6150807933557229,4.411838500398935,2.4704924673947497
h5_subject_features_labelled,eeg2_hjorth_complexity_median_mean,0.0,False,False,2.616179130856405,6.605074236929091,4.692674423229097
h5_subject_features_labelled,eeg2_total_power_0p5_30_mean_mean,0.0,False,False,13468178.098578189,12031735452.559654,192673907.2097649
h5_subject_features_labelled,eeg2_total_power_0p5_30_std_mean,0.0,False,False,173109027.4767531,49442372860.29702,3561151581.040998
h5_subject_features_labelled,eeg2_total_power_0p5_30_median_mean,0.0,False,False,74.56593455334516,53150132.58504576,2227.2463751082805
h5_subject_features_labelled,eeg2_delta_power_mean_mean,0.0,False,False,12782115.588474607,10113931605.91038,181411235.1260732
h5_subject_features_labelled,eeg2_delta_power_std_mean,0.0,False,False,166477099.81812888,38726323404.97861,3269350605.714287
h5_subject_features_labelled,eeg2_delta_power_median_mean,0.0,False,False,41.42877073344391,52651144.58689623,1974.1374820102872
h5_subject_features_labelled,eeg2_delta_relative_power_mean_mean,0.0,False,False,0.5646082117534693,0.908928976994264,0.8346351981358721
h5_subject_features_labelled,eeg2_delta_relative_power_std_mean,0.0,False,False,0.0812244495265723,0.2038727603570643,0.1244206863755848
h5_subject_features_labelled,eeg2_delta_relative_power_median_mean,0.0,False,False,0.5518156590488266,0.9330196895014952,0.8638542277847876
h5_subject_features_labelled,eeg2_theta_power_mean_mean,0.0,False,False,457464.4886351819,1376259193.3141403,8268543.367920602
h5_subject_features_labelled,eeg2_theta_power_std_mean,0.0,False,False,5413454.604038534,8848176938.513294,181288427.5372972
h5_subject_features_labelled,eeg2_theta_power_median_mean,0.0,False,False,15.312914670210484,353014.62685650314,146.95800376367484
h5_subject_features_labelled,eeg2_theta_relative_power_mean_mean,0.0,False,False,0.0498129810432947,0.2005068700084891,0.082521585878494
h5_subject_features_labelled,eeg2_theta_relative_power_std_mean,0.0,False,False,0.0414406775339795,0.1041779823566847,0.0602598732052154
h5_subject_features_labelled,eeg2_theta_relative_power_median_mean,0.0,False,False,0.0390427202998112,0.2023373881669541,0.0718521481596402
h5_subject_features_labelled,eeg2_alpha_power_mean_mean,0.0,False,False,77185.81499101708,154190165.73072922,1698093.8644723557
h5_subject_features_labelled,eeg2_alpha_power_std_mean,0.0,False,False,928908.8967577904,1150159761.049894,36792336.36378558
h5_subject_features_labelled,eeg2_alpha_power_median_mean,0.0,False,False,6.7775588068357955,46800.86401526816,37.12579694187358
h5_subject_features_labelled,eeg2_alpha_relative_power_mean_mean,0.0,False,False,0.014980564601396,0.0857983124962945,0.0323123325103041
h5_subject_features_labelled,eeg2_alpha_relative_power_std_mean,0.0,False,False,0.0166159915485753,0.0701832567298892,0.0322937559173831
h5_subject_features_labelled,eeg2_alpha_relative_power_median_mean,0.0,False,False,0.0051898608263126,0.0887984103566457,0.0234902936759062
h5_subject_features_labelled,eeg2_sigma_power_mean_mean,0.0,False,False,20471.26962257037,48401612.51970145,619727.4757798661
h5_subject_features_labelled,eeg2_sigma_power_std_mean,0.0,False,False,286528.21840691654,379045160.7613623,12799493.476301469
h5_subject_features_labelled,eeg2_sigma_power_median_mean,0.0,False,False,3.677768196743356,8446.448580534987,13.9135449653287
h5_subject_features_labelled,eeg2_sigma_relative_power_mean_mean,0.0,False,False,0.0065168047899836,0.0469443335627328,0.0132555356793285
h5_subject_features_labelled,eeg2_sigma_relative_power_std_mean,0.0,False,False,0.0074447913835504,0.0905302099297065,0.0139091206145943
h5_subject_features_labelled,eeg2_sigma_relative_power_median_mean,0.0,False,False,0.0012613495176968,0.0489960619486387,0.0082680421931176
h5_subject_features_labelled,eeg2_beta_power_mean_mean,0.0,False,False,13849.94597373231,31351111.948099025,426066.804601796
h5_subject_features_labelled,eeg2_beta_power_std_mean,0.0,False,False,135431.91768808497,261578737.79868135,9463954.097142318
h5_subject_features_labelled,eeg2_beta_power_median_mean,0.0,False,False,4.049765617943208,2179.7126078232673,15.948372516148428
h5_subject_features_labelled,eeg2_beta_relative_power_mean_mean,0.0,False,False,0.0086682857714304,0.0655009373338772,0.0167419882470224
h5_subject_features_labelled,eeg2_beta_relative_power_std_mean,0.0,False,False,0.0119769219986477,0.042734791118126,0.0208105203351283
h5_subject_features_labelled,eeg2_beta_relative_power_median_mean,0.0,False,False,0.000802256923579,0.065383663988474,0.008591274821073
h5_subject_features_labelled,eeg2_theta_alpha_ratio_mean_mean,0.0,False,False,2.6225381376963113,10.319001050061322,5.256483109554014
h5_subject_features_labelled,eeg2_theta_alpha_ratio_std_mean,0.0,False,False,1.1538813810174082,23.167778380334312,5.98274449694085
h5_subject_features_labelled,eeg2_theta_alpha_ratio_median_mean,0.0,False,False,2.2434709134832795,7.07441065376112,3.791798454359246
h5_subject_features_labelled,eeg2_delta_beta_ratio_mean_mean,0.0,False,False,16.488873460976837,40930.84618512498,1326.7893466056887
h5_subject_features_labelled,eeg2_delta_beta_ratio_std_mean,0.0,False,False,38.26189614236863,302881.68700953183,9567.79247978007
h5_subject_features_labelled,eeg2_delta_beta_ratio_median_mean,0.0,False,False,8.312148515494597,1128.7239605013256,129.64258755913536
h5_subject_features_labelled,eeg2_delta_sigma_ratio_mean_mean,0.0,False,False,20.281848683872344,18370.47066229462,981.9480414599636
h5_subject_features_labelled,eeg2_delta_sigma_ratio_std_mean,0.0,False,False,36.95310423852144,107023.69408320652,4990.546726074583
h5_subject_features_labelled,eeg2_delta_sigma_ratio_median_mean,0.0,False,False,11.2199181069056,759.3828790151213,124.99370688484132
h5_subject_features_labelled,eeg3_mean_mean_mean,0.0,False,False,-1.0787466449215448e-13,7.332906809438812e-14,-2.7228022781913207e-16
h5_subject_features_labelled,eeg3_mean_std_mean,0.0,False,False,1.2316592078594426e-13,2.5928392628910578e-12,1.0638127578517877e-12
h5_subject_features_labelled,eeg3_mean_median_mean,0.0,False,False,-2.5076918614681033e-15,7.868581134696091e-15,-2.6568141356800317e-17
h5_subject_features_labelled,eeg3_std_mean_mean,0.0,False,False,822.7814062052437,11299.950407672432,3245.195538469048
h5_subject_features_labelled,eeg3_std_std_mean,0.0,False,False,3807.407858245299,27054.723122165964,11519.160413222136
h5_subject_features_labelled,eeg3_std_median_mean,0.0,False,False,8.579369902448928,3990.1703350201265,821.8943666756344
h5_subject_features_labelled,eeg3_iqr_mean_mean,0.0,False,False,93.48892908359156,4793.184890402742,1534.2702573682664
h5_subject_features_labelled,eeg3_iqr_std_mean,0.0,False,False,442.4615287908141,14293.61753585264,3305.256065164565
h5_subject_features_labelled,eeg3_iqr_median_mean,0.0,False,False,11.168697033484143,3330.6198386755186,889.7150686755413
h5_subject_features_labelled,eeg3_skew_mean_mean,0.0,False,False,-0.1535917060686004,0.5418688051517853,0.2097099710789237
h5_subject_features_labelled,eeg3_skew_std_mean,0.0,False,False,0.9247335354121716,2.1102066889878244,1.4885954638037957
h5_subject_features_labelled,eeg3_skew_median_mean,0.0,False,False,-0.1607387875151444,0.2714617063667591,0.0527793340884575
h5_subject_features_labelled,eeg3_kurtosis_mean_mean,0.0,False,False,3.85105722940392,14.495192320388268,7.762050165974622
h5_subject_features_labelled,eeg3_kurtosis_std_mean,0.0,False,False,10.920913645155789,27.801602287122144,16.031662639512827
h5_subject_features_labelled,eeg3_kurtosis_median_mean,0.0,False,False,-0.4783344352132437,10.355534032990782,1.5984789970835742
h5_subject_features_labelled,eeg3_zero_crossings_mean_mean,0.0,False,False,84.49917805230136,429.09354838709675,124.68460521840456
h5_subject_features_labelled,eeg3_zero_crossings_std_mean,0.0,False,False,22.550754876489155,101.53633673722044,53.31839535392887
h5_subject_features_labelled,eeg3_zero_crossings_median_mean,0.0,False,False,76.78571428571429,435.0,115.07142857142856
h5_subject_features_labelled,eeg3_hjorth_mobility_mean_mean,0.0,False,False,0.0461605600243606,0.1807811477468914,0.0566743543486512
h5_subject_features_labelled,eeg3_hjorth_mobility_std_mean,0.0,False,False,0.0101312477094413,0.0587563545177038,0.0245723388655312
h5_subject_features_labelled,eeg3_hjorth_mobility_median_mean,0.0,False,False,0.0384865475629595,0.1778015149987431,0.0520429069882693
h5_subject_features_labelled,eeg3_hjorth_complexity_mean_mean,0.0,False,False,3.045577699159443,6.6161770608929,4.9955017094668115
h5_subject_features_labelled,eeg3_hjorth_complexity_std_mean,0.0,False,False,0.527333747178797,3.1871028100064094,1.7974059965401956
h5_subject_features_labelled,eeg3_hjorth_complexity_median_mean,0.0,False,False,2.9732644938501274,6.452829664390414,4.675275266991678
h5_subject_features_labelled,eeg3_total_power_0p5_30_mean_mean,0.0,False,False,15906208.158766648,1138289405.39528,141846800.9817828
h5_subject_features_labelled,eeg3_total_power_0p5_30_std_mean,0.0,False,False,112581806.4821867,8007118772.6419,1360703001.4597518
h5_subject_features_labelled,eeg3_total_power_0p5_30_median_mean,0.0,False,False,67.93625634180432,35305813.85239353,689685.1009694217
h5_subject_features_labelled,eeg3_delta_power_mean_mean,0.0,False,False,15700910.785527838,1036926339.644844,134232113.45803526
h5_subject_features_labelled,eeg3_delta_power_std_mean,0.0,False,False,111559315.31679703,7272421190.147671,1298865422.158809
h5_subject_features_labelled,eeg3_delta_power_median_mean,0.0,False,False,44.58867381411208,34722368.6458035,639158.4528158215
h5_subject_features_labelled,eeg3_delta_relative_power_mean_mean,0.0,False,False,0.6523784470783976,0.9567755923261364,0.9141479233358858
h5_subject_features_labelled,eeg3_delta_relative_power_std_mean,0.0,False,False,0.0300381806775478,0.1417224776335658,0.073532863720897
h5_subject_features_labelled,eeg3_delta_relative_power_median_mean,0.0,False,False,0.6474068418149116,0.9640336794652696,0.9374775260304302
h5_subject_features_labelled,eeg3_theta_power_mean_mean,0.0,False,False,133694.96273047922,67297709.17921539,4594688.278816649
h5_subject_features_labelled,eeg3_theta_power_std_mean,0.0,False,False,597797.3859567618,515887233.6879354,62195728.37832758
h5_subject_features_labelled,eeg3_theta_power_median_mean,0.0,False,False,10.996717914512647,463957.85113596567,26369.682453799287
h5_subject_features_labelled,eeg3_theta_relative_power_mean_mean,0.0,False,False,0.0328432590924432,0.1544614179647162,0.0528551212112074
h5_subject_features_labelled,eeg3_theta_relative_power_std_mean,0.0,False,False,0.0207220451847081,0.086104879908007,0.0461824035298664
h5_subject_features_labelled,eeg3_theta_relative_power_median_mean,0.0,False,False,0.0266933592441258,0.1565944584394187,0.0400309983340478
h5_subject_features_labelled,eeg3_alpha_power_mean_mean,0.0,False,False,31601.26867101402,12325559.024021884,848937.7147106818
h5_subject_features_labelled,eeg3_alpha_power_std_mean,0.0,False,False,228356.65834701844,100166814.0619559,13587099.10310202
h5_subject_features_labelled,eeg3_alpha_power_median_mean,0.0,False,False,4.732588105545193,75307.7712335135,3264.072027203831
h5_subject_features_labelled,eeg3_alpha_relative_power_mean_mean,0.0,False,False,0.0032369662542751,0.0683808818971403,0.0129055559655142
h5_subject_features_labelled,eeg3_alpha_relative_power_std_mean,0.0,False,False,0.0043982535581146,0.062923263259538,0.0156340146467467
h5_subject_features_labelled,eeg3_alpha_relative_power_median_mean,0.0,False,False,0.0018523162714101,0.0694148338956633,0.0073957641330892
h5_subject_features_labelled,eeg3_sigma_power_mean_mean,0.0,False,False,2484.4311279035055,4218927.601855446,279087.0820008773
h5_subject_features_labelled,eeg3_sigma_power_std_mean,0.0,False,False,14448.582702958633,35102508.66293306,4673462.251827732
h5_subject_features_labelled,eeg3_sigma_power_median_mean,0.0,False,False,2.5415997175285847,17523.11731919712,596.2035207853605
h5_subject_features_labelled,eeg3_sigma_relative_power_mean_mean,0.0,False,False,0.0009309476809837,0.0384177423271134,0.0034158734506142
h5_subject_features_labelled,eeg3_sigma_relative_power_std_mean,0.0,False,False,0.0012654769544246,0.0202707592133884,0.0055794550293924
h5_subject_features_labelled,eeg3_sigma_relative_power_median_mean,0.0,False,False,0.0003836705569633,0.0374870282109919,0.0018101134929265
h5_subject_features_labelled,eeg3_beta_power_mean_mean,0.0,False,False,1396.0220909169034,2839611.0941179623,181580.60905412276
h5_subject_features_labelled,eeg3_beta_power_std_mean,0.0,False,False,6194.2293969985985,23655299.2618916,3410374.6842896244
h5_subject_features_labelled,eeg3_beta_power_median_mean,0.0,False,False,3.3854707830441617,6492.518948741199,204.09556974744223
h5_subject_features_labelled,eeg3_beta_relative_power_mean_mean,0.0,False,False,0.0003922039186135,0.0572629249754711,0.0040044739484833
h5_subject_features_labelled,eeg3_beta_relative_power_std_mean,0.0,False,False,0.000633195992556,0.0332093279113189,0.0070418933095662
h5_subject_features_labelled,eeg3_beta_relative_power_median_mean,0.0,False,False,0.0002253539891847,0.051105726991148,0.00126157941343
h5_subject_features_labelled,eeg3_theta_alpha_ratio_mean_mean,0.0,False,False,2.3801950229745215,16.25906913510436,8.812857071830472
h5_subject_features_labelled,eeg3_theta_alpha_ratio_std_mean,0.0,False,False,0.7790962640146393,18.676159953005584,8.060462220252528
h5_subject_features_labelled,eeg3_theta_alpha_ratio_median_mean,0.0,False,False,2.288134681346926,14.888558712216,6.650456764202757
h5_subject_features_labelled,eeg3_delta_beta_ratio_mean_mean,0.0,False,False,25.552072154086257,83333.03346433623,5442.179579917619
h5_subject_features_labelled,eeg3_delta_beta_ratio_std_mean,0.0,False,False,132.80543162491503,528587.8621684366,15167.623077928238
h5_subject_features_labelled,eeg3_delta_beta_ratio_median_mean,0.0,False,False,12.6118469616032,6980.812065361939,1910.2478852081913
h5_subject_features_labelled,eeg3_delta_sigma_ratio_mean_mean,0.0,False,False,27.554114405755502,26947.58075315546,2500.2327260753664
h5_subject_features_labelled,eeg3_delta_sigma_ratio_std_mean,0.0,False,False,103.11025276776802,141420.59273014995,6594.74581135779
h5_subject_features_labelled,eeg3_delta_sigma_ratio_median_mean,0.0,False,False,17.180128187227716,2749.291420298177,757.2386030700072
h5_subject_features_labelled,eeg4_mean_mean_mean,0.0,False,False,-7.090866600771845e-14,3.6735826673268174e-14,-2.465663881264879e-15
h5_subject_features_labelled,eeg4_mean_std_mean,0.0,False,False,1.4363727722646345e-13,2.67711993829097e-12,7.688925411578725e-13
h5_subject_features_labelled,eeg4_mean_median_mean,0.0,False,False,-4.01670831466442e-16,1.6154706378090983e-14,-6.590590629946222e-18
h5_subject_features_labelled,eeg4_std_mean_mean,0.0,False,False,213.2113814333664,11386.299055641224,1418.1084452782434
h5_subject_features_labelled,eeg4_std_std_mean,0.0,False,False,3567.7841187855015,38336.90012139108,10145.221293642076
h5_subject_features_labelled,eeg4_std_median_mean,0.0,False,False,10.781016338262267,3716.6350983599896,32.51425278899372
h5_subject_features_labelled,eeg4_iqr_mean_mean,0.0,False,False,37.304864651676326,7448.194551504912,219.39973896818697
h5_subject_features_labelled,eeg4_iqr_std_mean,0.0,False,False,43.24873860984088,33403.07989736609,1695.1550766234004
h5_subject_features_labelled,eeg4_iqr_median_mean,0.0,False,False,12.086221169833578,268.4045803397575,28.780486874135818
h5_subject_features_labelled,eeg4_skew_mean_mean,0.0,False,False,-0.3594942396655747,0.7407389404474329,-0.0618846225055828
h5_subject_features_labelled,eeg4_skew_std_mean,0.0,False,False,0.9062175067387946,2.914745072000308,1.965726918073212
h5_subject_features_labelled,eeg4_skew_median_mean,0.0,False,False,-0.4058546034240434,0.3419711106457914,-0.024755243770637
h5_subject_features_labelled,eeg4_kurtosis_mean_mean,0.0,False,False,4.954779337357165,20.364293009248257,11.530220330961011
h5_subject_features_labelled,eeg4_kurtosis_std_mean,0.0,False,False,14.902739262875912,52.00882882259897,26.56406045637822
h5_subject_features_labelled,eeg4_kurtosis_median_mean,0.0,False,False,0.8670797957336314,13.221181154969544,3.318829311308645
h5_subject_features_labelled,eeg4_zero_crossings_mean_mean,0.0,False,False,171.41280633911128,415.34470879893274,276.57199074593586
h5_subject_features_labelled,eeg4_zero_crossings_std_mean,0.0,False,False,47.53233865905177,207.6905847452637,141.7948615978091
h5_subject_features_labelled,eeg4_zero_crossings_median_mean,0.0,False,False,142.0,411.1875,257.3333333333333
h5_subject_features_labelled,eeg4_hjorth_mobility_mean_mean,0.0,False,False,0.0649772004444274,0.1466134285547614,0.0970350142348074
h5_subject_features_labelled,eeg4_hjorth_mobility_std_mean,0.0,False,False,0.0216588285319332,0.0856419957174205,0.0552795290201576
h5_subject_features_labelled,eeg4_hjorth_mobility_median_mean,0.0,False,False,0.0494977723008881,0.1507321359531934,0.0842476753952499
h5_subject_features_labelled,eeg4_hjorth_complexity_mean_mean,0.0,False,False,3.576354370886278,8.185062657655415,5.773916299703282
h5_subject_features_labelled,eeg4_hjorth_complexity_std_mean,0.0,False,False,0.5729775302969933,4.431579065303558,3.0369465035354075
h5_subject_features_labelled,eeg4_hjorth_complexity_median_mean,0.0,False,False,3.4409728082588886,7.853118409797764,5.002468204673924
h5_subject_features_labelled,eeg4_total_power_0p5_30_mean_mean,0.0,False,False,16242949.475407848,3778939065.8511224,105441702.05361098
h5_subject_features_labelled,eeg4_total_power_0p5_30_std_mean,0.0,False,False,123972075.64642422,20539671195.963757,1544907006.710008
h5_subject_features_labelled,eeg4_total_power_0p5_30_median_mean,0.0,False,False,108.15418425259594,45960390.01933167,926.455647013962
h5_subject_features_labelled,eeg4_delta_power_mean_mean,0.0,False,False,15359719.35938468,3502066951.809881,97421036.30698854
h5_subject_features_labelled,eeg4_delta_power_std_mean,0.0,False,False,120817002.87737428,19100693056.868004,1410538968.8222468
h5_subject_features_labelled,eeg4_delta_power_median_mean,0.0,False,False,79.76868356417114,45269640.57479671,804.2843960729206
h5_subject_features_labelled,eeg4_delta_relative_power_mean_mean,0.0,False,False,0.7413892583358835,0.9351801776333653,0.8406776221184017
h5_subject_features_labelled,eeg4_delta_relative_power_std_mean,0.0,False,False,0.0648733664178778,0.1784341263373773,0.1183626150797501
h5_subject_features_labelled,eeg4_delta_relative_power_median_mean,0.0,False,False,0.7339800646786981,0.9571327559680688,0.8727672569203768
h5_subject_features_labelled,eeg4_theta_power_mean_mean,0.0,False,False,491500.21961683145,201950391.3589284,4446142.12128589
h5_subject_features_labelled,eeg4_theta_power_std_mean,0.0,False,False,3300702.573707266,1153091234.8820326,67854895.66632305
h5_subject_features_labelled,eeg4_theta_power_median_mean,0.0,False,False,9.082511744891464,489296.77476934745,40.75596747993231
h5_subject_features_labelled,eeg4_theta_relative_power_mean_mean,0.0,False,False,0.0334549913063909,0.1255800931175692,0.0710153628671589
h5_subject_features_labelled,eeg4_theta_relative_power_std_mean,0.0,False,False,0.0322293612169806,0.0935829142537151,0.0485309489026094
h5_subject_features_labelled,eeg4_theta_relative_power_median_mean,0.0,False,False,0.0231808481825038,0.1280801456284181,0.061883067002516
h5_subject_features_labelled,eeg4_alpha_power_mean_mean,0.0,False,False,66839.96276521085,20686499.64013309,841495.4615235565
h5_subject_features_labelled,eeg4_alpha_power_std_mean,0.0,False,False,961418.077343302,136604135.29620898,16261421.662259344
h5_subject_features_labelled,eeg4_alpha_power_median_mean,0.0,False,False,3.2272417159562052,79982.84154078971,13.096899233673843
h5_subject_features_labelled,eeg4_alpha_relative_power_mean_mean,0.0,False,False,0.0095047722752375,0.0495585947631302,0.0289855976650805
h5_subject_features_labelled,eeg4_alpha_relative_power_std_mean,0.0,False,False,0.0127744938653996,0.0445963506279708,0.0279921429468261
h5_subject_features_labelled,eeg4_alpha_relative_power_median_mean,0.0,False,False,0.0046009226720859,0.0500275813401941,0.0200687163942057
h5_subject_features_labelled,eeg4_sigma_power_mean_mean,0.0,False,False,19388.71643675534,6135196.5565422755,278853.99453897914
h5_subject_features_labelled,eeg4_sigma_power_std_mean,0.0,False,False,294324.7199879099,41984801.11437077,5569155.423423306
h5_subject_features_labelled,eeg4_sigma_power_median_mean,0.0,False,False,1.6195899904346571,11158.056561888896,6.55366260757866
h5_subject_features_labelled,eeg4_sigma_relative_power_mean_mean,0.0,False,False,0.0046789328129526,0.0375202836335158,0.0165216879667335
h5_subject_features_labelled,eeg4_sigma_relative_power_std_mean,0.0,False,False,0.0064955936196361,0.0433718925186224,0.0161280410057158
h5_subject_features_labelled,eeg4_sigma_relative_power_median_mean,0.0,False,False,0.0020422268961492,0.026161740653026,0.0101437827699203
h5_subject_features_labelled,eeg4_beta_power_mean_mean,0.0,False,False,11413.843199369378,3820756.6343947737,188285.65697244843
h5_subject_features_labelled,eeg4_beta_power_std_mean,0.0,False,False,233703.64008550328,28819987.938228343,4405444.369282242
h5_subject_features_labelled,eeg4_beta_power_median_mean,0.0,False,False,2.397179641617159,3519.7342080045823,7.526778843713964
h5_subject_features_labelled,eeg4_beta_relative_power_mean_mean,0.0,False,False,0.0098739220406428,0.0567688198617905,0.0233225692744278
h5_subject_features_labelled,eeg4_beta_relative_power_std_mean,0.0,False,False,0.0106475559615358,0.0811656808764469,0.0298614410103316
h5_subject_features_labelled,eeg4_beta_relative_power_median_mean,0.0,False,False,0.0025365556151397,0.0350115658962296,0.0111007884035256
h5_subject_features_labelled,eeg4_theta_alpha_ratio_mean_mean,0.0,False,False,2.6377772658146257,9.8194211396756,5.1597229017561075
h5_subject_features_labelled,eeg4_theta_alpha_ratio_std_mean,0.0,False,False,0.695693227778466,21.89730424451857,6.425630854004984
h5_subject_features_labelled,eeg4_theta_alpha_ratio_median_mean,0.0,False,False,2.1491336042851543,5.620301605350833,3.355630078816042
h5_subject_features_labelled,eeg4_delta_beta_ratio_mean_mean,0.0,False,False,30.89147704646777,54849.72923099188,2045.1524506167425
h5_subject_features_labelled,eeg4_delta_beta_ratio_std_mean,0.0,False,False,81.15562124358185,312035.9045192479,15596.449036178785
h5_subject_features_labelled,eeg4_delta_beta_ratio_median_mean,0.0,False,False,20.96315605996856,872.2317021663827,102.94027196005663
h5_subject_features_labelled,eeg4_delta_sigma_ratio_mean_mean,0.0,False,False,36.63018017588268,25277.021651823936,1341.8418091628016
h5_subject_features_labelled,eeg4_delta_sigma_ratio_std_mean,0.0,False,False,50.36247668198224,135665.12933626436,7983.649521085375
h5_subject_features_labelled,eeg4_delta_sigma_ratio_median_mean,0.0,False,False,28.226862646558995,913.6892447001636,110.8254884681929
h5_subject_features_labelled,n_epochs_median,0.0,False,False,70.0,1434.0,1070.0
h5_subject_features_labelled,wake_epochs_median,0.0,False,False,37.0,564.0,147.0
h5_subject_features_labelled,sleep_epochs_median,0.0,False,False,0.0,1090.0,859.0
h5_subject_features_labelled,tst_minutes_from_hypnogram_median,0.0,False,False,0.0,545.0,429.5
h5_subject_features_labelled,sleep_efficiency_epoch_ratio_median,0.0,False,False,0.0,0.9684601113172542,0.8487547986141681
h5_subject_features_labelled,Wake_epochs_median,0.0,False,False,37.0,564.0,147.0
h5_subject_features_labelled,Wake_percentage_median,1.0,True,True,,,
h5_subject_features_labelled,N1_epochs_median,0.0,False,False,0.0,128.0,53.0
h5_subject_features_labelled,N1_percentage_median,0.02127659574468085,False,False,0.0398722262475475,0.2547379789631855,0.06955281865450344
h5_subject_features_labelled,N2_epochs_median,0.0,False,False,0.0,564.0,383.0
h5_subject_features_labelled,N2_percentage_median,0.02127659574468085,False,False,0.3399602385685885,0.5763671307212765,0.4333265928894444
h5_subject_features_labelled,N3_epochs_median,0.0,False,False,0.0,322.0,173.0
h5_subject_features_labelled,N3_percentage_median,0.02127659574468085,False,False,0.0338850883822273,0.3896620278330019,0.20947974724682317
h5_subject_features_labelled,REM_epochs_median,0.0,False,False,0.0,349.5,207.0
h5_subject_features_labelled,REM_percentage_median,0.02127659574468085,False,False,0.1099656357388316,0.4244083840432724,0.2583489916401056
h5_subject_features_labelled,eeg1_mean_mean_median,0.0,False,False,-2.103910605933529e-14,6.620831940599482e-14,1.6643096630428536e-16
h5_subject_features_labelled,eeg1_mean_std_median,0.0,False,False,1.4810250160168133e-14,4.0686075585102015e-12,6.669050122369208e-13
h5_subject_features_labelled,eeg1_mean_median_median,0.0,False,False,-1.2081491787631883e-16,7.547924427142214e-16,0.0
h5_subject_features_labelled,eeg1_std_mean_median,0.0,False,False,103.99126576970156,6237.271310378999,1196.8043525648677
h5_subject_features_labelled,eeg1_std_std_median,0.0,False,False,484.3954617184668,42738.81929388533,12145.461072125883
h5_subject_features_labelled,eeg1_std_median_median,0.0,False,False,10.96252939431319,282.67554846916596,39.2254648325589
h5_subject_features_labelled,eeg1_iqr_mean_median,0.0,False,False,35.35673636978677,1331.316047615929,181.7985699115519
h5_subject_features_labelled,eeg1_iqr_std_median,0.0,False,False,40.31313252904041,19468.18285603973,1936.7750604687496
h5_subject_features_labelled,eeg1_iqr_median_median,0.0,False,False,13.43778216391771,231.3729500803153,36.183266711932255
h5_subject_features_labelled,eeg1_skew_mean_median,0.0,False,False,-0.6734760831227306,0.616979753891523,-0.0891243301951326
h5_subject_features_labelled,eeg1_skew_std_median,0.0,False,False,1.1764112083243343,3.937468758049502,2.0037752536104545
h5_subject_features_labelled,eeg1_skew_median_median,0.0,False,False,-0.4590615308887753,0.4653367272140846,-0.1449683794310621
h5_subject_features_labelled,eeg1_kurtosis_mean_median,0.0,False,False,6.1376518865624785,43.131844592539146,11.083547087738594
h5_subject_features_labelled,eeg1_kurtosis_std_median,0.0,False,False,11.662268307945444,119.79321980941086,26.9450498159133
h5_subject_features_labelled,eeg1_kurtosis_median_median,0.0,False,False,0.7701429914533493,15.469278757688784,2.4211015196093744
h5_subject_features_labelled,eeg1_zero_crossings_mean_median,0.0,False,False,172.4390243902439,369.69300163891,259.39065420560746
h5_subject_features_labelled,eeg1_zero_crossings_std_median,0.0,False,False,40.14653940938786,181.42466987292084,111.70901381529868
h5_subject_features_labelled,eeg1_zero_crossings_median_median,0.0,False,False,172.5,370.5,249.0
h5_subject_features_labelled,eeg1_hjorth_mobility_mean_median,0.0,False,False,0.0669996553754883,0.135389293212231,0.0960856353199414
h5_subject_features_labelled,eeg1_hjorth_mobility_std_median,0.0,False,False,0.0258688108310808,0.1031451305186118,0.0476509526105287
h5_subject_features_labelled,eeg1_hjorth_mobility_median_median,0.0,False,False,0.0609683344760018,0.1327752300123845,0.087199903871648
h5_subject_features_labelled,eeg1_hjorth_complexity_mean_median,0.0,False,False,3.8302898696681393,6.502554371670447,5.271820345961604
h5_subject_features_labelled,eeg1_hjorth_complexity_std_median,0.0,False,False,0.5613762549577694,4.23105396517043,2.387561965424483
h5_subject_features_labelled,eeg1_hjorth_complexity_median_median,0.0,False,False,3.775128810256584,5.722273536760483,4.657953441438507
h5_subject_features_labelled,eeg1_total_power_0p5_30_mean_median,0.0,False,False,275086.4307608238,1639060965.5927637,113183074.12990811
h5_subject_features_labelled,eeg1_total_power_0p5_30_std_median,0.0,False,False,10970259.985118983,16482871784.924835,2322025884.4340153
h5_subject_features_labelled,eeg1_total_power_0p5_30_median_median,0.0,False,False,111.39939823798576,58762.262877810586,1048.895415267291
h5_subject_features_labelled,eeg1_delta_power_mean_median,0.0,False,False,214456.8265054805,1491958882.6050172,102195764.06286272
h5_subject_features_labelled,eeg1_delta_power_std_median,0.0,False,False,8795923.271941539,14661058743.869265,2109751630.7978473
h5_subject_features_labelled,eeg1_delta_power_median_median,0.0,False,False,87.71370343886878,45505.63890531329,895.600931336283
h5_subject_features_labelled,eeg1_delta_relative_power_mean_median,0.0,False,False,0.7517559561094035,0.8849532409012764,0.8259025945396257
h5_subject_features_labelled,eeg1_delta_relative_power_std_median,0.0,False,False,0.0816971844919814,0.2039473019378671,0.1254076210815642
h5_subject_features_labelled,eeg1_delta_relative_power_median_median,0.0,False,False,0.7798388228329869,0.9255927500238592,0.8528594586986529
h5_subject_features_labelled,eeg1_theta_power_mean_median,0.0,False,False,38345.267214969506,72000410.75096247,4171984.305515333
h5_subject_features_labelled,eeg1_theta_power_std_median,0.0,False,False,1083771.1753686138,1388528926.224476,72185941.80295871
h5_subject_features_labelled,eeg1_theta_power_median_median,0.0,False,False,12.25638947837204,6552.602180361034,67.77607177928735
h5_subject_features_labelled,eeg1_theta_relative_power_mean_median,0.0,False,False,0.0616714628847674,0.120750585303903,0.0944538661088705
h5_subject_features_labelled,eeg1_theta_relative_power_std_median,0.0,False,False,0.0427353416276028,0.0927418842896394,0.0618287082288081
h5_subject_features_labelled,eeg1_theta_relative_power_median_median,0.0,False,False,0.0443937982264409,0.1120013830497997,0.0806875155625541
h5_subject_features_labelled,eeg1_alpha_power_mean_median,0.0,False,False,8683.878718245267,10870979.422008589,678698.3359300144
h5_subject_features_labelled,eeg1_alpha_power_std_median,0.0,False,False,310631.64766901423,185633319.00137532,16997779.903947294
h5_subject_features_labelled,eeg1_alpha_power_median_median,0.0,False,False,4.016243720888625,958.622723151764,22.841891262897565
h5_subject_features_labelled,eeg1_alpha_relative_power_mean_median,0.0,False,False,0.0174707414310909,0.0574310277999778,0.0325928788387809
h5_subject_features_labelled,eeg1_alpha_relative_power_std_median,0.0,False,False,0.0172133700288971,0.0664479060749718,0.0310307488820803
h5_subject_features_labelled,eeg1_alpha_relative_power_median_median,0.0,False,False,0.0105684338867298,0.0418241525042144,0.0240448353469964
h5_subject_features_labelled,eeg1_sigma_power_mean_median,0.0,False,False,2710.7603748666784,2584653.601608333,193630.36228877265
h5_subject_features_labelled,eeg1_sigma_power_std_median,0.0,False,False,107030.57940759136,50111256.56142767,4750370.28949888
h5_subject_features_labelled,eeg1_sigma_power_median_median,0.0,False,False,2.012854362554068,204.66869535357145,8.810980670333237
h5_subject_features_labelled,eeg1_sigma_relative_power_mean_median,0.0,False,False,0.0063498420560324,0.031773419454445,0.0138774516552232
h5_subject_features_labelled,eeg1_sigma_relative_power_std_median,0.0,False,False,0.0066835706851676,0.0625284441521544,0.0147596062295751
h5_subject_features_labelled,eeg1_sigma_relative_power_median_median,0.0,False,False,0.0031823721293747,0.0190613209315485,0.009268001449117
h5_subject_features_labelled,eeg1_beta_power_mean_median,0.0,False,False,2585.007869296575,3229382.6934453812,149232.6885913947
h5_subject_features_labelled,eeg1_beta_power_std_median,0.0,False,False,77046.34362712556,46757660.05349031,3623005.573555708
h5_subject_features_labelled,eeg1_beta_power_median_median,0.0,False,False,2.6852819296559987,101.52721622346004,8.627376949952241
h5_subject_features_labelled,eeg1_beta_relative_power_mean_median,0.0,False,False,0.0056150527756486,0.0353724345611608,0.0173298245553043
h5_subject_features_labelled,eeg1_beta_relative_power_std_median,0.0,False,False,0.0067748443688987,0.0530720799718674,0.0202762298763131
h5_subject_features_labelled,eeg1_beta_relative_power_median_median,0.0,False,False,0.0019708582845503,0.0257283483839339,0.008785079693967
h5_subject_features_labelled,eeg1_theta_alpha_ratio_mean_median,0.0,False,False,2.5108792279699865,7.1885750295986846,4.681897281124097
h5_subject_features_labelled,eeg1_theta_alpha_ratio_std_median,0.0,False,False,1.4360490767462195,9.46762644367793,5.0491813048561625
h5_subject_features_labelled,eeg1_theta_alpha_ratio_median_median,0.0,False,False,1.9726357467325908,6.45793443617092,3.4936228502893165
h5_subject_features_labelled,eeg1_delta_beta_ratio_mean_median,0.0,False,False,38.02724347697278,6420.766723501468,1069.0574906006027
h5_subject_features_labelled,eeg1_delta_beta_ratio_std_median,0.0,False,False,48.94704426435941,118612.23390310486,6363.651932441634
h5_subject_features_labelled,eeg1_delta_beta_ratio_median_median,0.0,False,False,30.1576679081607,381.6374209163362,98.4327401021636
h5_subject_features_labelled,eeg1_delta_sigma_ratio_mean_median,0.0,False,False,49.38545680378754,4658.404984368534,709.8266853864259
h5_subject_features_labelled,eeg1_delta_sigma_ratio_std_median,0.0,False,False,42.46715222069151,112214.70585360617,3402.7509897091895
h5_subject_features_labelled,eeg1_delta_sigma_ratio_median_median,0.0,False,False,40.83963846815561,289.6251093373015,93.7427958321203
h5_subject_features_labelled,eeg2_mean_mean_median,0.0,False,False,-9.122359856560149e-14,2.414546519445415e-13,-4.179232070152627e-16
h5_subject_features_labelled,eeg2_mean_std_median,0.0,False,False,1.07803189134231e-13,4.147707352159858e-12,6.817341574271963e-13
h5_subject_features_labelled,eeg2_mean_median_median,0.0,False,False,-2.89840298002261e-15,1.0572709765528261e-16,0.0
h5_subject_features_labelled,eeg2_std_mean_median,0.0,False,False,226.34982143300545,6971.263139664556,1421.2056359148655
h5_subject_features_labelled,eeg2_std_std_median,0.0,False,False,1664.381871987747,46676.18396209752,13500.967321650583
h5_subject_features_labelled,eeg2_std_median_median,0.0,False,False,8.904116585032664,616.6405136540048,39.67821022692696
h5_subject_features_labelled,eeg2_iqr_mean_median,0.0,False,False,35.08319896433957,2111.3858008580783,206.15624201906627
h5_subject_features_labelled,eeg2_iqr_std_median,0.0,False,False,32.07075567996512,19678.380385112898,2011.0078607447267
h5_subject_features_labelled,eeg2_iqr_median_median,0.0,False,False,11.635384691030822,166.3170763854061,35.07379152193301
h5_subject_features_labelled,eeg2_skew_mean_median,0.0,False,False,-0.6290236162116757,1.4505624082155404,-0.16131222675123
h5_subject_features_labelled,eeg2_skew_std_median,0.0,False,False,1.1635984596272966,3.4751893786566237,2.012418325612838
h5_subject_features_labelled,eeg2_skew_median_median,0.0,False,False,-0.4408367657385432,0.61407276261385,-0.1800616177954392
h5_subject_features_labelled,eeg2_kurtosis_mean_median,0.0,False,False,6.064860246562372,41.215948352218106,11.50179676754343
h5_subject_features_labelled,eeg2_kurtosis_std_median,0.0,False,False,12.309862123003631,74.04269658561508,27.91666373789664
h5_subject_features_labelled,eeg2_kurtosis_median_median,0.0,False,False,0.3577864991275461,16.60976443222612,2.499261970107867
h5_subject_features_labelled,eeg2_zero_crossings_mean_median,0.0,False,False,163.32819584799006,480.18494623655914,260.7808161939917
h5_subject_features_labelled,eeg2_zero_crossings_std_median,0.0,False,False,58.85559300557603,201.17294034743145,110.36320437098055
h5_subject_features_labelled,eeg2_zero_crossings_median_median,0.0,False,False,149.5,487.0,253.0
h5_subject_features_labelled,eeg2_hjorth_mobility_mean_median,0.0,False,False,0.0662154700373728,0.1968164675487297,0.0950282480437287
h5_subject_features_labelled,eeg2_hjorth_mobility_std_median,0.0,False,False,0.0310125545355049,0.1015145374448152,0.0464974062381868
h5_subject_features_labelled,eeg2_hjorth_mobility_median_median,0.0,False,False,0.0543778281518312,0.2020501994605788,0.0833987974074793
h5_subject_features_labelled,eeg2_hjorth_complexity_mean_median,0.0,False,False,2.771898224143568,7.006116335655987,5.291489996837247
h5_subject_features_labelled,eeg2_hjorth_complexity_std_median,0.0,False,False,0.6150807933557229,4.724254433194763,2.4603585796943475
h5_subject_features_labelled,eeg2_hjorth_complexity_median_median,0.0,False,False,2.616179130856405,6.110422292712713,4.70402864803542
h5_subject_features_labelled,eeg2_total_power_0p5_30_mean_median,0.0,False,False,1855194.8407764144,1912689565.1399205,129579509.8170392
h5_subject_features_labelled,eeg2_total_power_0p5_30_std_median,0.0,False,False,29561218.57625195,19473314248.22203,2289052727.4361076
h5_subject_features_labelled,eeg2_total_power_0p5_30_median_median,0.0,False,False,74.56593455334516,176474.26533747162,1133.8539774358296
h5_subject_features_labelled,eeg2_delta_power_mean_median,0.0,False,False,1757550.022736994,1834850025.1017845,120920900.25153922
h5_subject_features_labelled,eeg2_delta_power_std_median,0.0,False,False,27573188.114243697,17181777462.188133,2137313291.703053
h5_subject_features_labelled,eeg2_delta_power_median_median,0.0,False,False,41.42877073344391,164480.04829433552,1015.0718326991716
h5_subject_features_labelled,eeg2_delta_relative_power_mean_median,0.0,False,False,0.5646082117534693,0.9057686030399268,0.8338045284198367
h5_subject_features_labelled,eeg2_delta_relative_power_std_median,0.0,False,False,0.082731283113603,0.2038727603570643,0.1204137488934813
h5_subject_features_labelled,eeg2_delta_relative_power_median_median,0.0,False,False,0.5518156590488266,0.9369282744262616,0.8636410209292886
h5_subject_features_labelled,eeg2_theta_power_mean_median,0.0,False,False,64866.3275874727,80222067.99073735,5268207.458542889
h5_subject_features_labelled,eeg2_theta_power_std_median,0.0,False,False,1386279.792488401,1562400147.731312,79147595.76853453
h5_subject_features_labelled,eeg2_theta_power_median_median,0.0,False,False,15.312914670210484,5538.020884901354,65.00502233202205
h5_subject_features_labelled,eeg2_theta_relative_power_mean_median,0.0,False,False,0.0539705511632327,0.2005068700084891,0.0844015718221571
h5_subject_features_labelled,eeg2_theta_relative_power_std_median,0.0,False,False,0.0395814774172555,0.1041779823566847,0.0599078249819026
h5_subject_features_labelled,eeg2_theta_relative_power_median_median,0.0,False,False,0.0368880023028561,0.2023373881669541,0.0718919002887034
h5_subject_features_labelled,eeg2_alpha_power_mean_median,0.0,False,False,13479.61993976422,12894926.809098242,956554.2076328668
h5_subject_features_labelled,eeg2_alpha_power_std_median,0.0,False,False,333608.5275583527,208990063.04600853,18424254.17842014
h5_subject_features_labelled,eeg2_alpha_power_median_median,0.0,False,False,6.7775588068357955,577.7710708455259,24.728506362960488
h5_subject_features_labelled,eeg2_alpha_relative_power_mean_median,0.0,False,False,0.0139041083929223,0.0857983124962945,0.0326835048088217
h5_subject_features_labelled,eeg2_alpha_relative_power_std_median,0.0,False,False,0.0168459243051977,0.0666104532947335,0.0305571792103993
h5_subject_features_labelled,eeg2_alpha_relative_power_median_median,0.0,False,False,0.0051898608263126,0.0887984103566457,0.0218324173416086
h5_subject_features_labelled,eeg2_sigma_power_mean_median,0.0,False,False,3656.4922425144,4536572.2532464005,331561.9027381906
h5_subject_features_labelled,eeg2_sigma_power_std_median,0.0,False,False,66322.90181320015,77458486.5114,7521135.804381063
h5_subject_features_labelled,eeg2_sigma_power_median_median,0.0,False,False,3.677768196743356,111.27328364544968,8.53570171249584
h5_subject_features_labelled,eeg2_sigma_relative_power_mean_median,0.0,False,False,0.0064430420266704,0.0469443335627328,0.0130595884431774
h5_subject_features_labelled,eeg2_sigma_relative_power_std_median,0.0,False,False,0.0067164689348774,0.0905302099297065,0.0136604636856295
h5_subject_features_labelled,eeg2_sigma_relative_power_median_median,0.0,False,False,0.0012613495176968,0.0489960619486387,0.0082047580436894
h5_subject_features_labelled,eeg2_beta_power_mean_median,0.0,False,False,3090.4642261943213,2777770.4211011557,217161.79394328376
h5_subject_features_labelled,eeg2_beta_power_std_median,0.0,False,False,64889.88804590843,58735730.118707344,5151454.255404163
h5_subject_features_labelled,eeg2_beta_power_median_median,0.0,False,False,3.481856422799451,72.71536001987948,7.325717126865354
h5_subject_features_labelled,eeg2_beta_relative_power_mean_median,0.0,False,False,0.0071622460886042,0.0655009373338772,0.0157746318416643
h5_subject_features_labelled,eeg2_beta_relative_power_std_median,0.0,False,False,0.0079298835653865,0.0426436039803784,0.0200363906818015
h5_subject_features_labelled,eeg2_beta_relative_power_median_median,0.0,False,False,0.000802256923579,0.065383663988474,0.008099538574051
h5_subject_features_labelled,eeg2_theta_alpha_ratio_mean_median,0.0,False,False,2.3829255991305978,10.319001050061322,5.041690335803127
h5_subject_features_labelled,eeg2_theta_alpha_ratio_std_median,0.0,False,False,1.1538813810174082,20.36610928745895,5.75465169944021
h5_subject_features_labelled,eeg2_theta_alpha_ratio_median_median,0.0,False,False,1.8184006399653865,7.07441065376112,3.4750066265520023
h5_subject_features_labelled,eeg2_delta_beta_ratio_mean_median,0.0,False,False,16.488873460976837,21605.45058175718,1045.8881639603349
h5_subject_features_labelled,eeg2_delta_beta_ratio_std_median,0.0,False,False,38.26189614236863,101423.2292629829,6572.38594104894
h5_subject_features_labelled,eeg2_delta_beta_ratio_median_median,0.0,False,False,8.312148515494597,1128.7239605013256,107.38041541212608
h5_subject_features_labelled,eeg2_delta_sigma_ratio_mean_median,0.0,False,False,20.281848683872344,8785.67563359539,693.3831412109105
h5_subject_features_labelled,eeg2_delta_sigma_ratio_std_median,0.0,False,False,36.95310423852144,42594.7430218187,3382.966075065676
h5_subject_features_labelled,eeg2_delta_sigma_ratio_median_median,0.0,False,False,11.2199181069056,759.3828790151213,99.81028683189513
h5_subject_features_labelled,eeg3_mean_mean_median,0.0,False,False,-8.54177678819752e-14,2.45312422291919e-14,-1.7382761960797565e-15
h5_subject_features_labelled,eeg3_mean_std_median,0.0,False,False,1.2316592078594426e-13,2.2486494030638933e-12,7.521270931962668e-13
h5_subject_features_labelled,eeg3_mean_median_median,0.0,False,False,-5.438879846105437e-16,2.477508680086787e-15,0.0
h5_subject_features_labelled,eeg3_std_mean_median,0.0,False,False,635.5593829817108,8893.67203213401,2668.645248076657
h5_subject_features_labelled,eeg3_std_std_median,0.0,False,False,3165.802608997147,25973.07263869538,10741.282530430854
h5_subject_features_labelled,eeg3_std_median_median,0.0,False,False,8.579369902448928,3241.4466228653814,402.0586823996862
h5_subject_features_labelled,eeg3_iqr_mean_median,0.0,False,False,93.48892908359156,4637.341283834702,1132.1396297221772
h5_subject_features_labelled,eeg3_iqr_std_median,0.0,False,False,442.4615287908141,10400.269423522115,2112.621092069043
h5_subject_features_labelled,eeg3_iqr_median_median,0.0,False,False,11.168697033484143,2999.197678322089,510.6095004319485
h5_subject_features_labelled,eeg3_skew_mean_median,0.0,False,False,-0.1689241394475898,0.5357066336026011,0.1929813581295227
h5_subject_features_labelled,eeg3_skew_std_median,0.0,False,False,0.890538215299331,2.0826710967983155,1.4853877684121788
h5_subject_features_labelled,eeg3_skew_median_median,0.0,False,False,-0.158240802630809,0.2663551220669723,0.0393914588598503
h5_subject_features_labelled,eeg3_kurtosis_mean_median,0.0,False,False,2.0559562236101865,15.527656148446006,7.049755312739567
h5_subject_features_labelled,eeg3_kurtosis_std_median,0.0,False,False,8.635538529381352,28.341022566418097,15.59538845062283
h5_subject_features_labelled,eeg3_kurtosis_median_median,0.0,False,False,-0.9499363406710476,10.355534032990782,0.3254633426859388
h5_subject_features_labelled,eeg3_zero_crossings_mean_median,0.0,False,False,77.04096834264432,429.09354838709675,118.19842699769086
h5_subject_features_labelled,eeg3_zero_crossings_std_median,0.0,False,False,12.710147467983695,86.31513475499386,46.71461209819533
h5_subject_features_labelled,eeg3_zero_crossings_median_median,0.0,False,False,75.0,435.0,108.5
h5_subject_features_labelled,eeg3_hjorth_mobility_mean_median,0.0,False,False,0.0444589318152852,0.1807811477468914,0.0555625071895991
h5_subject_features_labelled,eeg3_hjorth_mobility_std_median,0.0,False,False,0.0076638495743518,0.0484457917290918,0.0218493593383642
h5_subject_features_labelled,eeg3_hjorth_mobility_median_median,0.0,False,False,0.0384865475629595,0.1778015149987431,0.0520992075208547
h5_subject_features_labelled,eeg3_hjorth_complexity_mean_median,0.0,False,False,3.045577699159443,6.443432043569264,4.822051283362896
h5_subject_features_labelled,eeg3_hjorth_complexity_std_median,0.0,False,False,0.527333747178797,3.4767204820008217,1.770426388439144
h5_subject_features_labelled,eeg3_hjorth_complexity_median_median,0.0,False,False,2.9732644938501274,6.3510142866280965,4.684293679594099
h5_subject_features_labelled,eeg3_total_power_0p5_30_mean_median,0.0,False,False,6522661.994709775,482168867.9030201,89466109.59232305
h5_subject_features_labelled,eeg3_total_power_0p5_30_std_median,0.0,False,False,112581806.4821867,6011209735.32745,996498714.1197822
h5_subject_features_labelled,eeg3_total_power_0p5_30_median_median,0.0,False,False,67.93625634180432,5161594.328304851,91801.43460056777
h5_subject_features_labelled,eeg3_delta_power_mean_median,0.0,False,False,6094960.551350396,465718484.52221453,82522191.29235193
h5_subject_features_labelled,eeg3_delta_power_std_median,0.0,False,False,111559315.31679703,5683147375.1234,930824625.66374
h5_subject_features_labelled,eeg3_delta_power_median_median,0.0,False,False,44.58867381411208,4847083.30689801,88689.71132960237
h5_subject_features_labelled,eeg3_delta_relative_power_mean_median,0.0,False,False,0.6523784470783976,0.963101990910491,0.9175099635127976
h5_subject_features_labelled,eeg3_delta_relative_power_std_median,0.0,False,False,0.0189874099173217,0.1404990663441979,0.0661941169377082
h5_subject_features_labelled,eeg3_delta_relative_power_median_median,0.0,False,False,0.6474068418149116,0.9657896020678168,0.9370349605400234
h5_subject_features_labelled,eeg3_theta_power_mean_median,0.0,False,False,133694.96273047922,20178979.503691792,2737631.044171394
h5_subject_features_labelled,eeg3_theta_power_std_median,0.0,False,False,597797.3859567618,359671745.804365,39204016.3405327
h5_subject_features_labelled,eeg3_theta_power_median_median,0.0,False,False,10.996717914512647,188294.6559649182,4007.4713379174177
h5_subject_features_labelled,eeg3_theta_relative_power_mean_median,0.0,False,False,0.0305753068643092,0.1544614179647162,0.0515936505400205
h5_subject_features_labelled,eeg3_theta_relative_power_std_median,0.0,False,False,0.0144151324765887,0.086104879908007,0.042769013740414
h5_subject_features_labelled,eeg3_theta_relative_power_median_median,0.0,False,False,0.0264580478084539,0.1565944584394187,0.0397870995747088
h5_subject_features_labelled,eeg3_alpha_power_mean_median,0.0,False,False,31601.26867101402,2723754.2356547536,463163.2907327116
h5_subject_features_labelled,eeg3_alpha_power_std_median,0.0,False,False,228356.65834701844,49980402.78667864,6709785.729588174
h5_subject_features_labelled,eeg3_alpha_power_median_median,0.0,False,False,4.732588105545193,24037.661081119604,567.2524453899348
h5_subject_features_labelled,eeg3_alpha_relative_power_mean_median,0.0,False,False,0.0022260131562871,0.0683808818971403,0.0109738029093085
h5_subject_features_labelled,eeg3_alpha_relative_power_std_median,0.0,False,False,0.0021844509027443,0.0427328254993336,0.01338787128385
h5_subject_features_labelled,eeg3_alpha_relative_power_median_median,0.0,False,False,0.0017505657357597,0.0694148338956633,0.0060305412530328
h5_subject_features_labelled,eeg3_sigma_power_mean_median,0.0,False,False,2484.4311279035055,836394.6153877372,124770.027709816
h5_subject_features_labelled,eeg3_sigma_power_std_median,0.0,False,False,14448.582702958633,14176286.8177355,2256969.0525734453
h5_subject_features_labelled,eeg3_sigma_power_median_median,0.0,False,False,2.5415997175285847,3025.5953996704256,134.68526100235175
h5_subject_features_labelled,eeg3_sigma_relative_power_mean_median,0.0,False,False,0.0004729628089089,0.0384177423271134,0.0030402549485339
h5_subject_features_labelled,eeg3_sigma_relative_power_std_median,0.0,False,False,0.0006293470291372,0.0158932556355425,0.0044842847377837
h5_subject_features_labelled,eeg3_sigma_relative_power_median_median,0.0,False,False,0.0003423304393284,0.0374870282109919,0.0016248249689847
h5_subject_features_labelled,eeg3_beta_power_mean_median,0.0,False,False,1396.0220909169034,678083.2723190116,83357.8785442737
h5_subject_features_labelled,eeg3_beta_power_std_median,0.0,False,False,6194.2293969985985,10660135.696437508,1535937.2233200383
h5_subject_features_labelled,eeg3_beta_power_median_median,0.0,False,False,3.3854707830441617,673.4290328971732,84.1915751457615
h5_subject_features_labelled,eeg3_beta_relative_power_mean_median,0.0,False,False,0.0001940150621734,0.0572629249754711,0.0025003853359958
h5_subject_features_labelled,eeg3_beta_relative_power_std_median,0.0,False,False,0.0001676690538378,0.0332093279113189,0.004612727205157
h5_subject_features_labelled,eeg3_beta_relative_power_median_median,0.0,False,False,0.0001682635798914,0.051105726991148,0.0007920271727776
h5_subject_features_labelled,eeg3_theta_alpha_ratio_mean_median,0.0,False,False,2.3801950229745215,17.082903982390075,8.388747599096256
h5_subject_features_labelled,eeg3_theta_alpha_ratio_std_median,0.0,False,False,0.7790962640146393,12.978961364140506,7.5192750742451056
h5_subject_features_labelled,eeg3_theta_alpha_ratio_median_median,0.0,False,False,2.288134681346926,16.020388757625888,6.201348555159954
h5_subject_features_labelled,eeg3_delta_beta_ratio_mean_median,0.0,False,False,25.552072154086257,13110.460595278986,4830.027635635286
h5_subject_features_labelled,eeg3_delta_beta_ratio_std_median,0.0,False,False,132.80543162491503,102636.80038698236,11689.747943867698
h5_subject_features_labelled,eeg3_delta_beta_ratio_median_median,0.0,False,False,12.6118469616032,5670.568728234722,1185.888338418306
h5_subject_features_labelled,eeg3_delta_sigma_ratio_mean_median,0.0,False,False,27.554114405755502,7157.928740226698,2033.2383872410303
h5_subject_features_labelled,eeg3_delta_sigma_ratio_std_median,0.0,False,False,103.11025276776802,37784.11812720784,4458.489739133531
h5_subject_features_labelled,eeg3_delta_sigma_ratio_median_median,0.0,False,False,17.180128187227716,2834.970504450581,564.0738969932303
h5_subject_features_labelled,eeg4_mean_mean_median,0.0,False,False,-3.0537717515793146e-14,1.6837912808085715e-14,-4.272954048965682e-16
h5_subject_features_labelled,eeg4_mean_std_median,0.0,False,False,2.0210785628073623e-14,2.4163958408526467e-12,4.5148164018527474e-13
h5_subject_features_labelled,eeg4_mean_median_median,0.0,False,False,-1.8115018625141316e-16,3.01957072301769e-17,0.0
h5_subject_features_labelled,eeg4_std_mean_median,0.0,False,False,86.93843727372001,8289.822273912912,1071.9543087513428
h5_subject_features_labelled,eeg4_std_std_median,0.0,False,False,1120.3720266098449,30962.59867663495,10514.6927536115
h5_subject_features_labelled,eeg4_std_median_median,0.0,False,False,10.781016338262267,211.03220910493857,27.75056451753172
h5_subject_features_labelled,eeg4_iqr_mean_median,0.0,False,False,23.489681820724396,1498.0713201611247,140.39224131414355
h5_subject_features_labelled,eeg4_iqr_std_median,0.0,False,False,38.267362361697096,6502.138269421038,1105.7990779908646
h5_subject_features_labelled,eeg4_iqr_median_median,0.0,False,False,10.3086634982699,103.7001967659798,24.530662899463003
h5_subject_features_labelled,eeg4_skew_mean_median,0.0,False,False,-0.4558409302250403,0.7407389404474329,-0.1049015574958937
h5_subject_features_labelled,eeg4_skew_std_median,0.0,False,False,0.9062175067387946,2.9372918741924625,1.8985995908113484
h5_subject_features_labelled,eeg4_skew_median_median,0.0,False,False,-0.4058546034240434,0.3419711106457914,-0.0218126859357619
h5_subject_features_labelled,eeg4_kurtosis_mean_median,0.0,False,False,4.954779337357165,20.314381279453777,10.177289536888662
h5_subject_features_labelled,eeg4_kurtosis_std_median,0.0,False,False,11.573271604911554,51.39571526306539,27.19173303608669
h5_subject_features_labelled,eeg4_kurtosis_median_median,0.0,False,False,0.8670797957336314,13.221181154969544,2.482291681013824
h5_subject_features_labelled,eeg4_zero_crossings_mean_median,0.0,False,False,175.34997255037516,407.71020130312166,279.2692648361382
h5_subject_features_labelled,eeg4_zero_crossings_std_median,0.0,False,False,47.53233865905177,201.2018607821777,132.64200388932056
h5_subject_features_labelled,eeg4_zero_crossings_median_median,0.0,False,False,146.5,440.5,258.5
h5_subject_features_labelled,eeg4_hjorth_mobility_mean_median,0.0,False,False,0.0651411885271083,0.1466134285547614,0.0973188698494041
h5_subject_features_labelled,eeg4_hjorth_mobility_std_median,0.0,False,False,0.0216588285319332,0.072923001210676,0.0555501553649905
h5_subject_features_labelled,eeg4_hjorth_mobility_median_median,0.0,False,False,0.0511909843423101,0.1507321359531934,0.0830392915256234
h5_subject_features_labelled,eeg4_hjorth_complexity_mean_median,0.0,False,False,3.576354370886278,8.185062657655415,5.7335561742457095
h5_subject_features_labelled,eeg4_hjorth_complexity_std_median,0.0,False,False,0.5729775302969933,4.436575051705098,2.944789390722882
h5_subject_features_labelled,eeg4_hjorth_complexity_median_median,0.0,False,False,3.4409728082588886,7.853118409797764,4.986706314656616
h5_subject_features_labelled,eeg4_total_power_0p5_30_mean_median,0.0,False,False,1296095.5256417077,887222976.982532,73409726.04894999
h5_subject_features_labelled,eeg4_total_power_0p5_30_std_median,0.0,False,False,38472094.63599322,10164585357.08812,895931520.5815792
h5_subject_features_labelled,eeg4_total_power_0p5_30_median_median,0.0,False,False,105.42496609475909,15436.288371916662,430.2619054017731
h5_subject_features_labelled,eeg4_delta_power_mean_median,0.0,False,False,1007379.9283729896,859162794.5623454,65563573.25416227
h5_subject_features_labelled,eeg4_delta_power_std_median,0.0,False,False,29889353.54642568,9874549516.822067,812788184.6108181
h5_subject_features_labelled,eeg4_delta_power_median_median,0.0,False,False,79.76868356417114,14317.731998373083,373.2151467754997
h5_subject_features_labelled,eeg4_delta_relative_power_mean_median,0.0,False,False,0.7413892583358835,0.9351801776333653,0.8435737505709557
h5_subject_features_labelled,eeg4_delta_relative_power_std_median,0.0,False,False,0.0648733664178778,0.1784341263373773,0.1190571448739691
h5_subject_features_labelled,eeg4_delta_relative_power_median_median,0.0,False,False,0.7339800646786981,0.9571327559680688,0.8781548437216573
h5_subject_features_labelled,eeg4_theta_power_mean_median,0.0,False,False,173536.8423181229,27773182.403371077,2837652.802923946
h5_subject_features_labelled,eeg4_theta_power_std_median,0.0,False,False,2953430.7401226317,489005849.625726,37431257.2755883
h5_subject_features_labelled,eeg4_theta_power_median_median,0.0,False,False,7.436118832285176,361.60951596822366,21.627185648919227
h5_subject_features_labelled,eeg4_theta_relative_power_mean_median,0.0,False,False,0.0334549913063909,0.1255800931175692,0.069554268789621
h5_subject_features_labelled,eeg4_theta_relative_power_std_median,0.0,False,False,0.0322293612169806,0.0935829142537151,0.0488705810599127
h5_subject_features_labelled,eeg4_theta_relative_power_median_median,0.0,False,False,0.0231808481825038,0.1280801456284181,0.0621916150349295
h5_subject_features_labelled,eeg4_alpha_power_mean_median,0.0,False,False,25156.113698643218,3542255.108613885,473303.7223097986
h5_subject_features_labelled,eeg4_alpha_power_std_median,0.0,False,False,558761.2741060918,64769223.53214727,7926198.522438816
h5_subject_features_labelled,eeg4_alpha_power_median_median,0.0,False,False,2.956631024383435,73.85981194292677,8.366085897057932
h5_subject_features_labelled,eeg4_alpha_relative_power_mean_median,0.0,False,False,0.0095047722752375,0.0490728857447925,0.0290610621780866
h5_subject_features_labelled,eeg4_alpha_relative_power_std_median,0.0,False,False,0.0127744938653996,0.0476764331173234,0.0283105579852713
h5_subject_features_labelled,eeg4_alpha_relative_power_median_median,0.0,False,False,0.0046009226720859,0.0500275813401941,0.0182845324181852
h5_subject_features_labelled,eeg4_sigma_power_mean_median,0.0,False,False,7093.45873135719,1445778.408435637,137768.65159027462
h5_subject_features_labelled,eeg4_sigma_power_std_median,0.0,False,False,210803.66034353312,24832217.09375053,2370816.3399591497
h5_subject_features_labelled,eeg4_sigma_power_median_median,0.0,False,False,1.668153818457332,27.819848763256168,3.78441787023325
h5_subject_features_labelled,eeg4_sigma_relative_power_mean_median,0.0,False,False,0.0046789328129526,0.0388906791719743,0.0161757293921249
h5_subject_features_labelled,eeg4_sigma_relative_power_std_median,0.0,False,False,0.0064955936196361,0.0422832598953129,0.017489935311842
h5_subject_features_labelled,eeg4_sigma_relative_power_median_median,0.0,False,False,0.0020422268961492,0.026508920114353,0.0091643271412349
h5_subject_features_labelled,eeg4_beta_power_mean_median,0.0,False,False,7325.392276489254,1473275.1162969696,91270.33763931764
h5_subject_features_labelled,eeg4_beta_power_std_median,0.0,False,False,169395.24076882814,27362885.193378504,1502305.8279417402
h5_subject_features_labelled,eeg4_beta_power_median_median,0.0,False,False,1.3795448211433583,34.93819089064116,3.768139253771467
h5_subject_features_labelled,eeg4_beta_relative_power_mean_median,0.0,False,False,0.0098739220406428,0.0479221061313911,0.0220399815801621
h5_subject_features_labelled,eeg4_beta_relative_power_std_median,0.0,False,False,0.0106475559615358,0.0576235625747515,0.0287699270665184
h5_subject_features_labelled,eeg4_beta_relative_power_median_median,0.0,False,False,0.0022544284079532,0.0350115658962296,0.0102279624241477
h5_subject_features_labelled,eeg4_theta_alpha_ratio_mean_median,0.0,False,False,2.6377772658146257,7.8406196780656545,4.779497739337073
h5_subject_features_labelled,eeg4_theta_alpha_ratio_std_median,0.0,False,False,0.695693227778466,15.088392971938038,6.086336525678776
h5_subject_features_labelled,eeg4_theta_alpha_ratio_median_median,0.0,False,False,1.9038240785962928,5.262491869110307,3.2314933632574236
h5_subject_features_labelled,eeg4_delta_beta_ratio_mean_median,0.0,False,False,30.89147704646777,22940.61289444825,1361.8339524857884
h5_subject_features_labelled,eeg4_delta_beta_ratio_std_median,0.0,False,False,81.15562124358185,142491.0050562034,8755.871967722076
h5_subject_features_labelled,eeg4_delta_beta_ratio_median_median,0.0,False,False,20.96315605996856,408.8695270748549,85.69736578165417
h5_subject_features_labelled,eeg4_delta_sigma_ratio_mean_median,0.0,False,False,36.63018017588268,14816.243029822614,1015.268479164041
h5_subject_features_labelled,eeg4_delta_sigma_ratio_std_median,0.0,False,False,50.36247668198224,92691.65249149934,5187.787747431324
h5_subject_features_labelled,eeg4_delta_sigma_ratio_median_median,0.0,False,False,28.226862646558995,469.32867744622945,95.96032205327714
h5_subject_features_labelled,n_epochs_std,0.06382978723404255,False,False,110.31621216605774,1280.732732982699,648.8363516692244
h5_subject_features_labelled,wake_epochs_std,0.06382978723404255,False,False,18.85691738681944,1054.115268839229,537.9684994955874
h5_subject_features_labelled,sleep_epochs_std,0.06382978723404255,False,False,79.39521396154808,851.0465779132055,261.23897655323753
h5_subject_features_labelled,tst_minutes_from_hypnogram_std,0.06382978723404255,False,False,39.69760698077404,425.5232889566027,130.61948827661877
h5_subject_features_labelled,sleep_efficiency_epoch_ratio_std,0.06382978723404255,False,False,0.0138698015662691,0.5058361170896402,0.27421101864081476
h5_subject_features_labelled,Wake_epochs_std,0.06382978723404255,False,False,18.85691738681944,1054.115268839229,537.9684994955874
h5_subject_features_labelled,Wake_percentage_std,1.0,True,True,,,
h5_subject_features_labelled,N1_epochs_std,0.06382978723404255,False,False,8.348438690643214,107.04703016275916,23.746710852783487
h5_subject_features_labelled,N1_percentage_std,0.06382978723404255,False,False,0.0091970424772069,0.1728059165617911,0.02451858885330915
h5_subject_features_labelled,N2_epochs_std,0.06382978723404255,False,False,35.92932878118747,290.041807331288,157.57252946320227
h5_subject_features_labelled,N2_percentage_std,0.06382978723404255,False,False,0.0226886948185861,0.2156499032291814,0.09467445145687786
h5_subject_features_labelled,N3_epochs_std,0.06382978723404255,False,False,16.551506908809873,179.8152601360012,75.16633997173128
h5_subject_features_labelled,N3_percentage_std,0.06382978723404255,False,False,0.0229570119846854,0.2696646175406783,0.09051949091147354
h5_subject_features_labelled,REM_epochs_std,0.06382978723404255,False,False,29.489707647632876,880.6640171547325,83.48886497272179
h5_subject_features_labelled,REM_percentage_std,0.06382978723404255,False,False,0.0169914899510127,0.2943875354036098,0.07130321594142386
h5_subject_features_labelled,eeg1_mean_mean_std,0.06382978723404255,False,False,2.441955738223661e-15,2.3043940628687233e-13,3.344824130943598e-14
h5_subject_features_labelled,eeg1_mean_std_std,0.06382978723404255,False,False,8.233727026643078e-14,3.5190756999422197e-12,8.798805600072515e-13
h5_subject_features_labelled,eeg1_mean_median_std,0.06382978723404255,False,False,2.083604306001127e-17,1.3201762495157512e-15,1.1768713091086157e-16
h5_subject_features_labelled,eeg1_std_mean_std,0.06382978723404255,False,False,130.19376568574404,29250.086773208932,1160.7842799112505
h5_subject_features_labelled,eeg1_std_std_std,0.06382978723404255,False,False,1681.63135488521,69261.2705297999,7597.322626063809
h5_subject_features_labelled,eeg1_std_median_std,0.06382978723404255,False,False,6.804787673979567,3280.3647689732543,26.327026181633414
h5_subject_features_labelled,eeg1_iqr_mean_std,0.06382978723404255,False,False,21.82142471113764,29377.590438291627,226.8193326186203
h5_subject_features_labelled,eeg1_iqr_std_std,0.06382978723404255,False,False,134.8727972866371,94627.9066182095,2270.2930931311394
h5_subject_features_labelled,eeg1_iqr_median_std,0.06382978723404255,False,False,3.313351249172962,404.55899408686435,17.76421387123431
h5_subject_features_labelled,eeg1_skew_mean_std,0.06382978723404255,False,False,0.1173242078101544,0.7823547632827174,0.3534732153671032
h5_subject_features_labelled,eeg1_skew_std_std,0.06382978723404255,False,False,0.1292780818133525,1.0270824820533628,0.4265966828071833
h5_subject_features_labelled,eeg1_skew_median_std,0.06382978723404255,False,False,0.0449966860973354,0.8564500566549942,0.22977443681762855
h5_subject_features_labelled,eeg1_kurtosis_mean_std,0.06382978723404255,False,False,1.3771210577157198,10.629751261282845,4.886106129976959
h5_subject_features_labelled,eeg1_kurtosis_std_std,0.06382978723404255,False,False,2.8470000783518423,35.49728086839039,8.499915554629238
h5_subject_features_labelled,eeg1_kurtosis_median_std,0.06382978723404255,False,False,0.4406826042606714,7.534031126553609,3.1323217176809237
h5_subject_features_labelled,eeg1_zero_crossings_mean_std,0.06382978723404255,False,False,11.213562166767638,114.37691968087216,40.97103179418238
h5_subject_features_labelled,eeg1_zero_crossings_std_std,0.06382978723404255,False,False,7.345531112756451,113.64598859069258,29.98317523732821
h5_subject_features_labelled,eeg1_zero_crossings_median_std,0.06382978723404255,False,False,8.6216781042517,122.8504341330004,45.80925528508068
h5_subject_features_labelled,eeg1_hjorth_mobility_mean_std,0.06382978723404255,False,False,0.000550756165031,0.0393601776087631,0.013716318766644
h5_subject_features_labelled,eeg1_hjorth_mobility_std_std,0.06382978723404255,False,False,0.0022443519725013,0.0494529068930697,0.01277431197983745
h5_subject_features_labelled,eeg1_hjorth_mobility_median_std,0.06382978723404255,False,False,0.0037793970265541,0.0463281349235934,0.01342568696809795
h5_subject_features_labelled,eeg1_hjorth_complexity_mean_std,0.06382978723404255,False,False,0.1897033701357705,1.3441535355100451,0.5300548033936706
h5_subject_features_labelled,eeg1_hjorth_complexity_std_std,0.06382978723404255,False,False,0.1421704695151517,1.0737932004664117,0.47296174546545716
h5_subject_features_labelled,eeg1_hjorth_complexity_median_std,0.06382978723404255,False,False,0.1729793288709394,1.4249138748450123,0.48887122378139314
h5_subject_features_labelled,eeg1_total_power_0p5_30_mean_std,0.06382978723404255,False,False,5722345.2618769,17391765254.176666,159505382.96599114
h5_subject_features_labelled,eeg1_total_power_0p5_30_std_std,0.06382978723404255,False,False,117523593.78461312,71469615757.57242,2605949291.5329275
h5_subject_features_labelled,eeg1_total_power_0p5_30_median_std,0.06382978723404255,False,False,273.98303000591164,26205332.621105332,2272.1683868638756
h5_subject_features_labelled,eeg1_delta_power_mean_std,0.06382978723404255,False,False,5333548.872480223,14409306847.62802,151967679.63849354
h5_subject_features_labelled,eeg1_delta_power_std_std,0.06382978723404255,False,False,113448975.61325689,57138462073.44708,2469129772.3450556
h5_subject_features_labelled,eeg1_delta_power_median_std,0.06382978723404255,False,False,233.15639497337705,22751595.31962964,2075.626397773614
h5_subject_features_labelled,eeg1_delta_relative_power_mean_std,0.06382978723404255,False,False,0.0127770007985763,0.0693216279491128,0.029140733364663697
h5_subject_features_labelled,eeg1_delta_relative_power_std_std,0.06382978723404255,False,False,0.0075711319871578,0.0454043657145527,0.0166388763947787
h5_subject_features_labelled,eeg1_delta_relative_power_median_std,0.06382978723404255,False,False,0.0119528719178757,0.0952251615180563,0.03339104832752805
h5_subject_features_labelled,eeg1_theta_power_mean_std,0.06382978723404255,False,False,279030.1933777484,2176414342.779631,7023995.236678507
h5_subject_features_labelled,eeg1_theta_power_std_std,0.06382978723404255,False,False,3221679.580323248,11307468221.757215,159040967.19900632
h5_subject_features_labelled,eeg1_theta_power_median_std,0.06382978723404255,False,False,12.58569928755154,442105.09581829,106.94074562457516
h5_subject_features_labelled,eeg1_theta_relative_power_mean_std,0.06382978723404255,False,False,0.006563802047632,0.0380233011764739,0.014231476840614151
h5_subject_features_labelled,eeg1_theta_relative_power_std_std,0.06382978723404255,False,False,0.0030419422768066,0.0317783746370814,0.0068052303265711
h5_subject_features_labelled,eeg1_theta_relative_power_median_std,0.06382978723404255,False,False,0.0069684640442403,0.0360549499583131,0.0181010640507256
h5_subject_features_labelled,eeg1_alpha_power_mean_std,0.06382978723404255,False,False,41229.27232962136,252120456.99509797,1152970.2686855074
h5_subject_features_labelled,eeg1_alpha_power_std_std,0.06382978723404255,False,False,482498.74770689814,1581947464.5932562,24723404.928942554
h5_subject_features_labelled,eeg1_alpha_power_median_std,0.06382978723404255,False,False,2.7914615985457805,33532.82352796716,21.337163149520762
h5_subject_features_labelled,eeg1_alpha_relative_power_mean_std,0.06382978723404255,False,False,0.0023914349836646,0.0241136082073491,0.00897546640854865
h5_subject_features_labelled,eeg1_alpha_relative_power_std_std,0.06382978723404255,False,False,0.0018932342767836,0.03880966167742,0.0077175140802257
h5_subject_features_labelled,eeg1_alpha_relative_power_median_std,0.06382978723404255,False,False,0.0018736430148602,0.0222052032272026,0.0088056163607886
h5_subject_features_labelled,eeg1_sigma_power_mean_std,0.06382978723404255,False,False,12291.481899866882,71893959.48752543,439354.0407311784
h5_subject_features_labelled,eeg1_sigma_power_std_std,0.06382978723404255,False,False,122665.45560706592,478889965.448065,9049540.852164168
h5_subject_features_labelled,eeg1_sigma_power_median_std,0.06382978723404255,False,False,1.29231075126451,9858.130432650032,8.55932695786931
h5_subject_features_labelled,eeg1_sigma_relative_power_mean_std,0.06382978723404255,False,False,0.0012755234655334,0.018787288088456,0.0035296178801039
h5_subject_features_labelled,eeg1_sigma_relative_power_std_std,0.06382978723404255,False,False,0.0006406016932445,0.0171166014755581,0.00300708807991055
h5_subject_features_labelled,eeg1_sigma_relative_power_median_std,0.06382978723404255,False,False,0.001201752551506,0.0251888169699467,0.0033426236738785
h5_subject_features_labelled,eeg1_beta_power_mean_std,0.06382978723404255,False,False,8231.856938879551,50003369.624023326,293464.27970216604
h5_subject_features_labelled,eeg1_beta_power_std_std,0.06382978723404255,False,False,95013.99975860852,409632671.6958537,7209319.723809844
h5_subject_features_labelled,eeg1_beta_power_median_std,0.06382978723404255,False,False,2.4506527292751,5234.021604002482,16.3904056156035
h5_subject_features_labelled,eeg1_beta_relative_power_mean_std,0.06382978723404255,False,False,0.0013240668007442,0.0216273698691834,0.0056822038168074
h5_subject_features_labelled,eeg1_beta_relative_power_std_std,0.06382978723404255,False,False,0.0004588287243279,0.0408289936098398,0.008921145721230199
h5_subject_features_labelled,eeg1_beta_relative_power_median_std,0.06382978723404255,False,False,0.0007582817514402,0.0281619852297678,0.00360676632703205
h5_subject_features_labelled,eeg1_theta_alpha_ratio_mean_std,0.06382978723404255,False,False,0.180292947545048,4.361469136299152,1.0939911324585105
h5_subject_features_labelled,eeg1_theta_alpha_ratio_std_std,0.06382978723404255,False,False,0.8567144390620246,17.06260204947714,1.7962852255462196
h5_subject_features_labelled,eeg1_theta_alpha_ratio_median_std,0.06382978723404255,False,False,0.0761523783854742,2.4374332113424853,0.7646008443428103
h5_subject_features_labelled,eeg1_delta_beta_ratio_mean_std,0.06382978723404255,False,False,126.49384408728214,22060.11031267118,919.0047892295136
h5_subject_features_labelled,eeg1_delta_beta_ratio_std_std,0.06382978723404255,False,False,586.2241692670657,176175.69787563576,8734.102208447788
h5_subject_features_labelled,eeg1_delta_beta_ratio_median_std,0.06382978723404255,False,False,11.479815013841462,980.0289956227916,45.27372816550584
h5_subject_features_labelled,eeg1_delta_sigma_ratio_mean_std,0.06382978723404255,False,False,94.83699316215196,8094.180693512229,572.7983194479996
h5_subject_features_labelled,eeg1_delta_sigma_ratio_std_std,0.06382978723404255,False,False,564.3697156786961,49180.26061966953,4310.9229034136715
h5_subject_features_labelled,eeg1_delta_sigma_ratio_median_std,0.06382978723404255,False,False,13.417226407862527,346.83314453356934,50.19010580595558
h5_subject_features_labelled,eeg2_mean_mean_std,0.06382978723404255,False,False,3.997958391106752e-15,3.0789918503816274e-13,4.498290429924335e-14
h5_subject_features_labelled,eeg2_mean_std_std,0.06382978723404255,False,False,9.767704949110345e-14,6.884298757668321e-12,9.58646962605333e-13
h5_subject_features_labelled,eeg2_mean_median_std,0.06382978723404255,False,False,3.262715670663301e-17,7.316706491048685e-14,1.1695919401795966e-16
h5_subject_features_labelled,eeg2_std_mean_std,0.06382978723404255,False,False,221.33922230413808,50087.074589766955,1573.0232216232844
h5_subject_features_labelled,eeg2_std_std_std,0.06382978723404255,False,False,2377.4865699898273,91805.38312935426,8485.62895635733
h5_subject_features_labelled,eeg2_std_median_std,0.06382978723404255,False,False,2.7317279552491827,10030.101678961655,29.776329343032895
h5_subject_features_labelled,eeg2_iqr_mean_std,0.06382978723404255,False,False,21.03886018161444,53143.442629640966,335.7874090611582
h5_subject_features_labelled,eeg2_iqr_std_std,0.06382978723404255,False,False,323.6744534290278,132842.0262735086,2491.380185287468
h5_subject_features_labelled,eeg2_iqr_median_std,0.06382978723404255,False,False,2.3568536184729183,1617.01984970314,18.20857393357523
h5_subject_features_labelled,eeg2_skew_mean_std,0.06382978723404255,False,False,0.0856892767808088,0.8377011196214131,0.32059489112509937
h5_subject_features_labelled,eeg2_skew_std_std,0.06382978723404255,False,False,0.150496210030241,0.7741824512480848,0.41306374054713124
h5_subject_features_labelled,eeg2_skew_median_std,0.06382978723404255,False,False,0.0429759255500585,0.8277283438249188,0.1841773721814792
h5_subject_features_labelled,eeg2_kurtosis_mean_std,0.06382978723404255,False,False,1.1060768153654807,11.820237657283924,4.546139771269318
h5_subject_features_labelled,eeg2_kurtosis_std_std,0.06382978723404255,False,False,3.170710349287958,29.176449795616787,8.705471833255253
h5_subject_features_labelled,eeg2_kurtosis_median_std,0.06382978723404255,False,False,0.4294071320412988,6.609294191815343,3.259428851360729
h5_subject_features_labelled,eeg2_zero_crossings_mean_std,0.06382978723404255,False,False,10.597483426176774,127.77697161769665,36.23720733523224
h5_subject_features_labelled,eeg2_zero_crossings_std_std,0.06382978723404255,False,False,6.068629009736009,142.31241918259738,29.503075734673082
h5_subject_features_labelled,eeg2_zero_crossings_median_std,0.06382978723404255,False,False,7.112196097783952,103.03751339520312,39.2652015451064
h5_subject_features_labelled,eeg2_hjorth_mobility_mean_std,0.06382978723404255,False,False,0.0026430174730644,0.0384020016976912,0.013309060424980649
h5_subject_features_labelled,eeg2_hjorth_mobility_std_std,0.06382978723404255,False,False,0.0009778621886539,0.0621442764770296,0.011499742186707199
h5_subject_features_labelled,eeg2_hjorth_mobility_median_std,0.06382978723404255,False,False,0.0053263367768956,0.0338327716311542,0.01217276511343845
h5_subject_features_labelled,eeg2_hjorth_complexity_mean_std,0.06382978723404255,False,False,0.2137868294021498,2.3814655790675356,0.5247272552596669
h5_subject_features_labelled,eeg2_hjorth_complexity_std_std,0.06382978723404255,False,False,0.2128666423078979,1.4378747053836942,0.4435349938714066
h5_subject_features_labelled,eeg2_hjorth_complexity_median_std,0.06382978723404255,False,False,0.1292270684367195,2.5969265860627093,0.4471863044174777
h5_subject_features_labelled,eeg2_total_power_0p5_30_mean_std,0.06382978723404255,False,False,17586108.302168418,32938712276.78499,233315675.43182534
h5_subject_features_labelled,eeg2_total_power_0p5_30_std_std,0.06382978723404255,False,False,139186860.27380824,122312558001.8874,3447764337.2080936
h5_subject_features_labelled,eeg2_total_power_0p5_30_median_std,0.06382978723404255,False,False,185.7099450817452,183533460.69878772,2695.029742185797
h5_subject_features_labelled,eeg2_delta_power_mean_std,0.06382978723404255,False,False,16697757.582777662,27449724069.14966,222134418.60643542
h5_subject_features_labelled,eeg2_delta_power_std_std,0.06382978723404255,False,False,134096224.44777182,92471655471.42513,3195311197.6353383
h5_subject_features_labelled,eeg2_delta_power_median_std,0.06382978723404255,False,False,182.38435601535423,181834322.79966745,2338.679069208535
h5_subject_features_labelled,eeg2_delta_relative_power_mean_std,0.06382978723404255,False,False,0.013032913255762,0.0629814526927907,0.0274123649412896
h5_subject_features_labelled,eeg2_delta_relative_power_std_std,0.06382978723404255,False,False,0.0060325215763631,0.07476210763088,0.01663735366260695
h5_subject_features_labelled,eeg2_delta_relative_power_median_std,0.06382978723404255,False,False,0.0104893366538155,0.0743385499759758,0.0359613770791598
h5_subject_features_labelled,eeg2_theta_power_mean_std,0.06382978723404255,False,False,576110.359582905,3954489277.484216,10182709.529153582
h5_subject_features_labelled,eeg2_theta_power_std_std,0.06382978723404255,False,False,4486589.797122304,24841412202.287693,208566310.95748192
h5_subject_features_labelled,eeg2_theta_power_median_std,0.06382978723404255,False,False,2.683981035465523,1214845.886328468,152.98649742327237
h5_subject_features_labelled,eeg2_theta_relative_power_mean_std,0.06382978723404255,False,False,0.0042057580987002,0.0407139006667527,0.0132736474149441
h5_subject_features_labelled,eeg2_theta_relative_power_std_std,0.06382978723404255,False,False,0.0009914482957442,0.0485956996321186,0.00707178126854515
h5_subject_features_labelled,eeg2_theta_relative_power_median_std,0.06382978723404255,False,False,0.0047239392035276,0.0310596382936848,0.01618749544975825
h5_subject_features_labelled,eeg2_alpha_power_mean_std,0.06382978723404255,False,False,81072.1686429041,427215544.2897513,1867679.1595600708
h5_subject_features_labelled,eeg2_alpha_power_std_std,0.06382978723404255,False,False,774168.272004401,3057241329.6298604,39926732.43868819
h5_subject_features_labelled,eeg2_alpha_power_median_std,0.06382978723404255,False,False,1.3806924953145026,160854.98645001958,25.22526324007382
h5_subject_features_labelled,eeg2_alpha_relative_power_mean_std,0.06382978723404255,False,False,0.0028651388334805,0.02496851334343,0.0079698889835692
h5_subject_features_labelled,eeg2_alpha_relative_power_std_std,0.06382978723404255,False,False,0.0016178179962429,0.0467749169694374,0.00765277029277655
h5_subject_features_labelled,eeg2_alpha_relative_power_median_std,0.06382978723404255,False,False,0.0024310797926423,0.0189108660522127,0.00820336590016735
h5_subject_features_labelled,eeg2_sigma_power_mean_std,0.06382978723404255,False,False,22778.12633759748,134156876.01574428,672927.716668406
h5_subject_features_labelled,eeg2_sigma_power_std_std,0.06382978723404255,False,False,250956.68086436624,1005990231.6161824,15255480.230477203
h5_subject_features_labelled,eeg2_sigma_power_median_std,0.06382978723404255,False,False,0.7167587033734056,28841.325210321666,9.844079167385509
h5_subject_features_labelled,eeg2_sigma_relative_power_mean_std,0.06382978723404255,False,False,0.0010005961519506,0.0112416586617016,0.00310934250721225
h5_subject_features_labelled,eeg2_sigma_relative_power_std_std,0.06382978723404255,False,False,0.0003840955643815,0.0185053068691201,0.0030596852743255
h5_subject_features_labelled,eeg2_sigma_relative_power_median_std,0.06382978723404255,False,False,0.0009244747405992,0.0117135482489328,0.003025418890149
h5_subject_features_labelled,eeg2_beta_power_mean_std,0.06382978723404255,False,False,16988.480444068206,86775868.47366346,507254.0195508158
h5_subject_features_labelled,eeg2_beta_power_std_std,0.06382978723404255,False,False,194881.32650794543,695758042.1006969,11878118.648641948
h5_subject_features_labelled,eeg2_beta_power_median_std,0.06382978723404255,False,False,0.4413515829192124,7115.059326770409,16.178974059840364
h5_subject_features_labelled,eeg2_beta_relative_power_mean_std,0.06382978723404255,False,False,0.0017499022786598,0.0196038217546212,0.004723095522489
h5_subject_features_labelled,eeg2_beta_relative_power_std_std,0.06382978723404255,False,False,0.0007857884594009,0.038680742424172,0.007787650994827601
h5_subject_features_labelled,eeg2_beta_relative_power_median_std,0.06382978723404255,False,False,0.0010156832410033,0.0164952627680167,0.0031364863645562
h5_subject_features_labelled,eeg2_theta_alpha_ratio_mean_std,0.06382978723404255,False,False,0.3069666530646382,8.661508594411256,1.1695694606919531
h5_subject_features_labelled,eeg2_theta_alpha_ratio_std_std,0.06382978723404255,False,False,0.4881065187705674,16.74852524635626,2.016633482308753
h5_subject_features_labelled,eeg2_theta_alpha_ratio_median_std,0.06382978723404255,False,False,0.1662770914983497,3.438649535276069,0.7936992883706556
h5_subject_features_labelled,eeg2_delta_beta_ratio_mean_std,0.06382978723404255,False,False,149.84551222317833,46320.85547841475,1297.287360507761
h5_subject_features_labelled,eeg2_delta_beta_ratio_std_std,0.06382978723404255,False,False,1335.5447868412011,412044.5071059753,9872.058121782842
h5_subject_features_labelled,eeg2_delta_beta_ratio_median_std,0.06382978723404255,False,False,12.025992887727876,1859.9229432804648,75.11509426534258
h5_subject_features_labelled,eeg2_delta_sigma_ratio_mean_std,0.06382978723404255,False,False,80.51762583326544,22347.24979537714,875.4965345337628
h5_subject_features_labelled,eeg2_delta_sigma_ratio_std_std,0.06382978723404255,False,False,834.5574794058346,130352.60813593396,5220.350193227004
h5_subject_features_labelled,eeg2_delta_sigma_ratio_median_std,0.06382978723404255,False,False,17.06475949421494,953.7244926659876,59.81169742599387
h5_subject_features_labelled,eeg3_mean_mean_std,0.06382978723404255,False,False,5.549410273701463e-15,2.371207798249018e-13,4.461718412670505e-14
h5_subject_features_labelled,eeg3_mean_std_std,0.06382978723404255,False,False,1.494220926521814e-13,3.569839558532988e-12,7.491276014387483e-13
h5_subject_features_labelled,eeg3_mean_median_std,0.06382978723404255,False,False,4.445786483289793e-16,1.6561547382464288e-14,1.6806517718938216e-15
h5_subject_features_labelled,eeg3_std_mean_std,0.06382978723404255,False,False,217.026614270113,12194.140898356203,2508.364366942044
h5_subject_features_labelled,eeg3_std_std_std,0.06382978723404255,False,False,1645.0540537289876,28299.92447835974,5537.333082287832
h5_subject_features_labelled,eeg3_std_median_std,0.06382978723404255,False,False,38.91580543464334,9475.915513429918,653.7351162735065
h5_subject_features_labelled,eeg3_iqr_mean_std,0.06382978723404255,False,False,79.23378269444002,8236.872076751486,1017.2423350787228
h5_subject_features_labelled,eeg3_iqr_std_std,0.06382978723404255,False,False,275.6037502268428,30323.5420799796,2148.0872648198583
h5_subject_features_labelled,eeg3_iqr_median_std,0.06382978723404255,False,False,42.86273486630802,3282.534849026392,596.6504324098902
h5_subject_features_labelled,eeg3_skew_mean_std,0.06382978723404255,False,False,0.0492885095425926,0.5109453336736705,0.21932157114566045
h5_subject_features_labelled,eeg3_skew_std_std,0.06382978723404255,False,False,0.1247681343513491,0.5631353074925501,0.27798802414026325
h5_subject_features_labelled,eeg3_skew_median_std,0.06382978723404255,False,False,0.0305331588547056,0.3326425223063236,0.14878745320475567
h5_subject_features_labelled,eeg3_kurtosis_mean_std,0.06382978723404255,False,False,1.1225314634246957,6.276292578531086,3.1076169732665626
h5_subject_features_labelled,eeg3_kurtosis_std_std,0.06382978723404255,False,False,1.5249261534841232,14.859136586605722,4.105876129635449
h5_subject_features_labelled,eeg3_kurtosis_median_std,0.06382978723404255,False,False,0.2375483809364778,4.730435295503434,2.4117687965636865
h5_subject_features_labelled,eeg3_zero_crossings_mean_std,0.06382978723404255,False,False,7.112225327038427,72.26374461883975,26.25513807466894
h5_subject_features_labelled,eeg3_zero_crossings_std_std,0.06382978723404255,False,False,4.411021955943348,62.43825558763472,24.114806630305004
h5_subject_features_labelled,eeg3_zero_crossings_median_std,0.06382978723404255,False,False,6.377695508567338,79.25030669411387,20.756623489740115
h5_subject_features_labelled,eeg3_hjorth_mobility_mean_std,0.06382978723404255,False,False,0.0020949034034556,0.0271243056844039,0.008554160244450399
h5_subject_features_labelled,eeg3_hjorth_mobility_std_std,0.06382978723404255,False,False,0.0022856520314093,0.0509760381021364,0.00977489828271825
h5_subject_features_labelled,eeg3_hjorth_mobility_median_std,0.06382978723404255,False,False,0.0016884923986617,0.0318643038973982,0.0074371459226248
h5_subject_features_labelled,eeg3_hjorth_complexity_mean_std,0.06382978723404255,False,False,0.2708373007312447,1.80004153790248,0.8004597673525546
h5_subject_features_labelled,eeg3_hjorth_complexity_std_std,0.06382978723404255,False,False,0.1600623451624136,1.0253162356791534,0.45341850814749396
h5_subject_features_labelled,eeg3_hjorth_complexity_median_std,0.06382978723404255,False,False,0.206476400819894,1.9821981801189563,0.7919842329889333
h5_subject_features_labelled,eeg3_total_power_0p5_30_mean_std,0.06382978723404255,False,False,15841371.865577787,2501084513.747578,114928027.2844101
h5_subject_features_labelled,eeg3_total_power_0p5_30_std_std,0.06382978723404255,False,False,86775255.99183467,16975219411.765509,1193058384.9021075
h5_subject_features_labelled,eeg3_total_power_0p5_30_median_std,0.06382978723404255,False,False,7100.642356560997,118070831.62014171,872342.8365001131
h5_subject_features_labelled,eeg3_delta_power_mean_std,0.06382978723404255,False,False,14991887.464020928,2263438789.944846,110192601.04558134
h5_subject_features_labelled,eeg3_delta_power_std_std,0.06382978723404255,False,False,84107473.72176088,15260022341.548985,1114334152.0798073
h5_subject_features_labelled,eeg3_delta_power_median_std,0.06382978723404255,False,False,6638.885272710955,116307194.75194484,810517.6931010869
h5_subject_features_labelled,eeg3_delta_relative_power_mean_std,0.06382978723404255,False,False,0.0079762895478865,0.0614747975191028,0.022210437916576703
h5_subject_features_labelled,eeg3_delta_relative_power_std_std,0.06382978723404255,False,False,0.0030551598466014,0.0627247946451513,0.0231932976379088
h5_subject_features_labelled,eeg3_delta_relative_power_median_std,0.06382978723404255,False,False,0.0032554041580817,0.0649990099156686,0.017183988400635702
h5_subject_features_labelled,eeg3_theta_power_mean_std,0.06382978723404255,False,False,373646.847722091,158174940.78972754,3704093.0480514443
h5_subject_features_labelled,eeg3_theta_power_std_std,0.06382978723404255,False,False,3062196.713518643,1190265338.4463177,45137135.5081972
h5_subject_features_labelled,eeg3_theta_power_median_std,0.06382978723404255,False,False,319.2331541444356,1416397.072978563,29071.02684839053
h5_subject_features_labelled,eeg3_theta_relative_power_mean_std,0.06382978723404255,False,False,0.003822948763103,0.0505283068607795,0.0130566714265145
h5_subject_features_labelled,eeg3_theta_relative_power_std_std,0.06382978723404255,False,False,0.0028919650938131,0.0345257331197275,0.0131317541261282
h5_subject_features_labelled,eeg3_theta_relative_power_median_std,0.06382978723404255,False,False,0.0011471493921627,0.0485651830607766,0.010539964621373101
h5_subject_features_labelled,eeg3_alpha_power_mean_std,0.06382978723404255,False,False,77303.7898338996,28354633.762573037,801209.7047867824
h5_subject_features_labelled,eeg3_alpha_power_std_std,0.06382978723404255,False,False,992720.8980908842,223874846.1777113,9662246.155109305
h5_subject_features_labelled,eeg3_alpha_power_median_std,0.06382978723404255,False,False,26.952544302003343,240166.21259606656,4148.296897878443
h5_subject_features_labelled,eeg3_alpha_relative_power_mean_std,0.06382978723404255,False,False,0.0012239473197454,0.0210643603327019,0.00396478319607165
h5_subject_features_labelled,eeg3_alpha_relative_power_std_std,0.06382978723404255,False,False,0.0013617861265917,0.0597747128759271,0.0062346199066621
h5_subject_features_labelled,eeg3_alpha_relative_power_median_std,0.06382978723404255,False,False,0.0003529211136543,0.0130251906230628,0.00236960010218175
h5_subject_features_labelled,eeg3_sigma_power_mean_std,0.06382978723404255,False,False,26199.23945353961,9893516.34860922,280894.9458776299
h5_subject_features_labelled,eeg3_sigma_power_std_std,0.06382978723404255,False,False,427557.5240679662,80898113.9650713,3692216.331455848
h5_subject_features_labelled,eeg3_sigma_power_median_std,0.06382978723404255,False,False,6.163787190524294,56378.19896663173,572.1817015504619
h5_subject_features_labelled,eeg3_sigma_relative_power_mean_std,0.06382978723404255,False,False,0.0001117504436499,0.0123789534873315,0.00168451985801885
h5_subject_features_labelled,eeg3_sigma_relative_power_std_std,0.06382978723404255,False,False,0.0002831981650917,0.0350712195627454,0.0035491606326903498
h5_subject_features_labelled,eeg3_sigma_relative_power_median_std,0.06382978723404255,False,False,0.000125167701264,0.0080986312541692,0.0008457840043456001
h5_subject_features_labelled,eeg3_beta_power_mean_std,0.06382978723404255,False,False,18741.842873666777,6223448.934565679,174053.52967987736
h5_subject_features_labelled,eeg3_beta_power_std_std,0.06382978723404255,False,False,367752.74812155537,50294851.36584562,2964094.30732756
h5_subject_features_labelled,eeg3_beta_power_median_std,0.06382978723404255,False,False,2.8294460014982645,18653.98401546762,202.80876050359615
h5_subject_features_labelled,eeg3_beta_relative_power_mean_std,0.06382978723404255,False,False,0.0004415443697639,0.0105584344097124,0.002905415065777
h5_subject_features_labelled,eeg3_beta_relative_power_std_std,0.06382978723404255,False,False,0.0007108758389144,0.0244402270325084,0.005178638751108701
h5_subject_features_labelled,eeg3_beta_relative_power_median_std,0.06382978723404255,False,False,0.000134664469849,0.0128189200900705,0.00101784295419585
h5_subject_features_labelled,eeg3_theta_alpha_ratio_mean_std,0.06382978723404255,False,False,0.3875865645870193,5.14285258788572,2.235230738193522
h5_subject_features_labelled,eeg3_theta_alpha_ratio_std_std,0.06382978723404255,False,False,0.9343237076872526,13.857809638533135,2.2592637387228667
h5_subject_features_labelled,eeg3_theta_alpha_ratio_median_std,0.06382978723404255,False,False,0.342942874014832,4.0517101790701995,1.736401106122882
h5_subject_features_labelled,eeg3_delta_beta_ratio_mean_std,0.06382978723404255,False,False,521.4267487355123,133638.31040501545,3195.367230158202
h5_subject_features_labelled,eeg3_delta_beta_ratio_std_std,0.06382978723404255,False,False,1961.6091505584068,843901.4037694721,12653.22160411834
h5_subject_features_labelled,eeg3_delta_beta_ratio_median_std,0.06382978723404255,False,False,150.07369954545004,6567.987121592136,1135.144327230903
h5_subject_features_labelled,eeg3_delta_sigma_ratio_mean_std,0.06382978723404255,False,False,130.8700109433403,37242.40686722604,1232.2744233164944
h5_subject_features_labelled,eeg3_delta_sigma_ratio_std_std,0.06382978723404255,False,False,439.8280428578509,185782.07552871373,6569.6183322070865
h5_subject_features_labelled,eeg3_delta_sigma_ratio_median_std,0.06382978723404255,False,False,49.18587725829901,2430.6672625249657,391.54409431261683
h5_subject_features_labelled,eeg4_mean_mean_std,0.06382978723404255,False,False,1.3282167282910878e-15,1.742187375583632e-13,3.451427001130719e-14
h5_subject_features_labelled,eeg4_mean_std_std,0.06382978723404255,False,False,8.777516334573692e-14,3.5613581047970997e-12,7.833000684987275e-13
h5_subject_features_labelled,eeg4_mean_median_std,0.06382978723404255,False,False,2.0504586928642992e-17,5.6310672392718834e-14,8.20419637039981e-17
h5_subject_features_labelled,eeg4_std_mean_std,0.06382978723404255,False,False,239.94044223957945,20176.409589171675,1099.0391442318698
h5_subject_features_labelled,eeg4_std_std_std,0.06382978723404255,False,False,1836.5538244693616,56387.62327623826,5850.771887125682
h5_subject_features_labelled,eeg4_std_median_std,0.06382978723404255,False,False,3.0786081715902394,11056.634756022617,16.52121555109218
h5_subject_features_labelled,eeg4_iqr_mean_std,0.06382978723404255,False,False,27.37643488691121,20451.82937179007,235.95284075116436
h5_subject_features_labelled,eeg4_iqr_std_std,0.06382978723404255,False,False,105.74962601218566,84447.05428542239,1568.608313258318
h5_subject_features_labelled,eeg4_iqr_median_std,0.06382978723404255,False,False,2.2309351198089193,406.9249767202646,13.581929064098118
h5_subject_features_labelled,eeg4_skew_mean_std,0.06382978723404255,False,False,0.0455637554196351,0.4844187397858316,0.1526175084138227
h5_subject_features_labelled,eeg4_skew_std_std,0.06382978723404255,False,False,0.16104123434461,0.9461369180487972,0.37506107053381804
h5_subject_features_labelled,eeg4_skew_median_std,0.06382978723404255,False,False,0.016030520369661,0.4122095037441908,0.0751998160541626
h5_subject_features_labelled,eeg4_kurtosis_mean_std,0.06382978723404255,False,False,1.1084573197465228,10.773195038583902,3.6495037303627216
h5_subject_features_labelled,eeg4_kurtosis_std_std,0.06382978723404255,False,False,2.558085939730577,18.11169632562001,8.178280187290682
h5_subject_features_labelled,eeg4_kurtosis_median_std,0.06382978723404255,False,False,0.4311488713160235,4.313134490288005,1.8878793359658057
h5_subject_features_labelled,eeg4_zero_crossings_mean_std,0.06382978723404255,False,False,7.087679701085656,175.62935005758777,48.66234453932415
h5_subject_features_labelled,eeg4_zero_crossings_std_std,0.06382978723404255,False,False,1.658380255688393,114.88797598572332,27.685119144642414
h5_subject_features_labelled,eeg4_zero_crossings_median_std,0.06382978723404255,False,False,7.718844185210347,177.38910855329684,53.72761417772759
h5_subject_features_labelled,eeg4_hjorth_mobility_mean_std,0.06382978723404255,False,False,0.0027206411417498,0.0589480283567474,0.0138611662953592
h5_subject_features_labelled,eeg4_hjorth_mobility_std_std,0.06382978723404255,False,False,0.0011600238981581,0.0456301117653447,0.0099484013975471
h5_subject_features_labelled,eeg4_hjorth_mobility_median_std,0.06382978723404255,False,False,0.0044775671245838,0.0552135674831756,0.01637502731338765
h5_subject_features_labelled,eeg4_hjorth_complexity_mean_std,0.06382978723404255,False,False,0.2526973356191943,2.1551867269368037,0.6521180674555566
h5_subject_features_labelled,eeg4_hjorth_complexity_std_std,0.06382978723404255,False,False,0.1197175415973288,1.4968516793732118,0.509688015783728
h5_subject_features_labelled,eeg4_hjorth_complexity_median_std,0.06382978723404255,False,False,0.0885436959090852,2.749454571002111,0.5398984604368513
h5_subject_features_labelled,eeg4_total_power_0p5_30_mean_std,0.06382978723404255,False,False,13884851.498040857,10390856942.0659,115370305.44709998
h5_subject_features_labelled,eeg4_total_power_0p5_30_std_std,0.06382978723404255,False,False,126920859.0733284,52274179751.65385,1501620651.6831331
h5_subject_features_labelled,eeg4_total_power_0p5_30_median_std,0.06382978723404255,False,False,66.74690974965543,157828407.43718776,994.7711282238159
h5_subject_features_labelled,eeg4_delta_power_mean_std,0.06382978723404255,False,False,13360375.53742426,9631374962.855272,109974884.98016375
h5_subject_features_labelled,eeg4_delta_power_std_std,0.06382978723404255,False,False,121830247.26080902,48562267153.28439,1406381524.1183124
h5_subject_features_labelled,eeg4_delta_power_median_std,0.06382978723404255,False,False,59.037810049210215,155508122.94649297,923.3873194086086
h5_subject_features_labelled,eeg4_delta_relative_power_mean_std,0.06382978723404255,False,False,0.0100981358210339,0.0580477268412821,0.03270814988901165
h5_subject_features_labelled,eeg4_delta_relative_power_std_std,0.06382978723404255,False,False,0.0046667695445993,0.051506103351735,0.017644590763551
h5_subject_features_labelled,eeg4_delta_relative_power_median_std,0.06382978723404255,False,False,0.0122782061860586,0.0661757024603034,0.03676456702320365
h5_subject_features_labelled,eeg4_theta_power_mean_std,0.06382978723404255,False,False,338210.81119516795,557282941.307999,4374491.692391227
h5_subject_features_labelled,eeg4_theta_power_std_std,0.06382978723404255,False,False,4890493.330272953,2957928173.7698545,71229031.90623313
h5_subject_features_labelled,eeg4_theta_power_median_std,0.06382978723404255,False,False,3.7471675007174534,1674219.2521499142,36.799820214328705
h5_subject_features_labelled,eeg4_theta_relative_power_mean_std,0.06382978723404255,False,False,0.0037815671165789,0.0266281083969702,0.0123398043984255
h5_subject_features_labelled,eeg4_theta_relative_power_std_std,0.06382978723404255,False,False,0.0023623964106953,0.0304975164490629,0.00674878787154765
h5_subject_features_labelled,eeg4_theta_relative_power_median_std,0.06382978723404255,False,False,0.0056924302113196,0.0247402771057952,0.0139685924574954
h5_subject_features_labelled,eeg4_alpha_power_mean_std,0.06382978723404255,False,False,58760.94578695202,54030338.029213734,862026.1780274892
h5_subject_features_labelled,eeg4_alpha_power_std_std,0.06382978723404255,False,False,630732.5232111366,330550763.103476,17116934.623887613
h5_subject_features_labelled,eeg4_alpha_power_median_std,0.06382978723404255,False,False,0.633312929649611,274755.7611540976,7.744720860198996
h5_subject_features_labelled,eeg4_alpha_relative_power_mean_std,0.06382978723404255,False,False,0.0025389564709261,0.0157180391504896,0.00835053796450845
h5_subject_features_labelled,eeg4_alpha_relative_power_std_std,0.06382978723404255,False,False,0.0014579593686429,0.0181732324967063,0.00630904061112835
h5_subject_features_labelled,eeg4_alpha_relative_power_median_std,0.06382978723404255,False,False,0.0023614211649896,0.0167693396805934,0.0079014759504176
h5_subject_features_labelled,eeg4_sigma_power_mean_std,0.06382978723404255,False,False,17050.220567566263,16036676.95164747,293558.51884324197
h5_subject_features_labelled,eeg4_sigma_power_std_std,0.06382978723404255,False,False,205191.2238974151,103052529.46370453,6610107.96725245
h5_subject_features_labelled,eeg4_sigma_power_median_std,0.06382978723404255,False,False,0.2548801595578482,37984.81180082377,3.433052076901857
h5_subject_features_labelled,eeg4_sigma_relative_power_mean_std,0.06382978723404255,False,False,0.0017028438314603,0.0112030382478511,0.00536140059489925
h5_subject_features_labelled,eeg4_sigma_relative_power_std_std,0.06382978723404255,False,False,0.0008458953043487,0.0179050122566689,0.0043113240822231
h5_subject_features_labelled,eeg4_sigma_relative_power_median_std,0.06382978723404255,False,False,0.0011254164691506,0.0103493528162305,0.0048051224382215
h5_subject_features_labelled,eeg4_beta_power_mean_std,0.06382978723404255,False,False,10316.748777431125,9330477.883776458,218297.96786040146
h5_subject_features_labelled,eeg4_beta_power_std_std,0.06382978723404255,False,False,184418.30336894735,62931027.14183036,4971829.568668583
h5_subject_features_labelled,eeg4_beta_power_median_std,0.06382978723404255,False,False,0.6707198025245845,11581.257253441398,8.053249723354865
h5_subject_features_labelled,eeg4_beta_relative_power_mean_std,0.06382978723404255,False,False,0.0021589494211551,0.0596352871483867,0.0075152474019597
h5_subject_features_labelled,eeg4_beta_relative_power_std_std,0.06382978723404255,False,False,0.0028779907339418,0.069852995727315,0.011035200875748701
h5_subject_features_labelled,eeg4_beta_relative_power_median_std,0.06382978723404255,False,False,0.0014407303134733,0.0276913707985155,0.00492452054082975
h5_subject_features_labelled,eeg4_theta_alpha_ratio_mean_std,0.06382978723404255,False,False,0.29018913993635,4.497871749293704,1.0141314365715186
h5_subject_features_labelled,eeg4_theta_alpha_ratio_std_std,0.06382978723404255,False,False,0.4614737243974564,17.41086845845342,2.349900318691163
h5_subject_features_labelled,eeg4_theta_alpha_ratio_median_std,0.06382978723404255,False,False,0.1965040792091115,1.86250862541544,0.6442401576057569
h5_subject_features_labelled,eeg4_delta_beta_ratio_mean_std,0.06382978723404255,False,False,260.95550241415253,65345.011579173064,1950.296654104108
h5_subject_features_labelled,eeg4_delta_beta_ratio_std_std,0.06382978723404255,False,False,1425.7466049683424,367273.0876924612,15757.690790202174
h5_subject_features_labelled,eeg4_delta_beta_ratio_median_std,0.06382978723404255,False,False,6.071386872967155,1234.1897224253223,68.28407887668916
h5_subject_features_labelled,eeg4_delta_sigma_ratio_mean_std,0.06382978723404255,False,False,110.72117343886688,27390.21963657087,1210.4110978982417
h5_subject_features_labelled,eeg4_delta_sigma_ratio_std_std,0.06382978723404255,False,False,489.683259531014,136215.81485788748,8434.531835849168
h5_subject_features_labelled,eeg4_delta_sigma_ratio_median_std,0.06382978723404255,False,False,13.28070505142161,1321.4677474071154,56.71344305157316
h5_subject_features_labelled,n_epochs_min,0.0,False,False,13.0,1342.0,733.0
h5_subject_features_labelled,wake_epochs_min,0.0,False,False,13.0,465.0,60.0
h5_subject_features_labelled,sleep_epochs_min,0.0,False,False,0.0,888.0,415.0
h5_subject_features_labelled,tst_minutes_from_hypnogram_min,0.0,False,False,0.0,444.0,207.5
h5_subject_features_labelled,sleep_efficiency_epoch_ratio_min,0.0,False,False,0.0,0.9387096774193548,0.2882308845577211
h5_subject_features_labelled,Wake_epochs_min,0.0,False,False,13.0,465.0,60.0
h5_subject_features_labelled,Wake_percentage_min,1.0,True,True,,,
h5_subject_features_labelled,N1_epochs_min,0.0,False,False,0.0,92.0,24.0
h5_subject_features_labelled,N1_percentage_min,0.02127659574468085,False,False,0.0,0.2040498442367601,0.046069090483984054
h5_subject_features_labelled,N2_epochs_min,0.0,False,False,0.0,485.0,138.0
h5_subject_features_labelled,N2_percentage_min,0.02127659574468085,False,False,0.0014409221902017,0.5555555555555556,0.33838439162132883
h5_subject_features_labelled,N3_epochs_min,0.0,False,False,0.0,246.0,20.0
h5_subject_features_labelled,N3_percentage_min,0.02127659574468085,False,False,0.0,0.281786941580756,0.0638091349752432
h5_subject_features_labelled,REM_epochs_min,0.0,False,False,0.0,233.0,71.0
h5_subject_features_labelled,REM_percentage_min,0.02127659574468085,False,False,0.0,0.2950152594099695,0.1596415157414508
h5_subject_features_labelled,eeg1_mean_mean_min,0.0,False,False,-7.359873757902654e-13,1.6230393603915668e-15,-3.1875715776523405e-14
h5_subject_features_labelled,eeg1_mean_std_min,0.0,False,False,5.3990796528922475e-15,1.516076831597003e-12,1.1753739550428949e-13
h5_subject_features_labelled,eeg1_mean_median_min,0.0,False,False,-4.353963997849125e-15,7.547924427142214e-16,-1.2123363126805228e-16
h5_subject_features_labelled,eeg1_std_mean_min,0.0,False,False,38.881870827997055,4021.2185813050583,371.7604936806
h5_subject_features_labelled,eeg1_std_std_min,0.0,False,False,62.27022818376616,22460.70150631924,3858.324838972344
h5_subject_features_labelled,eeg1_std_median_min,0.0,False,False,7.257621835180346,282.67554846916596,27.067512045505502
h5_subject_features_labelled,eeg1_iqr_mean_min,0.0,False,False,22.543798715764535,764.9929350861354,62.56236295390231
h5_subject_features_labelled,eeg1_iqr_std_min,0.0,False,False,14.303524701514442,7616.584637920198,175.74911316801973
h5_subject_features_labelled,eeg1_iqr_median_min,0.0,False,False,9.81340770674234,135.36013162253278,24.58885222693951
h5_subject_features_labelled,eeg1_skew_mean_min,0.0,False,False,-1.0097790898616497,0.616979753891523,-0.4116341676073604
h5_subject_features_labelled,eeg1_skew_std_min,0.0,False,False,0.9906072033933734,3.937468758049502,1.5068959612411683
h5_subject_features_labelled,eeg1_skew_median_min,0.0,False,False,-0.997362848042082,0.4653367272140846,-0.3577448057429118
h5_subject_features_labelled,eeg1_kurtosis_mean_min,0.0,False,False,3.7691797366433657,43.131844592539146,7.841176835968532
h5_subject_features_labelled,eeg1_kurtosis_std_min,0.0,False,False,8.945456900514682,119.79321980941086,16.834534678399546
h5_subject_features_labelled,eeg1_kurtosis_median_min,0.0,False,False,0.0708101184185769,15.469278757688784,1.572815888722061
h5_subject_features_labelled,eeg1_zero_crossings_mean_min,0.0,False,False,99.92307692307692,330.01612903225805,214.88505747126436
h5_subject_features_labelled,eeg1_zero_crossings_std_min,0.0,False,False,40.14653940938786,181.42466987292084,88.21969088886392
h5_subject_features_labelled,eeg1_zero_crossings_median_min,0.0,False,False,79.0,334.0,197.0
h5_subject_features_labelled,eeg1_hjorth_mobility_mean_min,0.0,False,False,0.0498899250333009,0.135389293212231,0.0805527349735674
h5_subject_features_labelled,eeg1_hjorth_mobility_std_min,0.0,False,False,0.0258688108310808,0.1031451305186118,0.0364670577017082
h5_subject_features_labelled,eeg1_hjorth_mobility_median_min,0.0,False,False,0.0393860380464474,0.1327752300123845,0.0692948968264176
h5_subject_features_labelled,eeg1_hjorth_complexity_mean_min,0.0,False,False,3.1376282139393714,5.758514734101513,4.503052757240753
h5_subject_features_labelled,eeg1_hjorth_complexity_std_min,0.0,False,False,0.5613762549577694,2.952736971561291,1.73909479000389
h5_subject_features_labelled,eeg1_hjorth_complexity_median_min,0.0,False,False,2.7676247814667594,5.098899966827576,3.977289360762202
h5_subject_features_labelled,eeg1_total_power_0p5_30_mean_min,0.0,False,False,3067.0099772792028,513658522.08751845,9226030.342556586
h5_subject_features_labelled,eeg1_total_power_0p5_30_std_min,0.0,False,False,16321.13400039493,7865489386.417327,203607838.33150673
h5_subject_features_labelled,eeg1_total_power_0p5_30_median_min,0.0,False,False,34.32705621817674,58762.262877810586,505.06598932455745
h5_subject_features_labelled,eeg1_delta_power_mean_min,0.0,False,False,2885.060775220245,481432132.36427456,8115451.372086441
h5_subject_features_labelled,eeg1_delta_power_std_min,0.0,False,False,15971.31053040752,7388182379.67112,179251313.01991087
h5_subject_features_labelled,eeg1_delta_power_median_min,0.0,False,False,26.399418025406938,45505.63890531329,417.5990042536421
h5_subject_features_labelled,eeg1_delta_relative_power_mean_min,0.0,False,False,0.627679546356311,0.8680297650667136,0.7757525200202141
h5_subject_features_labelled,eeg1_delta_relative_power_std_min,0.0,False,False,0.0489452351330966,0.2039473019378671,0.0997759117034332
h5_subject_features_labelled,eeg1_delta_relative_power_median_min,0.0,False,False,0.5789993743730744,0.8853160092404142,0.7956086592721088
h5_subject_features_labelled,eeg1_theta_power_mean_min,0.0,False,False,66.64867160744514,20175740.763277292,598366.0435928886
h5_subject_features_labelled,eeg1_theta_power_std_min,0.0,False,False,142.53586402654682,309712310.7867391,9899839.920676785
h5_subject_features_labelled,eeg1_theta_power_median_min,0.0,False,False,3.4135689203876174,6552.602180361034,33.50832092014636
h5_subject_features_labelled,eeg1_theta_relative_power_mean_min,0.0,False,False,0.027916200033332,0.120750585303903,0.0724400897665125
h5_subject_features_labelled,eeg1_theta_relative_power_std_min,0.0,False,False,0.0292047107798483,0.0868802466156495,0.0504621845529116
h5_subject_features_labelled,eeg1_theta_relative_power_median_min,0.0,False,False,0.0184793072109726,0.1120013830497997,0.0573690675973604
h5_subject_features_labelled,eeg1_alpha_power_mean_min,0.0,False,False,28.08082467893931,4299567.766962988,121158.32911588503
h5_subject_features_labelled,eeg1_alpha_power_std_min,0.0,False,False,26.780554217103596,61586201.68087726,2126367.447097472
h5_subject_features_labelled,eeg1_alpha_power_median_min,0.0,False,False,1.5440105802198674,958.622723151764,13.51408301583446
h5_subject_features_labelled,eeg1_alpha_relative_power_mean_min,0.0,False,False,0.0079481176809661,0.0472522851626616,0.0226652197844567
h5_subject_features_labelled,eeg1_alpha_relative_power_std_min,0.0,False,False,0.0084728326435584,0.0557255819688059,0.0231427733911341
h5_subject_features_labelled,eeg1_alpha_relative_power_median_min,0.0,False,False,0.0029298762595656,0.0376125239221548,0.0134816028709783
h5_subject_features_labelled,eeg1_sigma_power_mean_min,0.0,False,False,8.721259846580391,1814241.0363525425,29287.318047823566
h5_subject_features_labelled,eeg1_sigma_power_std_min,0.0,False,False,5.725222260976791,26491363.49814638,541543.5694613883
h5_subject_features_labelled,eeg1_sigma_power_median_min,0.0,False,False,0.921315289573088,140.88934418485775,5.491214339871073
h5_subject_features_labelled,eeg1_sigma_relative_power_mean_min,0.0,False,False,0.0029274188501591,0.031773419454445,0.0088132247293175
h5_subject_features_labelled,eeg1_sigma_relative_power_std_min,0.0,False,False,0.0035287994571331,0.0625284441521544,0.0099080695864464
h5_subject_features_labelled,eeg1_sigma_relative_power_median_min,0.0,False,False,0.0008667269570322,0.0190613209315485,0.0043782030393424
h5_subject_features_labelled,eeg1_beta_power_mean_min,0.0,False,False,8.772636178105634,1650894.7700047558,18888.55678473558
h5_subject_features_labelled,eeg1_beta_power_std_min,0.0,False,False,8.956722240139031,26280114.602754112,303770.18328855484
h5_subject_features_labelled,eeg1_beta_power_median_min,0.0,False,False,1.598123909975696,101.52721622346004,4.919933529488073
h5_subject_features_labelled,eeg1_beta_relative_power_mean_min,0.0,False,False,0.0019584573510448,0.0353724345611608,0.0103477735913788
h5_subject_features_labelled,eeg1_beta_relative_power_std_min,0.0,False,False,0.0030722218325071,0.0530720799718674,0.0118388262979146
h5_subject_features_labelled,eeg1_beta_relative_power_median_min,0.0,False,False,0.0004111987634291,0.0257283483839339,0.0043457682554101
h5_subject_features_labelled,eeg1_theta_alpha_ratio_mean_min,0.0,False,False,2.1344252420043217,7.1885750295986846,3.653251510749503
h5_subject_features_labelled,eeg1_theta_alpha_ratio_std_min,0.0,False,False,1.4305087141894794,6.166814232173887,3.3457764389045748
h5_subject_features_labelled,eeg1_theta_alpha_ratio_median_min,0.0,False,False,1.7015311480766135,6.45793443617092,2.7268407860213673
h5_subject_features_labelled,eeg1_delta_beta_ratio_mean_min,0.0,False,False,38.02724347697278,5229.541339447709,389.07252849147534
h5_subject_features_labelled,eeg1_delta_beta_ratio_std_min,0.0,False,False,48.94704426435941,118612.23390310486,1319.271347769071
h5_subject_features_labelled,eeg1_delta_beta_ratio_median_min,0.0,False,False,6.209406008532719,381.6374209163362,53.81451213840138
h5_subject_features_labelled,eeg1_delta_sigma_ratio_mean_min,0.0,False,False,49.38545680378754,4322.456743351202,318.31968752203875
h5_subject_features_labelled,eeg1_delta_sigma_ratio_std_min,0.0,False,False,42.46715222069151,112214.70585360617,1099.4217037702829
h5_subject_features_labelled,eeg1_delta_sigma_ratio_median_min,0.0,False,False,6.988995548150042,211.81324348795903,54.61463780614156
h5_subject_features_labelled,eeg2_mean_mean_min,0.0,False,False,-9.35381556085864e-13,2.414546519445415e-13,-5.4256613433956756e-14
h5_subject_features_labelled,eeg2_mean_std_min,0.0,False,False,8.555746405761931e-15,2.2864845511410867e-12,1.7149462380690925e-13
h5_subject_features_labelled,eeg2_mean_median_min,0.0,False,False,-2.89840298002261e-15,0.0,-1.5115920452282412e-16
h5_subject_features_labelled,eeg2_std_mean_min,0.0,False,False,36.71269161805784,4468.334268834979,441.130058945821
h5_subject_features_labelled,eeg2_std_std_min,0.0,False,False,73.66359503863558,20760.149858275116,5037.163800229781
h5_subject_features_labelled,eeg2_std_median_min,0.0,False,False,8.904116585032664,616.6405136540048,26.240889678640105
h5_subject_features_labelled,eeg2_iqr_mean_min,0.0,False,False,24.74922240369186,972.6822828187458,66.28286087315975
h5_subject_features_labelled,eeg2_iqr_std_min,0.0,False,False,13.916256774029248,5817.149877854379,243.5270496590432
h5_subject_features_labelled,eeg2_iqr_median_min,0.0,False,False,11.635384691030822,166.3170763854061,24.460149047508676
h5_subject_features_labelled,eeg2_skew_mean_min,0.0,False,False,-1.0354596718861382,1.4505624082155404,-0.4137410717775508
h5_subject_features_labelled,eeg2_skew_std_min,0.0,False,False,0.8770864986337489,3.4751893786566237,1.5786656466888984
h5_subject_features_labelled,eeg2_skew_median_min,0.0,False,False,-0.8469781485768787,0.61407276261385,-0.3296628215771538
h5_subject_features_labelled,eeg2_kurtosis_mean_min,0.0,False,False,3.9218523859809302,41.215948352218106,8.185617998554022
h5_subject_features_labelled,eeg2_kurtosis_std_min,0.0,False,False,7.351019346533819,74.04269658561508,18.296837291190517
h5_subject_features_labelled,eeg2_kurtosis_median_min,0.0,False,False,0.2928655410501755,16.60976443222612,1.4656022679669114
h5_subject_features_labelled,eeg2_zero_crossings_mean_min,0.0,False,False,72.66525423728814,480.18494623655914,200.6400742115028
h5_subject_features_labelled,eeg2_zero_crossings_std_min,0.0,False,False,36.713764675193865,148.53042599386563,85.57746174595093
h5_subject_features_labelled,eeg2_zero_crossings_median_min,0.0,False,False,56.0,487.0,179.0
h5_subject_features_labelled,eeg2_hjorth_mobility_mean_min,0.0,False,False,0.0308323844524816,0.1968164675487297,0.0742263301982521
h5_subject_features_labelled,eeg2_hjorth_mobility_std_min,0.0,False,False,0.0138698207928824,0.0766430439726308,0.0375909670711381
h5_subject_features_labelled,eeg2_hjorth_mobility_median_min,0.0,False,False,0.0264268809766539,0.2020501994605788,0.0610293745133056
h5_subject_features_labelled,eeg2_hjorth_complexity_mean_min,0.0,False,False,2.771898224143568,6.068574790276623,4.526608561353412
h5_subject_features_labelled,eeg2_hjorth_complexity_std_min,0.0,False,False,0.6150807933557229,3.056138950051177,1.8904169566551212
h5_subject_features_labelled,eeg2_hjorth_complexity_median_min,0.0,False,False,2.616179130856405,5.169630746857413,4.0515397064424015
h5_subject_features_labelled,eeg2_total_power_0p5_30_mean_min,0.0,False,False,4176.479710060782,428467892.93932134,20058705.59737114
h5_subject_features_labelled,eeg2_total_power_0p5_30_std_min,0.0,False,False,20386.75088180725,6176957247.826684,248607360.87407357
h5_subject_features_labelled,eeg2_total_power_0p5_30_median_min,0.0,False,False,74.56593455334516,176474.26533747162,469.6139263975407
h5_subject_features_labelled,eeg2_delta_power_mean_min,0.0,False,False,4024.226510782951,391271406.18698376,17097139.104764465
h5_subject_features_labelled,eeg2_delta_power_std_min,0.0,False,False,20165.101323538685,5642070657.95401,240742841.9891384
h5_subject_features_labelled,eeg2_delta_power_median_min,0.0,False,False,41.42877073344391,164480.04829433552,393.4043086776104
h5_subject_features_labelled,eeg2_delta_relative_power_mean_min,0.0,False,False,0.5646082117534693,0.8953031621484259,0.796249250873089
h5_subject_features_labelled,eeg2_delta_relative_power_std_min,0.0,False,False,0.0237269079063652,0.2038727603570643,0.094328303778108
h5_subject_features_labelled,eeg2_delta_relative_power_median_min,0.0,False,False,0.5518156590488266,0.929337089464991,0.8069530978257677
h5_subject_features_labelled,eeg2_theta_power_mean_min,0.0,False,False,53.07906198948751,23307412.245675795,960165.426862606
h5_subject_features_labelled,eeg2_theta_power_std_min,0.0,False,False,109.71756529444622,361843238.2687386,14132608.23152014
h5_subject_features_labelled,eeg2_theta_power_median_min,0.0,False,False,8.682274503591536,5538.020884901354,36.56709498444948
h5_subject_features_labelled,eeg2_theta_relative_power_mean_min,0.0,False,False,0.0091997736246208,0.2005068700084891,0.0657264623379421
h5_subject_features_labelled,eeg2_theta_relative_power_std_min,0.0,False,False,0.0135210436825436,0.1041779823566847,0.0482756890517154
h5_subject_features_labelled,eeg2_theta_relative_power_median_min,0.0,False,False,0.004483484513646,0.2023373881669541,0.0513357034050274
h5_subject_features_labelled,eeg2_alpha_power_mean_min,0.0,False,False,24.30807906625433,4222649.291609618,151560.30712032932
h5_subject_features_labelled,eeg2_alpha_power_std_min,0.0,False,False,21.836632855439262,68373113.68520078,2145624.8584834165
h5_subject_features_labelled,eeg2_alpha_power_median_min,0.0,False,False,3.4304562033910804,577.7710708455259,14.18720542316703
h5_subject_features_labelled,eeg2_alpha_relative_power_mean_min,0.0,False,False,0.0027472208378632,0.0857983124962945,0.021306510279536
h5_subject_features_labelled,eeg2_alpha_relative_power_std_min,0.0,False,False,0.0042433504205717,0.0524815325328875,0.0218501627698238
h5_subject_features_labelled,eeg2_alpha_relative_power_median_min,0.0,False,False,0.0010290246537567,0.0887984103566457,0.0124713342156581
h5_subject_features_labelled,eeg2_sigma_power_mean_min,0.0,False,False,7.946551216192874,1965782.7294590352,50035.035021698415
h5_subject_features_labelled,eeg2_sigma_power_std_min,0.0,False,False,5.141273422651956,32137652.24122871,697725.2409933957
h5_subject_features_labelled,eeg2_sigma_power_median_min,0.0,False,False,1.860870300127679,111.27328364544968,5.499011107644824
h5_subject_features_labelled,eeg2_sigma_relative_power_mean_min,0.0,False,False,0.001237058541257,0.0469443335627328,0.0082673502527337
h5_subject_features_labelled,eeg2_sigma_relative_power_std_min,0.0,False,False,0.0018696765959887,0.0905302099297065,0.0095742215838587
h5_subject_features_labelled,eeg2_sigma_relative_power_median_min,0.0,False,False,0.000317474208192,0.0489960619486387,0.003855423640231
h5_subject_features_labelled,eeg2_beta_power_mean_min,0.0,False,False,7.099663540987434,1855792.3648319712,25898.797067343407
h5_subject_features_labelled,eeg2_beta_power_std_min,0.0,False,False,6.039727613774642,30732481.52846401,375647.3992760017
h5_subject_features_labelled,eeg2_beta_power_median_min,0.0,False,False,2.5307193455725563,72.71536001987948,4.4934764577367385
h5_subject_features_labelled,eeg2_beta_relative_power_mean_min,0.0,False,False,0.0019771815151485,0.0655009373338772,0.0080975884763848
h5_subject_features_labelled,eeg2_beta_relative_power_std_min,0.0,False,False,0.0028787445726869,0.039977931581097,0.0114307602450337
h5_subject_features_labelled,eeg2_beta_relative_power_median_min,0.0,False,False,0.0001660737375188,0.065383663988474,0.0029891958976414
h5_subject_features_labelled,eeg2_theta_alpha_ratio_mean_min,0.0,False,False,1.923644169580933,10.319001050061322,3.7516269486862943
h5_subject_features_labelled,eeg2_theta_alpha_ratio_std_min,0.0,False,False,1.1538813810174082,12.715423381925875,3.3741992385996658
h5_subject_features_labelled,eeg2_theta_alpha_ratio_median_min,0.0,False,False,1.6051294461944547,7.07441065376112,2.672294295208489
h5_subject_features_labelled,eeg2_delta_beta_ratio_mean_min,0.0,False,False,16.488873460976837,4349.543226909426,469.65430962606865
h5_subject_features_labelled,eeg2_delta_beta_ratio_std_min,0.0,False,False,38.26189614236863,11147.739305120112,1310.2483916820886
h5_subject_features_labelled,eeg2_delta_beta_ratio_median_min,0.0,False,False,8.312148515494597,1128.7239605013256,59.65094122041525
h5_subject_features_labelled,eeg2_delta_sigma_ratio_mean_min,0.0,False,False,20.281848683872344,2154.8222085653274,366.4985334929614
h5_subject_features_labelled,eeg2_delta_sigma_ratio_std_min,0.0,False,False,36.95310423852144,6816.692854371928,1201.1513950648698
h5_subject_features_labelled,eeg2_delta_sigma_ratio_median_min,0.0,False,False,11.2199181069056,759.3828790151213,58.24734723178833
h5_subject_features_labelled,eeg3_mean_mean_min,0.0,False,False,-3.7319023157304723e-13,1.8907766344974872e-14,-6.203067545538751e-14
h5_subject_features_labelled,eeg3_mean_std_min,0.0,False,False,4.3795599133480614e-14,1.0638127578517877e-12,2.280156402086457e-13
h5_subject_features_labelled,eeg3_mean_median_min,0.0,False,False,-1.6172013009232004e-14,2.3549524212683705e-15,-1.544287847596862e-15
h5_subject_features_labelled,eeg3_std_mean_min,0.0,False,False,178.0822751083747,5937.867097291383,1280.2238042271877
h5_subject_features_labelled,eeg3_std_std_min,0.0,False,False,491.2845379810747,15901.812395716492,5003.921714040836
h5_subject_features_labelled,eeg3_std_median_min,0.0,False,False,7.635782108429835,1006.5365976332126,185.15457439517323
h5_subject_features_labelled,eeg3_iqr_mean_min,0.0,False,False,21.781630984964455,1599.5554590582803,453.45375867079
h5_subject_features_labelled,eeg3_iqr_std_min,0.0,False,False,134.9062156276318,3773.3923513150103,915.244989372426
h5_subject_features_labelled,eeg3_iqr_median_min,0.0,False,False,10.18126635298118,605.468292202984,187.67760963709216
h5_subject_features_labelled,eeg3_skew_mean_min,0.0,False,False,-0.604691108736943,0.3831399310271613,0.0005339604880518
h5_subject_features_labelled,eeg3_skew_std_min,0.0,False,False,0.6207385668688709,2.00132020145381,1.134094151296268
h5_subject_features_labelled,eeg3_skew_median_min,0.0,False,False,-0.4380816441984482,0.1708140711710257,-0.1043136399386443
h5_subject_features_labelled,eeg3_kurtosis_mean_min,0.0,False,False,1.1678368944953117,14.495192320388268,4.406751200096092
h5_subject_features_labelled,eeg3_kurtosis_std_min,0.0,False,False,6.505330380182773,24.848617837370984,11.927806628198038
h5_subject_features_labelled,eeg3_kurtosis_median_min,0.0,False,False,-1.054402307778681,10.355534032990782,-0.2567666412273106
h5_subject_features_labelled,eeg3_zero_crossings_mean_min,0.0,False,False,55.66101694915254,429.09354838709675,96.01773533424284
h5_subject_features_labelled,eeg3_zero_crossings_std_min,0.0,False,False,7.528552537761835,81.67731205546053,29.28186900744606
h5_subject_features_labelled,eeg3_zero_crossings_median_min,0.0,False,False,51.0,435.0,84.0
h5_subject_features_labelled,eeg3_hjorth_mobility_mean_min,0.0,False,False,0.0261923737306116,0.1807811477468914,0.0465683722982809
h5_subject_features_labelled,eeg3_hjorth_mobility_std_min,0.0,False,False,0.0050930537351131,0.0397597672686024,0.0148317574568325
h5_subject_features_labelled,eeg3_hjorth_mobility_median_min,0.0,False,False,0.0243426245513419,0.1778015149987431,0.0428377253825572
h5_subject_features_labelled,eeg3_hjorth_complexity_mean_min,0.0,False,False,2.8324767527145376,6.307112121478504,3.692966092730192
h5_subject_features_labelled,eeg3_hjorth_complexity_std_min,0.0,False,False,0.5202428205227928,3.048228362525429,1.163422342520769
h5_subject_features_labelled,eeg3_hjorth_complexity_median_min,0.0,False,False,2.6907434032882485,5.567824544313375,3.476972242400324
h5_subject_features_labelled,eeg3_total_power_0p5_30_mean_min,0.0,False,False,260667.12972777907,181317361.09276953,21553968.920061514
h5_subject_features_labelled,eeg3_total_power_0p5_30_std_min,0.0,False,False,1375581.8868545375,2493221644.531849,209279727.07680345
h5_subject_features_labelled,eeg3_total_power_0p5_30_median_min,0.0,False,False,41.40394656469308,782502.4038885899,24317.1099508459
h5_subject_features_labelled,eeg3_delta_power_mean_min,0.0,False,False,253828.9153964687,172665095.58251265,20453151.57302285
h5_subject_features_labelled,eeg3_delta_power_std_min,0.0,False,False,1338928.454038074,2312781293.0841613,196510621.86156803
h5_subject_features_labelled,eeg3_delta_power_median_min,0.0,False,False,31.3014290015275,752022.3371773681,22341.636089366293
h5_subject_features_labelled,eeg3_delta_relative_power_mean_min,0.0,False,False,0.6523784470783976,0.9392940663012418,0.8746528805829151
h5_subject_features_labelled,eeg3_delta_relative_power_std_min,0.0,False,False,0.0111356659506622,0.1404990663441979,0.0425140239697481
h5_subject_features_labelled,eeg3_delta_relative_power_median_min,0.0,False,False,0.6474068418149116,0.9561020095993548,0.9056168676080768
h5_subject_features_labelled,eeg3_theta_power_mean_min,0.0,False,False,4925.830803377241,6281534.461443687,616522.3391742777
h5_subject_features_labelled,eeg3_theta_power_std_min,0.0,False,False,36447.78571855478,113784220.68054602,6221247.212880639
h5_subject_features_labelled,eeg3_theta_power_median_min,0.0,False,False,4.312653165584246,30173.28070654779,907.0716701323036
h5_subject_features_labelled,eeg3_theta_relative_power_mean_min,0.0,False,False,0.0187131391915187,0.1544614179647162,0.0338364174208143
h5_subject_features_labelled,eeg3_theta_relative_power_std_min,0.0,False,False,0.0093919433888898,0.086104879908007,0.0274077870755833
h5_subject_features_labelled,eeg3_theta_relative_power_median_min,0.0,False,False,0.0067030025138925,0.1565944584394187,0.026458129811046
h5_subject_features_labelled,eeg3_alpha_power_mean_min,0.0,False,False,575.6892337818697,1379044.5512833844,80824.50717980304
h5_subject_features_labelled,eeg3_alpha_power_std_min,0.0,False,False,2903.3746339868194,25634017.022504415,1118697.1635113717
h5_subject_features_labelled,eeg3_alpha_power_median_min,0.0,False,False,1.6375585485697877,2525.1619421118166,155.7408891779223
h5_subject_features_labelled,eeg3_alpha_relative_power_mean_min,0.0,False,False,0.0017134328211119,0.0683808818971403,0.0060857121274086
h5_subject_features_labelled,eeg3_alpha_relative_power_std_min,0.0,False,False,0.0009604702454771,0.0427328254993336,0.0066454637106282
h5_subject_features_labelled,eeg3_alpha_relative_power_median_min,0.0,False,False,0.0007621888338173,0.0694148338956633,0.0033003675850987
h5_subject_features_labelled,eeg3_sigma_power_mean_min,0.0,False,False,110.46847215139005,550010.4813804138,17191.912559472144
h5_subject_features_labelled,eeg3_sigma_power_std_min,0.0,False,False,490.8712315684729,10695028.580137268,212787.87008468257
h5_subject_features_labelled,eeg3_sigma_power_median_min,0.0,False,False,0.9268052994796164,393.08838674879325,43.47151510459379
h5_subject_features_labelled,eeg3_sigma_relative_power_mean_min,0.0,False,False,0.000296232444262,0.0384177423271134,0.0015209516631693
h5_subject_features_labelled,eeg3_sigma_relative_power_std_min,0.0,False,False,0.0002318146497339,0.0135322621572359,0.0019935133156273
h5_subject_features_labelled,eeg3_sigma_relative_power_median_min,0.0,False,False,0.0001561242370671,0.0374870282109919,0.0006370916584297
h5_subject_features_labelled,eeg3_beta_power_mean_min,0.0,False,False,75.04731582015997,523574.7509759267,10195.649360651652
h5_subject_features_labelled,eeg3_beta_power_std_min,0.0,False,False,135.81675995815647,10660135.696437508,171454.49013668342
h5_subject_features_labelled,eeg3_beta_power_median_min,0.0,False,False,1.5072081002028246,194.5484431421825,48.29968783668976
h5_subject_features_labelled,eeg3_beta_relative_power_mean_min,0.0,False,False,7.815769393935282e-05,0.0572629249754711,0.0006389618123874
h5_subject_features_labelled,eeg3_beta_relative_power_std_min,0.0,False,False,8.61064658922533e-05,0.0332093279113189,0.0008110697005606
h5_subject_features_labelled,eeg3_beta_relative_power_median_min,0.0,False,False,4.7027516901132834e-05,0.051105726991148,0.0002852570913047
h5_subject_features_labelled,eeg3_theta_alpha_ratio_mean_min,0.0,False,False,2.3801950229745215,13.051018408835091,6.069278162693893
h5_subject_features_labelled,eeg3_theta_alpha_ratio_std_min,0.0,False,False,0.7790962640146393,9.573089019560385,5.424710729111019
h5_subject_features_labelled,eeg3_theta_alpha_ratio_median_min,0.0,False,False,1.8634279530477056,10.26522693025763,4.191706809210668
h5_subject_features_labelled,eeg3_delta_beta_ratio_mean_min,0.0,False,False,25.552072154086257,7561.269880980639,1793.3386774079063
h5_subject_features_labelled,eeg3_delta_beta_ratio_std_min,0.0,False,False,132.80543162491503,102636.80038698236,4495.073315330006
h5_subject_features_labelled,eeg3_delta_beta_ratio_median_min,0.0,False,False,12.6118469616032,3389.60419465077,303.99893096632667
h5_subject_features_labelled,eeg3_delta_sigma_ratio_mean_min,0.0,False,False,27.554114405755502,4295.281962627813,1160.3263267814757
h5_subject_features_labelled,eeg3_delta_sigma_ratio_std_min,0.0,False,False,103.11025276776802,29578.43012028972,2232.9097064227312
h5_subject_features_labelled,eeg3_delta_sigma_ratio_median_min,0.0,False,False,17.180128187227716,2058.2170507341116,290.5193016962017
h5_subject_features_labelled,eeg4_mean_mean_min,0.0,False,False,-4.1172060385565956e-13,-8.671042578698053e-16,-3.372690004935377e-14
h5_subject_features_labelled,eeg4_mean_std_min,0.0,False,False,3.5589028504638516e-15,1.234415143448483e-12,1.2035037658238076e-13
h5_subject_features_labelled,eeg4_mean_median_min,0.0,False,False,-2.9038010965212557e-15,1.509785361508845e-17,-1.0572709765528261e-16
h5_subject_features_labelled,eeg4_std_mean_min,0.0,False,False,24.991166935006543,6087.250510983833,334.86014527374704
h5_subject_features_labelled,eeg4_std_std_min,0.0,False,False,51.86670618138415,19792.910944890973,3635.2765300034334
h5_subject_features_labelled,eeg4_std_median_min,0.0,False,False,8.551234309728828,97.45419980744968,15.802096014305665
h5_subject_features_labelled,eeg4_iqr_mean_min,0.0,False,False,11.269283223914496,731.935538498745,42.27151307971166
h5_subject_features_labelled,eeg4_iqr_std_min,0.0,False,False,9.283219540865655,4564.497882016055,128.05700885913038
h5_subject_features_labelled,eeg4_iqr_median_min,0.0,False,False,8.576269320608402,47.78614591850421,15.724418432902514
h5_subject_features_labelled,eeg4_skew_mean_min,0.0,False,False,-0.8907716702589038,0.7407389404474329,-0.2480973237440164
h5_subject_features_labelled,eeg4_skew_std_min,0.0,False,False,0.7508205503891338,2.6176283440896966,1.4565444328016592
h5_subject_features_labelled,eeg4_skew_median_min,0.0,False,False,-0.7332866306666386,0.3419711106457914,-0.1114116831394256
h5_subject_features_labelled,eeg4_kurtosis_mean_min,0.0,False,False,4.079892780870449,19.57014933136114,7.167666860756115
h5_subject_features_labelled,eeg4_kurtosis_std_min,0.0,False,False,8.36614300539598,51.39571526306539,14.902739262875912
h5_subject_features_labelled,eeg4_kurtosis_median_min,0.0,False,False,0.0531794335465942,13.221181154969544,1.6319468491361908
h5_subject_features_labelled,eeg4_zero_crossings_mean_min,0.0,False,False,69.11299435028249,381.9215053763441,212.05595026642985
h5_subject_features_labelled,eeg4_zero_crossings_std_min,0.0,False,False,35.46101631580653,177.95955035623936,106.88616075560984
h5_subject_features_labelled,eeg4_zero_crossings_median_min,0.0,False,False,55.0,387.0,179.0
h5_subject_features_labelled,eeg4_hjorth_mobility_mean_min,0.0,False,False,0.0295947611074835,0.1466134285547614,0.0761420210546993
h5_subject_features_labelled,eeg4_hjorth_mobility_std_min,0.0,False,False,0.013215410233202,0.069660798821503,0.0433596089650021
h5_subject_features_labelled,eeg4_hjorth_mobility_median_min,0.0,False,False,0.0258191434996299,0.1507321359531934,0.0635640555532394
h5_subject_features_labelled,eeg4_hjorth_complexity_mean_min,0.0,False,False,3.576354370886278,8.185062657655415,4.979367690561214
h5_subject_features_labelled,eeg4_hjorth_complexity_std_min,0.0,False,False,0.5729775302969933,3.738008048084178,2.2743495594332903
h5_subject_features_labelled,eeg4_hjorth_complexity_median_min,0.0,False,False,3.081833502483526,7.853118409797764,4.190555738840293
h5_subject_features_labelled,eeg4_total_power_0p5_30_mean_min,0.0,False,False,2071.85187673586,327376700.22575825,9307894.174801746
h5_subject_features_labelled,eeg4_total_power_0p5_30_std_min,0.0,False,False,13589.652602608494,5043049516.501461,134118622.23590502
h5_subject_features_labelled,eeg4_total_power_0p5_30_median_min,0.0,False,False,52.52417992709937,6866.636329516291,175.15220647153347
h5_subject_features_labelled,eeg4_delta_power_mean_min,0.0,False,False,2004.1666441767677,300186882.5903465,8598962.347857215
h5_subject_features_labelled,eeg4_delta_power_std_min,0.0,False,False,13326.650390278744,4629917410.276458,120817002.87737428
h5_subject_features_labelled,eeg4_delta_power_median_min,0.0,False,False,38.56303373813949,6735.63224510617,136.68599117510914
h5_subject_features_labelled,eeg4_delta_relative_power_mean_min,0.0,False,False,0.7167452160091197,0.9351801776333653,0.8007826439253067
h5_subject_features_labelled,eeg4_delta_relative_power_std_min,0.0,False,False,0.0186267066702498,0.1784341263373773,0.085688060530686
h5_subject_features_labelled,eeg4_delta_relative_power_median_min,0.0,False,False,0.719511094173662,0.9571327559680688,0.8218347028307937
h5_subject_features_labelled,eeg4_theta_power_mean_min,0.0,False,False,29.49794016856065,16884866.478649646,365099.0677030502
h5_subject_features_labelled,eeg4_theta_power_std_min,0.0,False,False,136.21011583591306,257100651.865391,4536230.00253553
h5_subject_features_labelled,eeg4_theta_power_median_min,0.0,False,False,4.380338890676574,77.49354808993499,11.49203492890274
h5_subject_features_labelled,eeg4_theta_relative_power_mean_min,0.0,False,False,0.0077919249743076,0.1255800931175692,0.0550561266788643
h5_subject_features_labelled,eeg4_theta_relative_power_std_min,0.0,False,False,0.0104007506482354,0.0935829142537151,0.0393068523930922
h5_subject_features_labelled,eeg4_theta_relative_power_median_min,0.0,False,False,0.0040390635774732,0.1280801456284181,0.044615254149191
h5_subject_features_labelled,eeg4_alpha_power_mean_min,0.0,False,False,7.068874426034673,3542255.108613885,63744.63236778467
h5_subject_features_labelled,eeg4_alpha_power_std_min,0.0,False,False,11.52354891576897,56179722.03837823,961418.077343302
h5_subject_features_labelled,eeg4_alpha_power_median_min,0.0,False,False,1.818825147496267,22.85691304502671,5.116153946048733
h5_subject_features_labelled,eeg4_alpha_relative_power_mean_min,0.0,False,False,0.0020697625167044,0.0490728857447925,0.0184952305774203
h5_subject_features_labelled,eeg4_alpha_relative_power_std_min,0.0,False,False,0.0030181588956933,0.0356998224198128,0.0191473420451532
h5_subject_features_labelled,eeg4_alpha_relative_power_median_min,0.0,False,False,0.0007339358903152,0.0500275813401941,0.0111893038436519
h5_subject_features_labelled,eeg4_sigma_power_mean_min,0.0,False,False,3.4785311907343313,1445778.408435637,14918.27942114875
h5_subject_features_labelled,eeg4_sigma_power_std_min,0.0,False,False,2.973674825278455,24832217.09375053,216609.60273504927
h5_subject_features_labelled,eeg4_sigma_power_median_min,0.0,False,False,1.1373857004887773,8.204472198571857,2.7823238812055324
h5_subject_features_labelled,eeg4_sigma_relative_power_mean_min,0.0,False,False,0.0011283329678219,0.0257038928333394,0.0089062450583898
h5_subject_features_labelled,eeg4_sigma_relative_power_std_min,0.0,False,False,0.0017153303040129,0.0333645562051738,0.010287397103647
h5_subject_features_labelled,eeg4_sigma_relative_power_median_min,0.0,False,False,0.0002149144332878,0.026161740653026,0.0044546213845799
h5_subject_features_labelled,eeg4_beta_power_mean_min,0.0,False,False,2.269005600989426,1473275.1162969696,7093.691970999642
h5_subject_features_labelled,eeg4_beta_power_std_min,0.0,False,False,4.963629831658327,27362885.193378504,177723.17117371093
h5_subject_features_labelled,eeg4_beta_power_median_min,0.0,False,False,1.2528138118724876,14.077879075498208,2.213932808560956
h5_subject_features_labelled,eeg4_beta_relative_power_mean_min,0.0,False,False,0.0018555250275484,0.0343835677514563,0.0138177221811372
h5_subject_features_labelled,eeg4_beta_relative_power_std_min,0.0,False,False,0.0028912211565958,0.0461503086637205,0.0187407957399222
h5_subject_features_labelled,eeg4_beta_relative_power_median_min,0.0,False,False,0.0002556409009021,0.0350115658962296,0.0042641245730755
h5_subject_features_labelled,eeg4_theta_alpha_ratio_mean_min,0.0,False,False,2.1589461475289022,6.806341904719416,3.629406971091945
h5_subject_features_labelled,eeg4_theta_alpha_ratio_std_min,0.0,False,False,0.695693227778466,8.210599175197,4.001077126738025
h5_subject_features_labelled,eeg4_theta_alpha_ratio_median_min,0.0,False,False,1.7631331075598424,4.867560814395163,2.5840461820309617
h5_subject_features_labelled,eeg4_delta_beta_ratio_mean_min,0.0,False,False,30.89147704646777,7828.897370458658,453.78936937818537
h5_subject_features_labelled,eeg4_delta_beta_ratio_std_min,0.0,False,False,81.15562124358185,126328.52839135464,1866.2817483469687
h5_subject_features_labelled,eeg4_delta_beta_ratio_median_min,0.0,False,False,11.33042136055276,312.7670259591738,43.96148252261641
h5_subject_features_labelled,eeg4_delta_sigma_ratio_mean_min,0.0,False,False,36.63018017588268,3067.2778333126685,423.51474358678536
h5_subject_features_labelled,eeg4_delta_sigma_ratio_std_min,0.0,False,False,50.36247668198224,26207.63554246866,1941.2397128489924
h5_subject_features_labelled,eeg4_delta_sigma_ratio_median_min,0.0,False,False,17.013147052073233,469.32867744622945,47.159127386215374
h5_subject_features_labelled,n_epochs_max,0.0,False,False,70.0,3303.0,2421.0
h5_subject_features_labelled,wake_epochs_max,0.0,False,False,57.0,2122.0,1458.0
h5_subject_features_labelled,sleep_epochs_max,0.0,False,False,0.0,2776.0,1088.0
h5_subject_features_labelled,tst_minutes_from_hypnogram_max,0.0,False,False,0.0,1388.0,544.0
h5_subject_features_labelled,sleep_efficiency_epoch_ratio_max,0.0,False,False,0.0,0.9830316742081447,0.9387096774193548
h5_subject_features_labelled,Wake_epochs_max,0.0,False,False,57.0,2122.0,1458.0
h5_subject_features_labelled,Wake_percentage_max,1.0,True,True,,,
h5_subject_features_labelled,N1_epochs_max,0.0,False,False,0.0,362.0,89.0
h5_subject_features_labelled,N1_percentage_max,0.02127659574468085,False,False,0.0526918671248568,0.6666666666666666,0.11279461279461275
h5_subject_features_labelled,N2_epochs_max,0.0,False,False,0.0,890.0,564.0
h5_subject_features_labelled,N2_percentage_max,0.02127659574468085,False,False,0.4027926960257787,1.0,0.6056542732979238
h5_subject_features_labelled,N3_epochs_max,0.0,False,False,0.0,419.0,257.0
h5_subject_features_labelled,N3_percentage_max,0.02127659574468085,False,False,0.0759606791778373,0.7249190938511327,0.3110705647134488
h5_subject_features_labelled,REM_epochs_max,0.0,False,False,0.0,2770.0,308.0
h5_subject_features_labelled,REM_percentage_max,0.02127659574468085,False,False,0.1099656357388316,0.9978386167146974,0.31862021124239165
h5_subject_features_labelled,eeg1_mean_mean_max,0.0,False,False,-2.103910605933529e-14,5.422634450463123e-13,3.7927209127122966e-14
h5_subject_features_labelled,eeg1_mean_std_max,0.0,False,False,1.805504660328568e-13,1.083960567418338e-11,2.181914300268131e-12
h5_subject_features_labelled,eeg1_mean_median_max,0.0,False,False,0.0,2.655106613456001e-15,1.504988585141859e-16
h5_subject_features_labelled,eeg1_std_mean_max,0.0,False,False,368.9072297764631,91827.85855306408,3236.5208769229366
h5_subject_features_labelled,eeg1_std_std_max,0.0,False,False,4031.271748950463,227633.87626070873,24949.68072831765
h5_subject_features_labelled,eeg1_std_median_max,0.0,False,False,10.96252939431319,11521.330278263347,101.06912152262012
h5_subject_features_labelled,eeg1_iqr_mean_max,0.0,False,False,69.27722711430505,89787.34488299685,587.4673100481624
h5_subject_features_labelled,eeg1_iqr_std_max,0.0,False,False,306.0007790348978,292365.038705246,6431.398231898022
h5_subject_features_labelled,eeg1_iqr_median_max,0.0,False,False,13.43778216391771,1468.4327765229336,74.83752843122654
h5_subject_features_labelled,eeg1_skew_mean_max,0.0,False,False,-0.5269472650973103,1.8289054441782544,0.5948518892559338
h5_subject_features_labelled,eeg1_skew_std_max,0.0,False,False,1.8313066125722632,4.216682881020879,2.787434104305535
h5_subject_features_labelled,eeg1_skew_median_max,0.0,False,False,-0.3598926014253534,2.0991966038953604,0.2751470498855875
h5_subject_features_labelled,eeg1_kurtosis_mean_max,0.0,False,False,11.575494484701318,43.131844592539146,21.80583288099955
h5_subject_features_labelled,eeg1_kurtosis_std_max,0.0,False,False,22.08936770406808,119.79321980941086,45.90852415218416
h5_subject_features_labelled,eeg1_kurtosis_median_max,0.0,False,False,1.115320439032136,20.85807990200328,9.56563841801359
h5_subject_features_labelled,eeg1_zero_crossings_mean_max,0.0,False,False,240.32857142857145,502.2006313574184,322.4872379216044
h5_subject_features_labelled,eeg1_zero_crossings_std_max,0.0,False,False,40.14653940938786,322.8411035630385,162.80027311768438
h5_subject_features_labelled,eeg1_zero_crossings_median_max,0.0,False,False,218.0,510.0,307.0
h5_subject_features_labelled,eeg1_hjorth_mobility_mean_max,0.0,False,False,0.0904083197038336,0.2092471269592844,0.1167360362487609
h5_subject_features_labelled,eeg1_hjorth_mobility_std_max,0.0,False,False,0.0258688108310808,0.1754580344037261,0.0704676593751069
h5_subject_features_labelled,eeg1_hjorth_mobility_median_max,0.0,False,False,0.0703535185295997,0.2251806116983691,0.1073901184418472
h5_subject_features_labelled,eeg1_hjorth_complexity_mean_max,0.0,False,False,3.8302898696681393,10.007830184841035,5.964478053342497
h5_subject_features_labelled,eeg1_hjorth_complexity_std_max,0.0,False,False,0.5613762549577694,5.776662309281226,3.1579100572750227
h5_subject_features_labelled,eeg1_hjorth_complexity_median_max,0.0,False,False,3.865278534879082,9.885402370507627,5.2813057701955435
h5_subject_features_labelled,eeg1_total_power_0p5_30_mean_max,0.0,False,False,10954396.306576936,53024160676.45523,513658522.08751845
h5_subject_features_labelled,eeg1_total_power_0p5_30_std_max,0.0,False,False,306881595.4389659,220513369900.00015,7865489386.417327
h5_subject_features_labelled,eeg1_total_power_0p5_30_median_max,0.0,False,False,111.39939823798576,90795562.9332748,6614.928431220529
h5_subject_features_labelled,eeg1_delta_power_mean_max,0.0,False,False,10080690.557089863,43997195087.47289,481432132.36427456
h5_subject_features_labelled,eeg1_delta_power_std_max,0.0,False,False,296323274.53706634,176870835403.08688,7388182379.67112
h5_subject_features_labelled,eeg1_delta_power_median_max,0.0,False,False,87.71370343886878,78829893.69100279,5753.594852912171
h5_subject_features_labelled,eeg1_delta_relative_power_mean_max,0.0,False,False,0.7517559561094035,0.9396363700307878,0.8654865946026706
h5_subject_features_labelled,eeg1_delta_relative_power_std_max,0.0,False,False,0.0816971844919814,0.2396536699009151,0.1510954061218452
h5_subject_features_labelled,eeg1_delta_relative_power_median_max,0.0,False,False,0.7798388228329869,0.9726796764106774,0.8955344238522619
h5_subject_features_labelled,eeg1_theta_power_mean_max,0.0,False,False,572845.2190583686,6582002148.061404,20175740.763277292
h5_subject_features_labelled,eeg1_theta_power_std_max,0.0,False,False,8369479.379048591,34367840859.12506,453750332.7031952
h5_subject_features_labelled,eeg1_theta_power_median_max,0.0,False,False,12.25638947837204,1532379.1464101132,334.6742358629309
h5_subject_features_labelled,eeg1_theta_relative_power_mean_max,0.0,False,False,0.073703195068577,0.1638502450908948,0.1123341551818187
h5_subject_features_labelled,eeg1_theta_relative_power_std_max,0.0,False,False,0.0448280817062592,0.1495406123624993,0.0739966331194415
h5_subject_features_labelled,eeg1_theta_relative_power_median_max,0.0,False,False,0.0560309199576795,0.154602515308779,0.1034050475472789
h5_subject_features_labelled,eeg1_alpha_power_mean_max,0.0,False,False,117467.30344437186,763260855.045094,3290265.7829572577
h5_subject_features_labelled,eeg1_alpha_power_std_max,0.0,False,False,1204321.5210195573,4813260575.68353,72942346.96271783
h5_subject_features_labelled,eeg1_alpha_power_median_max,0.0,False,False,4.016243720888625,116299.84004585656,68.60563413006874
h5_subject_features_labelled,eeg1_alpha_relative_power_mean_max,0.0,False,False,0.0234202758630228,0.0944712827063783,0.0429873961298133
h5_subject_features_labelled,eeg1_alpha_relative_power_std_max,0.0,False,False,0.022353151459335,0.11877852346396,0.0423776685138213
h5_subject_features_labelled,eeg1_alpha_relative_power_median_max,0.0,False,False,0.0134816028709783,0.0821615219068105,0.0367997587003129
h5_subject_features_labelled,eeg1_sigma_power_mean_max,0.0,False,False,31949.0993726779,217896724.39699548,1239996.5419544452
h5_subject_features_labelled,eeg1_sigma_power_std_max,0.0,False,False,277830.98597443703,1462221099.1368349,26547886.355199233
h5_subject_features_labelled,eeg1_sigma_power_median_max,0.0,False,False,2.012854362554068,34192.65450665915,26.435504764794953
h5_subject_features_labelled,eeg1_sigma_relative_power_mean_max,0.0,False,False,0.0087541298078753,0.069617421712933,0.0196214532060497
h5_subject_features_labelled,eeg1_sigma_relative_power_std_max,0.0,False,False,0.0106970816509956,0.0625284441521544,0.0189377002122976
h5_subject_features_labelled,eeg1_sigma_relative_power_median_max,0.0,False,False,0.0036057284461818,0.0825469564563153,0.0148100783480386
h5_subject_features_labelled,eeg1_beta_power_mean_max,0.0,False,False,20598.83015688737,151556150.59475732,876423.5511191798
h5_subject_features_labelled,eeg1_beta_power_std_max,0.0,False,False,226232.95368388493,1246881321.5990157,19553830.602799475
h5_subject_features_labelled,eeg1_beta_power_median_max,0.0,False,False,2.6852819296559987,18178.704636767292,41.3513173662632
h5_subject_features_labelled,eeg1_beta_relative_power_mean_max,0.0,False,False,0.0131438747799459,0.0889618929109933,0.0284157528527144
h5_subject_features_labelled,eeg1_beta_relative_power_std_max,0.0,False,False,0.0147018294725736,0.1342936101317181,0.0357060783717439
h5_subject_features_labelled,eeg1_beta_relative_power_median_max,0.0,False,False,0.0019708582845503,0.0927604010150177,0.0157204210036605
h5_subject_features_labelled,eeg1_theta_alpha_ratio_mean_max,0.0,False,False,3.292296616951884,16.208402214100637,7.017080310043625
h5_subject_features_labelled,eeg1_theta_alpha_ratio_std_max,0.0,False,False,1.4360490767462195,50.095152626445355,8.806207038056982
h5_subject_features_labelled,eeg1_theta_alpha_ratio_median_max,0.0,False,False,2.7268407860213673,9.393983034043242,4.523217524732617
h5_subject_features_labelled,eeg1_delta_beta_ratio_mean_max,0.0,False,False,38.02724347697278,59595.21656073565,3164.066699428611
h5_subject_features_labelled,eeg1_delta_beta_ratio_std_max,0.0,False,False,48.94704426435941,544363.8238416798,26321.25724343803
h5_subject_features_labelled,eeg1_delta_beta_ratio_median_max,0.0,False,False,30.1576679081607,2351.3154528209307,201.9595239722376
h5_subject_features_labelled,eeg1_delta_sigma_ratio_mean_max,0.0,False,False,49.38545680378754,23162.19483901384,2130.9384171789316
h5_subject_features_labelled,eeg1_delta_sigma_ratio_std_max,0.0,False,False,42.46715222069151,133153.59626018975,11696.814091186823
h5_subject_features_labelled,eeg1_delta_sigma_ratio_median_max,0.0,False,False,40.83963846815561,1124.6376690822294,196.33571710220764
h5_subject_features_labelled,eeg2_mean_mean_max,0.0,False,False,-1.6161013495051537e-14,3.2093588499835217e-13,5.6162160706677654e-14
h5_subject_features_labelled,eeg2_mean_std_max,0.0,False,False,2.4225906556684324e-13,2.2606713424901302e-11,2.8880039321606813e-12
h5_subject_features_labelled,eeg2_mean_median_max,0.0,False,False,-2.89840298002261e-15,2.534974594303268e-13,1.286392599352684e-16
h5_subject_features_labelled,eeg2_std_mean_max,0.0,False,False,706.3611313579975,155571.7085403015,4468.334268834979
h5_subject_features_labelled,eeg2_std_std_max,0.0,False,False,6446.122597408663,297740.45930826967,26978.486889658736
h5_subject_features_labelled,eeg2_std_median_max,0.0,False,False,8.904116585032664,35006.78964448235,108.19029456967814
h5_subject_features_labelled,eeg2_iqr_mean_max,0.0,False,False,86.73528132108174,160960.40285073136,972.6822828187458
h5_subject_features_labelled,eeg2_iqr_std_max,0.0,False,False,494.762594898408,407345.581157451,7794.881597257725
h5_subject_features_labelled,eeg2_iqr_median_max,0.0,False,False,11.635384691030822,4984.466162007767,81.80297463382418
h5_subject_features_labelled,eeg2_skew_mean_max,0.0,False,False,-0.2957791657943099,1.967930195653712,0.4770750665203749
h5_subject_features_labelled,eeg2_skew_std_max,0.0,False,False,1.9327707256223532,4.3225352135060415,2.790220827604429
h5_subject_features_labelled,eeg2_skew_median_max,0.0,False,False,-0.3401984310137647,2.01907159210593,0.2055038606741614
h5_subject_features_labelled,eeg2_kurtosis_mean_max,0.0,False,False,11.077289091813723,45.22776702720133,21.558715460277835
h5_subject_features_labelled,eeg2_kurtosis_std_max,0.0,False,False,25.31430105945805,95.60956691787403,45.950436340618786
h5_subject_features_labelled,eeg2_kurtosis_median_max,0.0,False,False,0.3577864991275461,20.64836704372674,9.422346386681742
h5_subject_features_labelled,eeg2_zero_crossings_mean_max,0.0,False,False,201.4,505.9597315436242,319.4264633546483
h5_subject_features_labelled,eeg2_zero_crossings_std_max,0.0,False,False,58.85559300557603,435.4075429190576,170.95516317981907
h5_subject_features_labelled,eeg2_zero_crossings_median_max,0.0,False,False,179.0,514.0,309.0
h5_subject_features_labelled,eeg2_hjorth_mobility_mean_max,0.0,False,False,0.0776468083298645,0.1968164675487297,0.1134230600814789
h5_subject_features_labelled,eeg2_hjorth_mobility_std_max,0.0,False,False,0.0374350779098635,0.1918797163827837,0.0684516478553181
h5_subject_features_labelled,eeg2_hjorth_mobility_median_max,0.0,False,False,0.0543778281518312,0.2020501994605788,0.1026317336331463
h5_subject_features_labelled,eeg2_hjorth_complexity_mean_max,0.0,False,False,2.771898224143568,11.177771497259156,6.254169207447889
h5_subject_features_labelled,eeg2_hjorth_complexity_std_max,0.0,False,False,0.6150807933557229,6.276142188066851,3.1344716599403735
h5_subject_features_labelled,eeg2_hjorth_complexity_median_max,0.0,False,False,2.616179130856405,11.095425647394592,5.446780721358664
h5_subject_features_labelled,eeg2_total_power_0p5_30_mean_max,0.0,False,False,33665418.470487654,99777211513.75548,595904176.2000623
h5_subject_features_labelled,eeg2_total_power_0p5_30_std_max,0.0,False,False,385567217.5566242,374372037708.4879,10459145190.281776
h5_subject_features_labelled,eeg2_total_power_0p5_30_median_max,0.0,False,False,74.56593455334516,635944992.750869,7895.633430697999
h5_subject_features_labelled,eeg2_delta_power_mean_max,0.0,False,False,31954421.060374744,83222148652.00641,578231395.6313822
h5_subject_features_labelled,eeg2_delta_power_std_max,0.0,False,False,371258261.8509156,283974252598.7123,9250121191.216312
h5_subject_features_labelled,eeg2_delta_power_median_max,0.0,False,False,41.42877073344391,630050683.536267,6411.6667739224395
h5_subject_features_labelled,eeg2_delta_relative_power_mean_max,0.0,False,False,0.5646082117534693,0.9828917019747824,0.8803143183109219
h5_subject_features_labelled,eeg2_delta_relative_power_std_max,0.0,False,False,0.0968154200476635,0.2410049343936752,0.1505195542441898
h5_subject_features_labelled,eeg2_delta_relative_power_median_max,0.0,False,False,0.5518156590488266,0.9917471376597526,0.9034849674084922
h5_subject_features_labelled,eeg2_theta_power_mean_max,0.0,False,False,1120838.7151278756,11918878973.69132,29249709.526826963
h5_subject_features_labelled,eeg2_theta_power_std_max,0.0,False,False,12299093.97933122,75058711723.7541,538668209.438074
h5_subject_features_labelled,eeg2_theta_power_median_max,0.0,False,False,15.312914670210484,4210621.062085518,519.6371805535152
h5_subject_features_labelled,eeg2_theta_relative_power_mean_max,0.0,False,False,0.0593937284054729,0.2005068700084891,0.1062778974652489
h5_subject_features_labelled,eeg2_theta_relative_power_std_max,0.0,False,False,0.0490162905699028,0.1923205469736388,0.0714877729058422
h5_subject_features_labelled,eeg2_theta_relative_power_median_max,0.0,False,False,0.0499186716374432,0.2023373881669541,0.1019000332377623
h5_subject_features_labelled,eeg2_alpha_power_mean_max,0.0,False,False,195820.9265478737,1292451572.612171,5153509.917668574
h5_subject_features_labelled,eeg2_alpha_power_std_max,0.0,False,False,2167761.928215046,9289366002.215733,111212335.93991075
h5_subject_features_labelled,eeg2_alpha_power_median_max,0.0,False,False,6.7775588068357955,557575.8165062964,93.23213919784128
h5_subject_features_labelled,eeg2_alpha_relative_power_mean_max,0.0,False,False,0.0159107448483873,0.0892915279508647,0.043546043359388
h5_subject_features_labelled,eeg2_alpha_relative_power_std_max,0.0,False,False,0.020929491005992,0.1295006901511161,0.0460357394420952
h5_subject_features_labelled,eeg2_alpha_relative_power_median_max,0.0,False,False,0.0051898608263126,0.0887984103566457,0.0351154680241688
h5_subject_features_labelled,eeg2_sigma_power_mean_max,0.0,False,False,54854.72534512813,405910217.54658866,1825293.289987018
h5_subject_features_labelled,eeg2_sigma_power_std_max,0.0,False,False,381941.6796005833,3058813989.463379,38989139.24021575
h5_subject_features_labelled,eeg2_sigma_power_median_max,0.0,False,False,3.677768196743356,100025.55716114792,35.35709558917152
h5_subject_features_labelled,eeg2_sigma_relative_power_mean_max,0.0,False,False,0.0065168047899836,0.0490998742506197,0.0181280486714269
h5_subject_features_labelled,eeg2_sigma_relative_power_std_max,0.0,False,False,0.0098207541220381,0.0905302099297065,0.0174555462429832
h5_subject_features_labelled,eeg2_sigma_relative_power_median_max,0.0,False,False,0.0012613495176968,0.0489960619486387,0.0132159325745197
h5_subject_features_labelled,eeg2_beta_power_mean_max,0.0,False,False,40702.507495286736,262608713.4349041,1285577.522151933
h5_subject_features_labelled,eeg2_beta_power_std_max,0.0,False,False,135431.91768808497,2115087193.2050524,30732481.52846401
h5_subject_features_labelled,eeg2_beta_power_median_max,0.0,False,False,4.702863322542641,24757.37141005074,43.85494164754547
h5_subject_features_labelled,eeg2_beta_relative_power_mean_max,0.0,False,False,0.0107533414895312,0.0655009373338772,0.0253756470892271
h5_subject_features_labelled,eeg2_beta_relative_power_std_max,0.0,False,False,0.0127488414376999,0.1325782116899863,0.0334950455089266
h5_subject_features_labelled,eeg2_beta_relative_power_median_max,0.0,False,False,0.000802256923579,0.0656092891681171,0.0134991807226958
h5_subject_features_labelled,eeg2_theta_alpha_ratio_mean_max,0.0,False,False,2.6225381376963113,36.07265191284918,6.908389761793259
h5_subject_features_labelled,eeg2_theta_alpha_ratio_std_max,0.0,False,False,1.1538813810174082,60.83200148386644,9.406542340673262
h5_subject_features_labelled,eeg2_theta_alpha_ratio_median_max,0.0,False,False,2.3016554796206874,13.612695400751631,4.794457625907748
h5_subject_features_labelled,eeg2_delta_beta_ratio_mean_max,0.0,False,False,16.488873460976837,100790.6277190488,3927.9989991380694
h5_subject_features_labelled,eeg2_delta_beta_ratio_std_max,0.0,False,False,38.26189614236863,1027894.734071462,25682.446524214894
h5_subject_features_labelled,eeg2_delta_beta_ratio_median_max,0.0,False,False,8.312148515494597,5767.091386436416,311.1725471023999
h5_subject_features_labelled,eeg2_delta_sigma_ratio_mean_max,0.0,False,False,20.281848683872344,57252.577600974466,2241.654489514434
h5_subject_features_labelled,eeg2_delta_sigma_ratio_std_max,0.0,False,False,36.95310423852144,277053.10102322284,13823.341125357578
h5_subject_features_labelled,eeg2_delta_sigma_ratio_median_max,0.0,False,False,11.2199181069056,3013.5758476339843,231.89653893100203
h5_subject_features_labelled,eeg3_mean_mean_max,0.0,False,False,3.3663545949517362e-15,6.923201482845986e-13,4.3210185484863906e-14
h5_subject_features_labelled,eeg3_mean_std_max,0.0,False,False,1.2316592078594426e-13,1.0229726750025074e-11,2.3558325598398537e-12
h5_subject_features_labelled,eeg3_mean_median_max,0.0,False,False,-3.0272090992308887e-16,4.644228264372399e-14,1.929194647801518e-15
h5_subject_features_labelled,eeg3_std_mean_max,0.0,False,False,876.1038528175359,38500.70579583479,7466.519724910876
h5_subject_features_labelled,eeg3_std_std_max,0.0,False,False,3807.407858245299,91948.18137013268,20130.433104941378
h5_subject_features_labelled,eeg3_std_median_max,0.0,False,False,8.579369902448928,33894.55095972056,1678.6793569969975
h5_subject_features_labelled,eeg3_iqr_mean_max,0.0,False,False,93.48892908359156,25929.318664610502,2929.4257476149555
h5_subject_features_labelled,eeg3_iqr_std_max,0.0,False,False,442.4615287908141,94488.13270628436,6991.442394883719
h5_subject_features_labelled,eeg3_iqr_median_max,0.0,False,False,11.168697033484143,9724.507655048685,1601.012706037237
h5_subject_features_labelled,eeg3_skew_mean_max,0.0,False,False,-0.0123785374443879,1.1076841253034817,0.5003585165332692
h5_subject_features_labelled,eeg3_skew_std_max,0.0,False,False,0.9247335354121716,2.684157299680932,1.9570822211298624
h5_subject_features_labelled,eeg3_skew_median_max,0.0,False,False,-0.0302977142519146,0.9170562315569109,0.2618672428293227
h5_subject_features_labelled,eeg3_kurtosis_mean_max,0.0,False,False,5.810870356979078,19.62964325376551,12.889234266318208
h5_subject_features_labelled,eeg3_kurtosis_std_max,0.0,False,False,12.31420451556766,57.66218332033272,23.05609149954528
h5_subject_features_labelled,eeg3_kurtosis_median_max,0.0,False,False,-0.2963822166334102,13.058288175047512,5.8353842959607904
h5_subject_features_labelled,eeg3_zero_crossings_mean_max,0.0,False,False,98.95762711864408,429.09354838709675,173.5541706615532
h5_subject_features_labelled,eeg3_zero_crossings_std_max,0.0,False,False,38.071819007343706,258.82065737411006,93.333865728972
h5_subject_features_labelled,eeg3_zero_crossings_median_max,0.0,False,False,79.0,435.0,153.0
h5_subject_features_labelled,eeg3_hjorth_mobility_mean_max,0.0,False,False,0.0510242897318791,0.1807811477468914,0.0724526890582547
h5_subject_features_labelled,eeg3_hjorth_mobility_std_max,0.0,False,False,0.0168511106820465,0.1495252236942133,0.0397597672686024
h5_subject_features_labelled,eeg3_hjorth_mobility_median_max,0.0,False,False,0.0384865475629595,0.1778015149987431,0.0635315650511301
h5_subject_features_labelled,eeg3_hjorth_complexity_mean_max,0.0,False,False,3.045577699159443,9.12529650771938,6.307112121478504
h5_subject_features_labelled,eeg3_hjorth_complexity_std_max,0.0,False,False,0.527333747178797,4.712321935302272,2.522902137128856
h5_subject_features_labelled,eeg3_hjorth_complexity_median_max,0.0,False,False,2.9732644938501274,8.968541919703341,5.836106109996807
h5_subject_features_labelled,eeg3_total_power_0p5_30_mean_max,0.0,False,False,15906208.158766648,7663337427.392468,326185706.3814316
h5_subject_features_labelled,eeg3_total_power_0p5_30_std_max,0.0,False,False,112581806.4821867,52252742267.23338,3832018640.8868914
h5_subject_features_labelled,eeg3_total_power_0p5_30_median_max,0.0,False,False,67.93625634180432,410186490.4683546,1979075.1659808944
h5_subject_features_labelled,eeg3_delta_power_mean_max,0.0,False,False,15700910.785527838,6935105501.654721,315186863.95424277
h5_subject_features_labelled,eeg3_delta_power_std_max,0.0,False,False,111559315.31679703,46982127369.11349,3563714433.9073386
h5_subject_features_labelled,eeg3_delta_power_median_max,0.0,False,False,44.58867381411208,404007013.42837214,1852328.7790743385
h5_subject_features_labelled,eeg3_delta_relative_power_mean_max,0.0,False,False,0.6523784470783976,0.9761344583401588,0.947430650514409
h5_subject_features_labelled,eeg3_delta_relative_power_std_max,0.0,False,False,0.049990680071618,0.2762321924394321,0.1128494683109522
h5_subject_features_labelled,eeg3_delta_relative_power_median_max,0.0,False,False,0.6474068418149116,0.9905966136780442,0.9613645715298312
h5_subject_features_labelled,eeg3_theta_power_mean_max,0.0,False,False,133694.96273047922,483913340.87577426,10419393.541502416
h5_subject_features_labelled,eeg3_theta_power_std_max,0.0,False,False,597797.3859567618,3649615810.6471863,138963751.11847243
h5_subject_features_labelled,eeg3_theta_power_median_max,0.0,False,False,10.996717914512647,4938031.699229651,66939.34093384363
h5_subject_features_labelled,eeg3_theta_relative_power_mean_max,0.0,False,False,0.0383554805636311,0.2009818384982229,0.0746287842537025
h5_subject_features_labelled,eeg3_theta_relative_power_std_max,0.0,False,False,0.0361648293660313,0.1256653548807677,0.0658335310173629
h5_subject_features_labelled,eeg3_theta_relative_power_median_max,0.0,False,False,0.0282746224510875,0.1799990244479928,0.056175024974664
h5_subject_features_labelled,eeg3_alpha_power_mean_max,0.0,False,False,31601.26867101402,86779690.28037202,2368490.808883954
h5_subject_features_labelled,eeg3_alpha_power_std_max,0.0,False,False,228356.65834701844,686752804.2157009,27588932.113316767
h5_subject_features_labelled,eeg3_alpha_power_median_max,0.0,False,False,4.732588105545193,837328.0395193519,7719.001509903798
h5_subject_features_labelled,eeg3_alpha_relative_power_mean_max,0.0,False,False,0.0055810284975017,0.0793043123117218,0.0187924397242994
h5_subject_features_labelled,eeg3_alpha_relative_power_std_max,0.0,False,False,0.0065876556986025,0.182375544072959,0.0247245097552053
h5_subject_features_labelled,eeg3_alpha_relative_power_median_max,0.0,False,False,0.0024540509337186,0.0694148338956633,0.0109881297102857
h5_subject_features_labelled,eeg3_sigma_power_mean_max,0.0,False,False,2484.4311279035055,30235355.991417,739936.9990292012
h5_subject_features_labelled,eeg3_sigma_power_std_max,0.0,False,False,14448.582702958633,247656782.83853537,10433016.10812691
h5_subject_features_labelled,eeg3_sigma_power_median_max,0.0,False,False,2.5415997175285847,196404.56872657023,1309.6625978593074
h5_subject_features_labelled,eeg3_sigma_relative_power_mean_max,0.0,False,False,0.0018637931875977,0.0475199504678786,0.0067846954730524
h5_subject_features_labelled,eeg3_sigma_relative_power_std_max,0.0,False,False,0.0030132222111164,0.1129701724353686,0.0121051422831198
h5_subject_features_labelled,eeg3_sigma_relative_power_median_max,0.0,False,False,0.0004571586976735,0.0374870282109919,0.0030978046757781
h5_subject_features_labelled,eeg3_beta_power_mean_max,0.0,False,False,1396.0220909169034,18908205.18204549,491941.32383908494
h5_subject_features_labelled,eeg3_beta_power_std_max,0.0,False,False,6194.2293969985985,152563907.10882407,8604364.315582069
h5_subject_features_labelled,eeg3_beta_power_median_max,0.0,False,False,3.3854707830441617,56230.76791348266,448.0158909725474
h5_subject_features_labelled,eeg3_beta_relative_power_mean_max,0.0,False,False,0.0014694798582437,0.0572629249754711,0.0087164121679784
h5_subject_features_labelled,eeg3_beta_relative_power_std_max,0.0,False,False,0.0025809149652071,0.0781627299746443,0.0152364683420908
h5_subject_features_labelled,eeg3_beta_relative_power_median_max,0.0,False,False,0.0002868464677318,0.051105726991148,0.0030614057869899
h5_subject_features_labelled,eeg3_theta_alpha_ratio_mean_max,0.0,False,False,2.3801950229745215,26.262259905789566,12.145269184168296
h5_subject_features_labelled,eeg3_theta_alpha_ratio_std_max,0.0,False,False,0.7790962640146393,44.149253119385385,11.65418326374718
h5_subject_features_labelled,eeg3_theta_alpha_ratio_median_max,0.0,False,False,2.288134681346926,19.280171122487246,9.23124532783082
h5_subject_features_labelled,eeg3_delta_beta_ratio_mean_max,0.0,False,False,25.552072154086257,337881.7946820852,10092.114186308683
h5_subject_features_labelled,eeg3_delta_beta_ratio_std_max,0.0,False,False,132.80543162491503,2112858.658640735,42418.409458308706
h5_subject_features_labelled,eeg3_delta_beta_ratio_median_max,0.0,False,False,12.6118469616032,20765.011606253564,3367.7357782398685
h5_subject_features_labelled,eeg3_delta_sigma_ratio_mean_max,0.0,False,False,27.554114405755502,98974.3879020684,4417.802087470755
h5_subject_features_labelled,eeg3_delta_sigma_ratio_std_max,0.0,False,False,103.11025276776802,424380.39327820594,20323.835322487314
h5_subject_features_labelled,eeg3_delta_sigma_ratio_median_max,0.0,False,False,17.180128187227716,6372.800906683478,1505.095639054222
h5_subject_features_labelled,eeg4_mean_mean_max,0.0,False,False,-2.4590844179403705e-14,3.0581467039056346e-13,4.2152332181248093e-14
h5_subject_features_labelled,eeg4_mean_std_max,0.0,False,False,1.4363727722646345e-13,1.0037531409660028e-11,2.173373420482048e-12
h5_subject_features_labelled,eeg4_mean_median_max,0.0,False,False,-1.8115018625141316e-16,1.94960832348133e-13,7.571046731594035e-17
h5_subject_features_labelled,eeg4_std_mean_max,0.0,False,False,728.7868792804638,62877.67252641868,3180.62580571089
h5_subject_features_labelled,eeg4_std_std_max,0.0,False,False,4530.813465184316,181203.62096026377,19266.04941383119
h5_subject_features_labelled,eeg4_std_median_max,0.0,False,False,10.781016338262267,38667.591432172434,72.34240310589487
h5_subject_features_labelled,eeg4_iqr_mean_max,0.0,False,False,59.12990021713019,61946.41921905005,711.7077934348126
h5_subject_features_labelled,eeg4_iqr_std_max,0.0,False,False,43.24873860984088,257706.3697369206,4685.488778141717
h5_subject_features_labelled,eeg4_iqr_median_max,0.0,False,False,13.31385341843148,1360.344174768652,49.82278420374478
h5_subject_features_labelled,eeg4_skew_mean_max,0.0,False,False,-0.1517054716431003,0.9781900829269874,0.163756367272734
h5_subject_features_labelled,eeg4_skew_std_max,0.0,False,False,0.9062175067387946,4.1891026461508405,2.686476741108578
h5_subject_features_labelled,eeg4_skew_median_max,0.0,False,False,-0.4058546034240434,0.8096621670924913,0.0833400942941848
h5_subject_features_labelled,eeg4_kurtosis_mean_max,0.0,False,False,4.954779337357165,37.021559291369655,19.57014933136114
h5_subject_features_labelled,eeg4_kurtosis_std_max,0.0,False,False,14.902739262875912,74.99676237828481,38.94791538614767
h5_subject_features_labelled,eeg4_kurtosis_median_max,0.0,False,False,0.8670797957336314,15.719207894522269,6.837010454312155
h5_subject_features_labelled,eeg4_zero_crossings_mean_max,0.0,False,False,203.28571428571428,630.761744966443,340.7007772020725
h5_subject_features_labelled,eeg4_zero_crossings_std_max,0.0,False,False,47.53233865905177,374.186222496562,183.8078525331017
h5_subject_features_labelled,eeg4_zero_crossings_median_max,0.0,False,False,190.5,616.5,333.0
h5_subject_features_labelled,eeg4_hjorth_mobility_mean_max,0.0,False,False,0.0651411885271083,0.206177468789893,0.1166370546029647
h5_subject_features_labelled,eeg4_hjorth_mobility_std_max,0.0,False,False,0.0216588285319332,0.150463409716744,0.071571005563418
h5_subject_features_labelled,eeg4_hjorth_mobility_median_max,0.0,False,False,0.0553345831398098,0.1867800305324668,0.1088633715412726
h5_subject_features_labelled,eeg4_hjorth_complexity_mean_max,0.0,False,False,3.576354370886278,11.47406199453067,6.841081361826993
h5_subject_features_labelled,eeg4_hjorth_complexity_std_max,0.0,False,False,0.5729775302969933,6.518140278595393,3.792784324567009
h5_subject_features_labelled,eeg4_hjorth_complexity_median_max,0.0,False,False,3.4409728082588886,12.114433095578931,5.920016898952463
h5_subject_features_labelled,eeg4_total_power_0p5_30_mean_max,0.0,False,False,20745091.17435128,31461632131.718506,327376700.22575825
h5_subject_features_labelled,eeg4_total_power_0p5_30_std_max,0.0,False,False,123972075.64642422,159467190504.91824,4657452530.016702
h5_subject_features_labelled,eeg4_total_power_0p5_30_median_max,0.0,False,False,108.15418425259594,547118586.8206474,2521.128648117718
h5_subject_features_labelled,eeg4_delta_power_mean_max,0.0,False,False,19828980.808040313,29161849674.89187,300879391.8128672
h5_subject_features_labelled,eeg4_delta_power_std_max,0.0,False,False,120817002.87737428,148162636684.17374,4362613908.847978
h5_subject_features_labelled,eeg4_delta_power_median_max,0.0,False,False,79.76868356417114,539061190.5327947,2378.077595406621
h5_subject_features_labelled,eeg4_delta_relative_power_mean_max,0.0,False,False,0.7413892583358835,0.9855788966391336,0.887059061238326
h5_subject_features_labelled,eeg4_delta_relative_power_std_max,0.0,False,False,0.0648733664178778,0.2215588111498216,0.1438753488492597
h5_subject_features_labelled,eeg4_delta_relative_power_median_max,0.0,False,False,0.7339800646786981,0.9932435056028416,0.9114437134521048
h5_subject_features_labelled,eeg4_theta_power_mean_max,0.0,False,False,541008.0497773607,1686475170.4329574,12739830.722293314
h5_subject_features_labelled,eeg4_theta_power_std_max,0.0,False,False,3300702.573707266,9007977412.74687,222388680.7887624
h5_subject_features_labelled,eeg4_theta_power_median_max,0.0,False,False,14.03642877780428,5805372.698288002,102.87438389777772
h5_subject_features_labelled,eeg4_theta_relative_power_mean_max,0.0,False,False,0.0334549913063909,0.1255800931175692,0.0897885357024759
h5_subject_features_labelled,eeg4_theta_relative_power_std_max,0.0,False,False,0.0322293612169806,0.1134517981576761,0.0592744491134736
h5_subject_features_labelled,eeg4_theta_relative_power_median_max,0.0,False,False,0.0231808481825038,0.1280801456284181,0.0823029453440106
h5_subject_features_labelled,eeg4_alpha_power_mean_max,0.0,False,False,138448.72863361225,164324264.134631,2625004.008265848
h5_subject_features_labelled,eeg4_alpha_power_std_max,0.0,False,False,961418.077343302,1011766536.3475832,49039066.17457149
h5_subject_features_labelled,eeg4_alpha_power_median_max,0.0,False,False,4.138977495003065,952429.353298405,22.491035693517183
h5_subject_features_labelled,eeg4_alpha_relative_power_mean_max,0.0,False,False,0.0095047722752375,0.0678510716088458,0.0418902623359638
h5_subject_features_labelled,eeg4_alpha_relative_power_std_max,0.0,False,False,0.0127744938653996,0.0826238387670747,0.0374450722286685
h5_subject_features_labelled,eeg4_alpha_relative_power_median_max,0.0,False,False,0.0046009226720859,0.0651171199596356,0.031485023624624
h5_subject_features_labelled,eeg4_sigma_power_mean_max,0.0,False,False,48052.41180510834,48770761.33229304,889799.1996080494
h5_subject_features_labelled,eeg4_sigma_power_std_max,0.0,False,False,344600.49161155405,315144250.3636211,20037608.187949132
h5_subject_features_labelled,eeg4_sigma_power_median_max,0.0,False,False,1.875172279441476,131764.07629977944,12.335337001648591
h5_subject_features_labelled,eeg4_sigma_relative_power_mean_max,0.0,False,False,0.0046789328129526,0.0529196092825386,0.0231715433366499
h5_subject_features_labelled,eeg4_sigma_relative_power_std_max,0.0,False,False,0.0064955936196361,0.0610828016145669,0.0240723592895891
h5_subject_features_labelled,eeg4_sigma_relative_power_median_max,0.0,False,False,0.0020422268961492,0.0427749194957966,0.0170551495532757
h5_subject_features_labelled,eeg4_beta_power_mean_max,0.0,False,False,30998.915682580497,28495682.37332046,631101.3501891987
h5_subject_features_labelled,eeg4_beta_power_std_max,0.0,False,False,269993.0428755674,192715596.2794239,14185569.373273546
h5_subject_features_labelled,eeg4_beta_power_median_max,0.0,False,False,3.655994569873896,40265.41382576832,21.199641869041155
h5_subject_features_labelled,eeg4_beta_relative_power_mean_max,0.0,False,False,0.0098739220406428,0.145390425748016,0.0343835677514563
h5_subject_features_labelled,eeg4_beta_relative_power_std_max,0.0,False,False,0.0106475559615358,0.1845945332037692,0.0481646016607247
h5_subject_features_labelled,eeg4_beta_relative_power_median_max,0.0,False,False,0.0030732755701521,0.066816470934977,0.0183203480241362
h5_subject_features_labelled,eeg4_theta_alpha_ratio_mean_max,0.0,False,False,2.6377772658146257,15.897376852719807,6.729676390733495
h5_subject_features_labelled,eeg4_theta_alpha_ratio_std_max,0.0,False,False,0.695693227778466,47.42780468286747,9.570962982913242
h5_subject_features_labelled,eeg4_theta_alpha_ratio_median_max,0.0,False,False,2.5698330619805247,8.502173054944429,4.5742897858210245
h5_subject_features_labelled,eeg4_delta_beta_ratio_mean_max,0.0,False,False,30.89147704646777,148418.04604908798,5564.257868051773
h5_subject_features_labelled,eeg4_delta_beta_ratio_std_max,0.0,False,False,81.15562124358185,865387.6507572198,47381.75259779576
h5_subject_features_labelled,eeg4_delta_beta_ratio_median_max,0.0,False,False,20.96315605996856,3844.8769846907294,214.11445875151463
h5_subject_features_labelled,eeg4_delta_sigma_ratio_mean_max,0.0,False,False,36.63018017588268,66485.18484628873,3067.2778333126685
h5_subject_features_labelled,eeg4_delta_sigma_ratio_std_max,0.0,False,False,50.36247668198224,323343.7711243399,24247.964502395134
h5_subject_features_labelled,eeg4_delta_sigma_ratio_median_max,0.0,False,False,28.226862646558995,4627.579023106288,200.4131640144175
h5_subject_features_labelled,sex,0.0,False,False,0.0,1.0,0.0
h5_subject_features_labelled,age,0.0,False,False,12.0,33.0,19.0
combined_subject_features,sex,0.0,False,False,0.0,1.0,0.0
combined_subject_features,age,0.0,False,False,12.0,33.0,19.0
combined_subject_features,report__average_respiration_rate_mean,0.0,False,False,10.63491325402152,18.91797439719342,15.206185722009764
combined_subject_features,report__awakenings_mean,0.0,False,False,0.0,71.22222222222223,28.5
combined_subject_features,report__confidence_awakenings_mean,0.0,False,False,0.0,100.0,64.02512816346663
combined_subject_features,report__confidence_last_sleep_mean,0.02127659574468085,False,False,47.11342492620829,97.7202509403967,75.16923732327068
combined_subject_features,report__confidence_lps_mean,0.02127659574468085,False,False,41.62055247904855,98.97651165010087,85.15275865359315
combined_subject_features,report__confidence_lrem4_mean,0.02127659574468085,False,False,54.461488618445586,99.30873051365482,76.8924022540501
combined_subject_features,report__confidence_n1_duration_mean,0.0,False,False,0.0,100.0,55.561594712126656
combined_subject_features,report__confidence_n1_percentage_mean,0.02127659574468085,False,False,0.0,93.90588792531048,60.79168126202947
combined_subject_features,report__confidence_n2_duration_mean,0.0,False,False,0.0,100.0,78.62839064705392
combined_subject_features,report__confidence_n2_latency_aasm_mean,0.02127659574468085,False,False,43.856172457534335,99.12247451180652,74.77420726678875
combined_subject_features,report__confidence_n2_percentage_mean,0.02127659574468085,False,False,0.0,97.42223581934805,76.42025069910343
combined_subject_features,report__confidence_n3_duration_mean,0.0,False,False,0.0,100.0,74.42376207038465
combined_subject_features,report__confidence_n3_latency_aasm_mean,0.02127659574468085,False,False,54.948386726547675,99.41603383775724,82.3993879099464
combined_subject_features,report__confidence_n3_percentage_mean,0.02127659574468085,False,False,0.0,95.0067164304978,75.13467162001125
combined_subject_features,report__confidence_nr_of_shifts_mean,0.02127659574468085,False,False,0.0,49.2,10.5
combined_subject_features,report__confidence_nrem_duration_mean,0.0,False,False,0.0,100.0,73.68373694156607
combined_subject_features,report__confidence_nrem_percentage_mean,0.02127659574468085,False,False,0.0,97.35658952443968,74.58506352216236
combined_subject_features,report__confidence_rem_duration_mean,0.0,False,False,0.0,100.0,75.32006182742197
combined_subject_features,report__confidence_rem_latency_mean,0.02127659574468085,False,False,54.65074263886845,99.28146300595914,76.00571692904984
combined_subject_features,report__confidence_rem_latency_aasm_mean,0.02127659574468085,False,False,54.58443228230004,99.42449882696458,74.95701074261655
combined_subject_features,report__confidence_rem_percentage_mean,0.02127659574468085,False,False,0.0,97.35658952443968,74.58506352216236
combined_subject_features,report__confidence_sleep_efficiency_mean,0.0,False,False,0.0,100.0,88.93055933717827
combined_subject_features,report__confidence_sleep_onset_mean,0.02127659574468085,False,False,47.11342492620829,97.7202509403967,75.16923732327068
combined_subject_features,report__confidence_sol_mean,0.02127659574468085,False,False,47.11342492620829,97.7202509403967,75.16923732327068
combined_subject_features,report__confidence_sol_aasm_mean,0.02127659574468085,False,False,44.03734026770018,98.40804383406665,74.73721906636901
combined_subject_features,report__confidence_tst_mean,0.0,False,False,0.0,100.0,74.24863451853595
combined_subject_features,report__confidence_wake_duration_mean,0.0,False,False,0.0,100.0,74.24863451853595
combined_subject_features,report__confidence_waso_mean,0.0,False,False,0.0,100.0,65.35400853753555
combined_subject_features,report__confidence_waso_aasm_mean,0.0,False,False,0.0,100.0,64.48541169165347
combined_subject_features,report__lps_mean,0.02127659574468085,False,False,3.0,307.3125,81.89285714285714
combined_subject_features,report__lrem4_mean,0.02127659574468085,False,False,-13.166666666666666,197.0,65.38333333333333
combined_subject_features,report__micro_arousal_index_mean,0.0,False,False,0.0,15.98847404322362,6.042296072507552
combined_subject_features,report__n1_duration_mean,0.0,False,False,0.0,81.16666666666667,32.333333333333336
combined_subject_features,report__n1_percentage_mean,0.02127659574468085,False,False,4.037275096835314,27.245594508475808,7.2971248115638385
combined_subject_features,report__n2_duration_mean,0.0,False,False,0.0,380.0,196.5
combined_subject_features,report__n2_latency_aasm_mean,0.02127659574468085,False,False,1.0,155.5625,6.676923076923077
combined_subject_features,report__n2_percentage_mean,0.02127659574468085,False,False,31.012163224162236,57.38615533593061,46.29774479031484
combined_subject_features,report__n3_duration_mean,0.0,False,False,0.0,128.28571428571428,77.92857142857143
combined_subject_features,report__n3_latency_aasm_mean,0.02127659574468085,False,False,6.5,239.0,31.133928571428573
combined_subject_features,report__n3_percentage_mean,0.02127659574468085,False,False,4.073025606404533,29.78228747957092,19.50013918542444
combined_subject_features,report__nr_of_shifts_mean,0.02127659574468085,False,False,59.2,266.0,129.3095238095238
combined_subject_features,report__nrem_duration_mean,0.0,False,False,0.0,472.5,324.25
combined_subject_features,report__nrem_percentage_mean,0.02127659574468085,False,False,54.52971725331794,86.14644322574166,74.03124692932843
combined_subject_features,report__proportion_off_head_mean,0.0,False,False,0.0100583383625026,42.35395189003437,4.250683069575617
combined_subject_features,report__proportion_scorable_and_on_head_mean,0.0,False,False,0.4175257731958763,0.9904321356469532,0.8768353219042181
combined_subject_features,report__quality_index_F7_O1_mean,0.0,False,False,7.223264540337711,83.11035888886104,56.00300909544497
combined_subject_features,report__quality_index_F7_O2_mean,0.0,False,False,6.378986866791744,81.54782696298574,57.82196503293024
combined_subject_features,report__quality_index_F8_F7_mean,0.0,False,False,30.4350554953719,91.71927433224975,65.69938156947906
combined_subject_features,report__quality_index_F8_O1_mean,0.0,False,False,6.47279549718574,82.56835057678919,54.15405000479241
combined_subject_features,report__quality_index_F8_O2_mean,0.0,False,False,6.378986866791744,82.5204454293366,57.77741123795853
combined_subject_features,report__record_duration_mean,0.0,False,False,2131.0,69663.0,38847.833333333336
combined_subject_features,report__record_quality_index_mean,0.0,False,False,61.855670103092784,99.21309769129869,88.00034091043041
combined_subject_features,report__rem_duration_mean,0.0,False,False,0.0,394.0,112.0
combined_subject_features,report__rem_latency_mean,0.02127659574468085,False,False,3.142857142857143,215.58333333333337,67.65
combined_subject_features,report__rem_latency_aasm_mean,0.02127659574468085,False,False,3.5,216.41666666666663,72.50625
combined_subject_features,report__rem_percentage_mean,0.02127659574468085,False,False,13.85355677425834,45.47028274668206,25.96875307067157
combined_subject_features,report__respiration_rate_n1_mean,0.02127659574468085,False,False,11.93819192965246,18.38889753969212,14.587133219664501
combined_subject_features,report__respiration_rate_n2_mean,0.02127659574468085,False,False,12.311360614810184,19.85673339064425,15.671565254265499
combined_subject_features,report__respiration_rate_n3_mean,0.02127659574468085,False,False,13.19897676628365,21.36499568718952,16.33971590887981
combined_subject_features,report__respiration_rate_rem_mean,0.02127659574468085,False,False,12.814683998309327,19.448475386089836,16.118599803562688
combined_subject_features,report__respiration_rate_wake_mean,0.0,False,False,10.63491325402152,18.746146811963037,14.535504847348117
combined_subject_features,report__sleep_efficiency_mean,0.0,False,False,0.0,93.1281032118938,72.36892333478723
combined_subject_features,report__sol_mean,0.02127659574468085,False,False,4.0,307.4375,72.88333333333333
combined_subject_features,report__sol_aasm_mean,0.02127659574468085,False,False,3.0,307.0625,69.92013888888889
combined_subject_features,report__tst_mean,0.0,False,False,0.0,866.5,446.5
combined_subject_features,report__wake_duration_mean,0.0,False,False,33.375,440.5,236.1153846153846
combined_subject_features,report__waso_mean,0.0,False,False,0.0,415.8333333333333,85.625
combined_subject_features,report__waso_aasm_mean,0.0,False,False,0.0,416.8333333333333,95.7
combined_subject_features,report__average_respiration_rate_median,0.0,False,False,10.63491325402152,18.91797439719342,15.406128599442996
combined_subject_features,report__awakenings_median,0.0,False,False,0.0,72.0,27.0
combined_subject_features,report__confidence_awakenings_median,0.0,False,False,0.0,100.0,64.39897058423709
combined_subject_features,report__confidence_last_sleep_median,0.02127659574468085,False,False,48.8926813727958,99.41085927136028,95.41542686813455
combined_subject_features,report__confidence_lps_median,0.02127659574468085,False,False,27.89790719504872,99.38770561645644,94.93576214875796
combined_subject_features,report__confidence_lrem4_median,0.02127659574468085,False,False,59.87485204556792,100.0,91.1061939512177
combined_subject_features,report__confidence_n1_duration_median,0.0,False,False,0.0,100.0,63.42802582877249
combined_subject_features,report__confidence_n1_percentage_median,0.02127659574468085,False,False,0.0,97.13563200624384,68.15801093006282
combined_subject_features,report__confidence_n2_duration_median,0.0,False,False,0.0,100.0,83.44477504083841
combined_subject_features,report__confidence_n2_latency_aasm_median,0.02127659574468085,False,False,47.84735798415639,99.9009304085383,91.3808319174862
combined_subject_features,report__confidence_n2_percentage_median,0.02127659574468085,False,False,0.0,98.51539301313176,85.18635658018104
combined_subject_features,report__confidence_n3_duration_median,0.0,False,False,0.0,100.0,82.04269189489412
combined_subject_features,report__confidence_n3_latency_aasm_median,0.02127659574468085,False,False,74.11023723948496,100.0,96.68839545520294
combined_subject_features,report__confidence_n3_percentage_median,0.02127659574468085,False,False,0.0,95.05857655667018,83.38082284122356
combined_subject_features,report__confidence_nr_of_shifts_median,0.02127659574468085,False,False,0.0,52.5,0.0
combined_subject_features,report__confidence_nrem_duration_median,0.0,False,False,0.0,100.0,80.7068082537752
combined_subject_features,report__confidence_nrem_percentage_median,0.02127659574468085,False,False,0.0,97.7014976534915,83.20532335158694
combined_subject_features,report__confidence_rem_duration_median,0.0,False,False,0.0,100.0,82.31999180918716
combined_subject_features,report__confidence_rem_latency_median,0.02127659574468085,False,False,60.42919584312796,99.87436703130076,91.42166584660369
combined_subject_features,report__confidence_rem_latency_aasm_median,0.02127659574468085,False,False,60.937374797261995,100.0,89.95210451662585
combined_subject_features,report__confidence_rem_percentage_median,0.02127659574468085,False,False,0.0,97.7014976534915,83.20532335158694
combined_subject_features,report__confidence_sleep_efficiency_median,0.0,False,False,0.0,100.0,92.31698175285892
combined_subject_features,report__confidence_sleep_onset_median,0.02127659574468085,False,False,48.8926813727958,99.41085927136028,95.41542686813455
combined_subject_features,report__confidence_sol_median,0.02127659574468085,False,False,48.8926813727958,99.41085927136028,95.41542686813455
combined_subject_features,report__confidence_sol_aasm_median,0.02127659574468085,False,False,11.32213505052938,99.52134016726916,96.07911473855285
combined_subject_features,report__confidence_tst_median,0.0,False,False,0.0,100.0,82.99660433076782
combined_subject_features,report__confidence_wake_duration_median,0.0,False,False,0.0,100.0,82.99660433076784
combined_subject_features,report__confidence_waso_median,0.0,False,False,0.0,100.0,81.23609567456262
combined_subject_features,report__confidence_waso_aasm_median,0.0,False,False,0.0,100.0,78.83491003450463
combined_subject_features,report__lps_median,0.02127659574468085,False,False,3.0,100.5,32.5
combined_subject_features,report__lrem4_median,0.02127659574468085,False,False,-2.0,173.25,64.125
combined_subject_features,report__micro_arousal_index_median,0.0,False,False,0.0,19.3234100135318,5.889748826657575
combined_subject_features,report__n1_duration_median,0.0,False,False,0.0,64.0,30.0
combined_subject_features,report__n1_percentage_median,0.02127659574468085,False,False,3.95666761671892,25.42290419161677,6.610769141547927
combined_subject_features,report__n2_duration_median,0.0,False,False,0.0,380.0,195.25
combined_subject_features,report__n2_latency_aasm_median,0.02127659574468085,False,False,1.0,23.5,4.0
combined_subject_features,report__n2_percentage_median,0.02127659574468085,False,False,31.069546574766076,57.46333045729077,43.89935171486989
combined_subject_features,report__n3_duration_median,0.0,False,False,0.0,161.0,87.25
combined_subject_features,report__n3_latency_aasm_median,0.02127659574468085,False,False,6.5,69.5,18.125
combined_subject_features,report__n3_percentage_median,0.02127659574468085,False,False,3.6535859269282818,30.427165401216843,19.57029036686126
combined_subject_features,report__nr_of_shifts_median,0.02127659574468085,False,False,65.5,266.0,130.25
combined_subject_features,report__nrem_duration_median,0.0,False,False,0.0,472.5,338.5
combined_subject_features,report__nrem_percentage_median,0.02127659574468085,False,False,54.52971725331794,86.55458807500398,73.84839462938815
combined_subject_features,report__proportion_off_head_median,0.0,False,False,0.0,42.35395189003437,1.098901098901095
combined_subject_features,report__proportion_scorable_and_on_head_median,0.0,False,False,0.4175257731958763,0.9995689655172414,0.90390625
combined_subject_features,report__quality_index_F7_O1_median,0.0,False,False,7.223264540337711,89.01126074669205,58.02961489082664
combined_subject_features,report__quality_index_F7_O2_median,0.0,False,False,6.378986866791744,87.4068663927287,60.38181733932626
combined_subject_features,report__quality_index_F8_F7_median,0.0,False,False,32.87276204198039,94.39765378252368,70.35023962295026
combined_subject_features,report__quality_index_F8_O1_median,0.0,False,False,6.47279549718574,89.12020055437546,58.27706825022371
combined_subject_features,report__quality_index_F8_O2_median,0.0,False,False,6.378986866791744,88.83968643970601,60.99111343665801
combined_subject_features,report__record_duration_median,0.0,False,False,2131.0,69663.0,33142.0
combined_subject_features,report__record_quality_index_median,0.0,False,False,61.855670103092784,100.0,91.0593831196044
combined_subject_features,report__rem_duration_median,0.0,False,False,0.0,394.0,118.5
combined_subject_features,report__rem_latency_median,0.02127659574468085,False,False,2.0,180.75,65.75
combined_subject_features,report__rem_latency_aasm_median,0.02127659574468085,False,False,3.0,182.0,66.75
combined_subject_features,report__rem_percentage_median,0.02127659574468085,False,False,13.44541192499603,45.47028274668206,26.15160537061184
combined_subject_features,report__respiration_rate_n1_median,0.02127659574468085,False,False,11.81148305644951,18.18940305492354,14.550408511479414
combined_subject_features,report__respiration_rate_n2_median,0.02127659574468085,False,False,12.534029449635929,19.877486029296875,15.638256303519634
combined_subject_features,report__respiration_rate_n3_median,0.02127659574468085,False,False,13.16264549303805,21.697593767101015,16.437455587566284
combined_subject_features,report__respiration_rate_rem_median,0.02127659574468085,False,False,12.813039554760714,19.448475386089836,15.951331743481472
combined_subject_features,report__respiration_rate_wake_median,0.0,False,False,10.63491325402152,18.746146811963037,14.575348446206808
combined_subject_features,report__sleep_efficiency_median,0.0,False,False,0.0,95.15843455202535,84.89963827221789
combined_subject_features,report__sol_median,0.02127659574468085,False,False,4.0,100.5,26.75
combined_subject_features,report__sol_aasm_median,0.02127659574468085,False,False,3.0,100.5,26.5
combined_subject_features,report__tst_median,0.0,False,False,0.0,866.5,460.25
combined_subject_features,report__wake_duration_median,0.0,False,False,22.0,307.5,79.25
combined_subject_features,report__waso_median,0.0,False,False,0.0,293.0,23.5
combined_subject_features,report__waso_aasm_median,0.0,False,False,0.0,293.0,24.5
combined_subject_features,report__average_respiration_rate_std,0.06382978723404255,False,False,0.3193867651553378,2.898687382711397,1.0888984312298087
combined_subject_features,report__awakenings_std,0.06382978723404255,False,False,2.943920288775949,51.63332257370235,11.613705132929592
combined_subject_features,report__confidence_awakenings_std,0.06382978723404255,False,False,7.832189423576463,33.96572325644544,19.67904080129501
combined_subject_features,report__confidence_last_sleep_std,0.06382978723404255,False,False,2.5585081180540397,48.93281468749168,38.515322781568514
combined_subject_features,report__confidence_lps_std,0.06382978723404255,False,False,2.814181104479806,52.86749950913843,26.430986088773054
combined_subject_features,report__confidence_lrem4_std,0.06382978723404255,False,False,1.641977637836174,55.61745178018991,31.656035547483153
combined_subject_features,report__confidence_n1_duration_std,0.06382978723404255,False,False,3.2468067869316504,48.45677519798015,30.663424023481152
combined_subject_features,report__confidence_n1_percentage_std,0.06382978723404255,False,False,2.8442772210143725,39.40580901305076,26.857321813994464
combined_subject_features,report__confidence_n2_duration_std,0.06382978723404255,False,False,2.7541093051829515,39.19639304496888,14.107655830777183
combined_subject_features,report__confidence_n2_latency_aasm_std,0.06382978723404255,False,False,1.0088948865777445,56.73688737822337,38.83251476366275
combined_subject_features,report__confidence_n2_percentage_std,0.06382978723404255,False,False,4.044237268127502,40.12910798930246,18.297847786534035
combined_subject_features,report__confidence_n3_duration_std,0.06382978723404255,False,False,5.806970121522367,49.42888251172589,17.72819854951302
combined_subject_features,report__confidence_n3_latency_aasm_std,0.06382978723404255,False,False,1.2388085006989369,57.67463138493713,33.91390165691597
combined_subject_features,report__confidence_n3_percentage_std,0.06382978723404255,False,False,3.3528290818838085,40.763178678297386,20.176620330911504
combined_subject_features,report__confidence_nr_of_shifts_std,0.06382978723404255,False,False,0.0,35.17811819867572,17.88924003642812
combined_subject_features,report__confidence_nrem_duration_std,0.06382978723404255,False,False,2.4791278005811863,47.39922145085305,24.07889582544235
combined_subject_features,report__confidence_nrem_percentage_std,0.06382978723404255,False,False,1.5117525237788,40.06461534735407,19.091586689528206
combined_subject_features,report__confidence_rem_duration_std,0.06382978723404255,False,False,0.7458693633338246,48.4773443300461,20.688403800388272
combined_subject_features,report__confidence_rem_latency_std,0.06382978723404255,False,False,1.4100517351453756,55.76511724077979,30.93837256374905
combined_subject_features,report__confidence_rem_latency_aasm_std,0.06382978723404255,False,False,1.308239873600776,55.78087720303589,31.620929208519133
combined_subject_features,report__confidence_rem_percentage_std,0.06382978723404255,False,False,1.5117525237788,40.06461534735407,19.091586689528203
combined_subject_features,report__confidence_sleep_efficiency_std,0.06382978723404255,False,False,0.2995411849550377,48.730166269988544,13.74419965319155
combined_subject_features,report__confidence_sleep_onset_std,0.06382978723404255,False,False,2.5585081180540397,48.93281468749168,38.515322781568514
combined_subject_features,report__confidence_sol_std,0.06382978723404255,False,False,2.5585081180540397,48.93281468749168,38.515322781568514
combined_subject_features,report__confidence_sol_aasm_std,0.06382978723404255,False,False,1.7428185466738615,51.54974867405881,39.60676686686766
combined_subject_features,report__confidence_tst_std,0.06382978723404255,False,False,2.0367019382408573,47.88239075809434,26.6963591039503
combined_subject_features,report__confidence_wake_duration_std,0.06382978723404255,False,False,2.0367019382408564,47.882390758094346,26.6963591039503
combined_subject_features,report__confidence_waso_std,0.06382978723404255,False,False,4.4417460048181,49.52701306816375,35.62043683022021
combined_subject_features,report__confidence_waso_aasm_std,0.06382978723404255,False,False,5.893259996535961,49.559796503180614,36.395284360135506
combined_subject_features,report__lps_std,0.06382978723404255,False,False,1.4433756729740643,423.27677607762354,108.95262736475483
combined_subject_features,report__lrem4_std,0.06382978723404255,False,False,3.1885210782848317,256.84832586567506,41.87141226849987
combined_subject_features,report__micro_arousal_index_std,0.06382978723404255,False,False,0.9730200183224396,9.580813116749,2.5273030525972384
combined_subject_features,report__n1_duration_std,0.06382978723404255,False,False,4.174219345321607,53.6690475662338,12.923960119614685
combined_subject_features,report__n1_percentage_std,0.06382978723404255,False,False,0.5648252876617846,29.260656313377588,2.5837319129824765
combined_subject_features,report__n2_duration_std,0.06382978723404255,False,False,17.964664390593736,215.44778949898745,79.35578234988641
combined_subject_features,report__n2_latency_aasm_std,0.06382978723404255,False,False,0.5976143046671968,419.7212031728408,7.108326623801797
combined_subject_features,report__n2_percentage_std,0.06382978723404255,False,False,2.9350220518217185,21.505442664846505,11.039859521008303
combined_subject_features,report__n3_duration_std,0.06382978723404255,False,False,8.275753454404937,88.56794708019375,38.42981919762889
combined_subject_features,report__n3_latency_aasm_std,0.06382978723404255,False,False,3.7416573867739418,353.38760589471724,26.945475945406947
combined_subject_features,report__n3_percentage_std,0.06382978723404255,False,False,2.1363942104614937,16.612390023240277,8.319168730951711
combined_subject_features,report__nr_of_shifts_std,0.06382978723404255,False,False,4.5092497528228925,148.66707772738388,37.28882845441865
combined_subject_features,report__nrem_duration_std,0.06382978723404255,False,False,24.72380768948558,262.108729559149,93.69563618710566
combined_subject_features,report__nrem_percentage_std,0.06382978723404255,False,False,1.622719543537826,28.96535501671081,8.229365529355274
combined_subject_features,report__proportion_off_head_std,0.06382978723404255,False,False,0.0174215530835737,35.283901013963494,6.151424045358818
combined_subject_features,report__proportion_scorable_and_on_head_std,0.06382978723404255,False,False,0.0176424022463181,0.2646228587854536,0.1135465335592272
combined_subject_features,report__quality_index_F7_O1_std,0.06382978723404255,False,False,8.419558405219723,31.38902163928245,17.473603463919197
combined_subject_features,report__quality_index_F7_O2_std,0.06382978723404255,False,False,7.01369229463548,30.2459744514299,17.6140190981572
combined_subject_features,report__quality_index_F8_F7_std,0.06382978723404255,False,False,3.5691886026403647,33.612075558899996,18.26007209976596
combined_subject_features,report__quality_index_F8_O1_std,0.06382978723404255,False,False,6.567585249941391,32.67881428241708,17.24141157466397
combined_subject_features,report__quality_index_F8_O2_std,0.06382978723404255,False,False,4.764613906112776,31.384844476047007,18.196510118454277
combined_subject_features,report__record_duration_std,0.06382978723404255,False,False,3369.373767235291,38504.27672783029,21083.20547355622
combined_subject_features,report__record_quality_index_std,0.06382978723404255,False,False,1.3172653977620477,25.115327233623244,10.188560019989593
combined_subject_features,report__rem_duration_std,0.06382978723404255,False,False,14.657396962431145,439.9818256978854,48.60443392734138
combined_subject_features,report__rem_latency_std,0.06382978723404255,False,False,3.412163117856053,264.40431476560036,41.960005280703946
combined_subject_features,report__rem_latency_aasm_std,0.06382978723404255,False,False,3.1885210782848317,264.59013902008263,44.53819478807421
combined_subject_features,report__rem_percentage_std,0.06382978723404255,False,False,1.6227195435378223,28.965355016710813,8.229365529355277
combined_subject_features,report__respiration_rate_n1_std,0.06382978723404255,False,False,0.2148027956143073,2.4178623578837555,0.6941922302456476
combined_subject_features,report__respiration_rate_n2_std,0.06382978723404255,False,False,0.1302335837495679,2.326162506139053,0.5486709953361446
combined_subject_features,report__respiration_rate_n3_std,0.06382978723404255,False,False,0.188215619503986,2.264529889481758,0.5344388432683285
combined_subject_features,report__respiration_rate_rem_std,0.06382978723404255,False,False,0.0992453985226741,1.9302358658150387,0.5807960467315028
combined_subject_features,report__respiration_rate_wake_std,0.06382978723404255,False,False,0.1670663554406126,2.4162980334080344,1.1127292401742706
combined_subject_features,report__sleep_efficiency_std,0.06382978723404255,False,False,1.5776505037452893,49.95488155786895,26.68220525719292
combined_subject_features,report__sol_std,0.06382978723404255,False,False,3.7859388972001824,427.5025097392217,90.38886788579273
combined_subject_features,report__sol_aasm_std,0.06382978723404255,False,False,3.547299442298794,427.9278560692211,83.77959474508197
combined_subject_features,report__tst_std,0.06382978723404255,False,False,39.00181619702686,433.0329888639484,140.24709449084006
combined_subject_features,report__wake_duration_std,0.06382978723404255,False,False,10.84262422110072,541.4310513198641,294.37619782652894
combined_subject_features,report__waso_std,0.06382978723404255,False,False,3.986957904635229,514.8696436963438,152.18165867877187
combined_subject_features,report__waso_aasm_std,0.06382978723404255,False,False,3.986957904635229,514.7274359632808,158.56881874594993
combined_subject_features,report__average_respiration_rate_min,0.0,False,False,8.239811962051816,18.91797439719342,13.097733528396422
combined_subject_features,report__awakenings_min,0.0,False,False,0.0,65.0,11.0
combined_subject_features,report__confidence_awakenings_min,0.0,False,False,0.0,100.0,31.545395731671043
combined_subject_features,report__confidence_last_sleep_min,0.02127659574468085,False,False,0.0,97.7202509403967,0.0
combined_subject_features,report__confidence_lps_min,0.02127659574468085,False,False,0.0,98.97651165010087,27.120936098023368
combined_subject_features,report__confidence_lrem4_min,0.02127659574468085,False,False,0.0,95.59498485788572,0.0
combined_subject_features,report__confidence_n1_duration_min,0.0,False,False,0.0,100.0,0.0
combined_subject_features,report__confidence_n1_percentage_min,0.02127659574468085,False,False,0.0,73.46358901862192,0.0
combined_subject_features,report__confidence_n2_duration_min,0.0,False,False,0.0,100.0,48.73489994318081
combined_subject_features,report__confidence_n2_latency_aasm_min,0.02127659574468085,False,False,0.0,99.12247451180652,0.0
combined_subject_features,report__confidence_n2_percentage_min,0.02127659574468085,False,False,0.0,90.94014318665688,35.942646524741605
combined_subject_features,report__confidence_n3_duration_min,0.0,False,False,0.0,100.0,37.0495752942627
combined_subject_features,report__confidence_n3_latency_aasm_min,0.02127659574468085,False,False,0.0,99.41603383775724,0.0
combined_subject_features,report__confidence_n3_percentage_min,0.02127659574468085,False,False,0.0,90.4131258434178,39.25495874625915
combined_subject_features,report__confidence_nr_of_shifts_min,0.02127659574468085,False,False,0.0,22.0,0.0
combined_subject_features,report__confidence_nrem_duration_min,0.0,False,False,0.0,100.0,31.77855605498545
combined_subject_features,report__confidence_nrem_percentage_min,0.02127659574468085,False,False,0.0,92.36711701583562,28.491559316301046
combined_subject_features,report__confidence_rem_duration_min,0.0,False,False,0.0,100.0,39.31606514969407
combined_subject_features,report__confidence_rem_latency_min,0.02127659574468085,False,False,0.0,96.12304446965634,0.0
combined_subject_features,report__confidence_rem_latency_aasm_min,0.02127659574468085,False,False,0.0,96.48831902532928,0.0
combined_subject_features,report__confidence_rem_percentage_min,0.02127659574468085,False,False,0.0,92.36711701583562,28.49155931630105
combined_subject_features,report__confidence_sleep_efficiency_min,0.0,False,False,0.0,100.0,64.10705460292537
combined_subject_features,report__confidence_sleep_onset_min,0.02127659574468085,False,False,0.0,97.7202509403967,0.0
combined_subject_features,report__confidence_sol_min,0.02127659574468085,False,False,0.0,97.7202509403967,0.0
combined_subject_features,report__confidence_sol_aasm_min,0.02127659574468085,False,False,0.0,98.24196443431164,0.0
combined_subject_features,report__confidence_tst_min,0.0,False,False,0.0,100.0,22.65031092819908
combined_subject_features,report__confidence_wake_duration_min,0.0,False,False,0.0,100.0,22.65031092819908
combined_subject_features,report__confidence_waso_min,0.0,False,False,0.0,100.0,0.0
combined_subject_features,report__confidence_waso_aasm_min,0.0,False,False,0.0,100.0,0.0
combined_subject_features,report__lps_min,0.02127659574468085,False,False,0.0,51.0,8.5
combined_subject_features,report__lrem4_min,0.02127659574468085,False,False,-698.0,158.0,2.0
combined_subject_features,report__micro_arousal_index_min,0.0,False,False,0.0,9.785407725321887,0.7389162561576355
combined_subject_features,report__n1_duration_min,0.0,False,False,0.0,50.0,13.0
combined_subject_features,report__n1_percentage_min,0.02127659574468085,False,False,0.0,20.404984423676012,4.6006995045176335
combined_subject_features,report__n2_duration_min,0.0,False,False,0.0,380.0,90.5
combined_subject_features,report__n2_latency_aasm_min,0.02127659574468085,False,False,0.0,5.5,0.75
combined_subject_features,report__n2_percentage_min,0.02127659574468085,False,False,0.0,53.87713997985901,33.90668851981813
combined_subject_features,report__n3_duration_min,0.0,False,False,0.0,123.0,10.0
combined_subject_features,report__n3_latency_aasm_min,0.02127659574468085,False,False,0.0,24.5,9.25
combined_subject_features,report__n3_percentage_min,0.02127659574468085,False,False,0.0,24.773413897280967,5.587386366861218
combined_subject_features,report__nr_of_shifts_min,0.02127659574468085,False,False,1.0,266.0,64.0
combined_subject_features,report__nrem_duration_min,0.0,False,False,0.0,472.5,186.5
combined_subject_features,report__nrem_percentage_min,0.02127659574468085,False,False,0.2148997134670487,84.69284994964752,65.82214633380437
combined_subject_features,report__proportion_off_head_min,0.0,False,False,0.0,42.35395189003437,0.0
combined_subject_features,report__proportion_scorable_and_on_head_min,0.0,False,False,0.0699386503067484,0.9525114155251142,0.6762452107279694
combined_subject_features,report__quality_index_F7_O1_min,0.0,False,False,0.0,60.08777351959451,22.974856978029905
combined_subject_features,report__quality_index_F7_O2_min,0.0,False,False,0.0,67.85652994679938,21.786203961987617
combined_subject_features,report__quality_index_F8_F7_min,0.0,False,False,0.0,80.8067664281067,35.63651248465002
combined_subject_features,report__quality_index_F8_O1_min,0.0,False,False,0.0,57.64164370287376,24.23721753618661
combined_subject_features,report__quality_index_F8_O2_min,0.0,False,False,0.0,76.26565985927579,21.89178119595886
combined_subject_features,report__record_duration_min,0.0,False,False,2.0,69663.0,23076.0
combined_subject_features,report__record_quality_index_min,0.0,False,False,15.384615384615383,96.13453815261045,72.14684756584198
combined_subject_features,report__rem_duration_min,0.0,False,False,0.0,394.0,43.5
combined_subject_features,report__rem_latency_min,0.02127659574468085,False,False,0.0,158.0,3.25
combined_subject_features,report__rem_latency_aasm_min,0.02127659574468085,False,False,0.0,160.0,4.25
combined_subject_features,report__rem_percentage_min,0.02127659574468085,False,False,0.0,45.47028274668206,15.938816306132647
combined_subject_features,report__respiration_rate_n1_min,0.02127659574468085,False,False,9.306399554120109,17.744191864099083,13.64272958739479
combined_subject_features,report__respiration_rate_n2_min,0.02127659574468085,False,False,9.184609678730906,18.77458916175623,14.750648947256366
combined_subject_features,report__respiration_rate_n3_min,0.02127659574468085,False,False,12.008078110209022,19.717224691679384,15.55569702241416
combined_subject_features,report__respiration_rate_rem_min,0.02127659574468085,False,False,12.364637614370642,19.448475386089836,15.091799929787019
combined_subject_features,report__respiration_rate_wake_min,0.0,False,False,9.651135903897655,18.746146811963037,12.796105849739927
combined_subject_features,report__sleep_efficiency_min,0.0,False,False,0.0,92.20911876683073,29.51496147434926
combined_subject_features,report__sol_min,0.02127659574468085,False,False,0.0,51.0,7.75
combined_subject_features,report__sol_aasm_min,0.02127659574468085,False,False,0.0,50.0,7.25
combined_subject_features,report__tst_min,0.0,False,False,0.0,866.5,281.5
combined_subject_features,report__wake_duration_min,0.0,False,False,6.5,297.5,37.0
combined_subject_features,report__waso_min,0.0,False,False,0.0,293.0,9.5
combined_subject_features,report__waso_aasm_min,0.0,False,False,0.0,293.0,9.5
combined_subject_features,report__average_respiration_rate_max,0.0,False,False,10.63491325402152,20.629450996805485,16.642871081910403
combined_subject_features,report__awakenings_max,0.0,False,False,0.0,145.0,47.0
combined_subject_features,report__confidence_awakenings_max,0.0,False,False,0.0,100.0,92.44290846138828
combined_subject_features,report__confidence_last_sleep_max,0.02127659574468085,False,False,91.45428608968476,100.0,99.05190153401188
combined_subject_features,report__confidence_lps_max,0.02127659574468085,False,False,74.06342592818493,100.0,99.44718490436107
combined_subject_features,report__confidence_lrem4_max,0.02127659574468085,False,False,91.13041584534363,100.0,99.33937061625322
combined_subject_features,report__confidence_n1_duration_max,0.0,False,False,0.0,100.0,94.95175966878504
combined_subject_features,report__confidence_n1_percentage_max,0.02127659574468085,False,False,0.0,100.0,89.30684585965112
combined_subject_features,report__confidence_n2_duration_max,0.0,False,False,0.0,100.0,97.77612240650528
combined_subject_features,report__confidence_n2_latency_aasm_max,0.02127659574468085,False,False,71.82725086927925,100.0,99.2535308427936
combined_subject_features,report__confidence_n2_percentage_max,0.02127659574468085,False,False,0.0,100.0,95.53056572990485
combined_subject_features,report__confidence_n3_duration_max,0.0,False,False,0.0,100.0,96.3709481851274
combined_subject_features,report__confidence_n3_latency_aasm_max,0.02127659574468085,False,False,94.5032568273886,100.0,99.5675712089528
combined_subject_features,report__confidence_n3_percentage_max,0.02127659574468085,False,False,0.0,100.0,94.05519593892329
combined_subject_features,report__confidence_nr_of_shifts_max,0.02127659574468085,False,False,0.0,100.0,42.0
combined_subject_features,report__confidence_nrem_duration_max,0.0,False,False,0.0,100.0,95.92816760262838
combined_subject_features,report__confidence_nrem_percentage_max,0.02127659574468085,False,False,0.0,100.0,92.96290393117717
combined_subject_features,report__confidence_rem_duration_max,0.0,False,False,0.0,100.0,96.15254199944866
combined_subject_features,report__confidence_rem_latency_max,0.02127659574468085,False,False,90.93319282369652,100.0,99.14161017427338
combined_subject_features,report__confidence_rem_latency_aasm_max,0.02127659574468085,False,False,90.81318477394268,100.0,99.0191781424742
combined_subject_features,report__confidence_rem_percentage_max,0.02127659574468085,False,False,0.0,100.0,92.96290393117717
combined_subject_features,report__confidence_sleep_efficiency_max,0.0,False,False,0.0,100.0,100.0
combined_subject_features,report__confidence_sleep_onset_max,0.02127659574468085,False,False,91.45428608968476,100.0,99.05190153401188
combined_subject_features,report__confidence_sol_max,0.02127659574468085,False,False,91.45428608968476,100.0,99.05190153401188
combined_subject_features,report__confidence_sol_aasm_max,0.02127659574468085,False,False,87.79504624021082,100.0,99.20677921621481
combined_subject_features,report__confidence_tst_max,0.0,False,False,0.0,100.0,97.88468594001594
combined_subject_features,report__confidence_wake_duration_max,0.0,False,False,0.0,100.0,97.88468594001594
combined_subject_features,report__confidence_waso_max,0.0,False,False,0.0,100.0,98.53566898201326
combined_subject_features,report__confidence_waso_aasm_max,0.0,False,False,0.0,100.0,97.56347653351234
combined_subject_features,report__lps_max,0.02127659574468085,False,False,3.0,1023.0,310.25
combined_subject_features,report__lrem4_max,0.02127659574468085,False,False,10.5,601.0,122.75
combined_subject_features,report__micro_arousal_index_max,0.0,False,False,0.0,40.0,10.13903743315508
combined_subject_features,report__n1_duration_max,0.0,False,False,0.0,181.0,48.0
combined_subject_features,report__n1_percentage_max,0.02127659574468085,False,False,5.135603000577034,100.0,11.851924108667024
combined_subject_features,report__n2_duration_max,0.0,False,False,0.0,764.0,322.5
combined_subject_features,report__n2_latency_aasm_max,0.02127659574468085,False,False,1.0,1194.0,18.5
combined_subject_features,report__n2_percentage_max,0.02127659574468085,False,False,40.236051502145926,100.0,61.058312272185105
combined_subject_features,report__n3_duration_max,0.0,False,False,0.0,209.5,129.5
combined_subject_features,report__n3_latency_aasm_max,0.02127659574468085,False,False,6.5,940.5,73.25
combined_subject_features,report__n3_percentage_max,0.02127659574468085,False,False,5.539526832083093,48.10126582278481,29.314307954333767
combined_subject_features,report__nr_of_shifts_max,0.02127659574468085,False,False,91.0,426.0,187.0
combined_subject_features,report__nrem_duration_max,0.0,False,False,0.0,943.5,440.0
combined_subject_features,report__nrem_percentage_max,0.02127659574468085,False,False,54.52971725331794,100.0,84.06118369386735
combined_subject_features,report__proportion_off_head_max,0.0,False,False,0.0301750150875079,100.0,15.213358070500927
combined_subject_features,report__proportion_scorable_and_on_head_max,0.0,False,False,0.4175257731958763,1.0,0.9803571428571428
combined_subject_features,report__quality_index_F7_O1_max,0.0,False,False,7.223264540337711,93.31294714978075,77.0344827586207
combined_subject_features,report__quality_index_F7_O2_max,0.0,False,False,6.378986866791744,93.7352435530086,77.20532651043787
combined_subject_features,report__quality_index_F8_F7_max,0.0,False,False,45.572737686139746,98.0358458138964,86.4229435865112
combined_subject_features,report__quality_index_F8_O1_max,0.0,False,False,6.47279549718574,92.69719588460762,75.45553440304596
combined_subject_features,report__quality_index_F8_O2_max,0.0,False,False,6.378986866791744,93.6,80.53600694109709
combined_subject_features,report__record_duration_max,0.0,False,False,2131.0,99331.0,80693.0
combined_subject_features,report__record_quality_index_max,0.0,False,False,61.855670103092784,100.0,98.43505477308294
combined_subject_features,report__rem_duration_max,0.0,False,False,0.0,1393.0,167.0
combined_subject_features,report__rem_latency_max,0.02127659574468085,False,False,10.5,720.0,129.5
combined_subject_features,report__rem_latency_aasm_max,0.02127659574468085,False,False,10.5,721.5,137.5
combined_subject_features,report__rem_percentage_max,0.02127659574468085,False,False,15.307150050352467,99.78510028653297,34.17785366619563
combined_subject_features,report__respiration_rate_n1_max,0.02127659574468085,False,False,12.32837729597718,21.014604431418363,15.840138159216508
combined_subject_features,report__respiration_rate_n2_max,0.02127659574468085,False,False,12.649423572728695,21.43454267330244,16.581502362108544
combined_subject_features,report__respiration_rate_n3_max,0.02127659574468085,False,False,14.107803140916088,22.81804396849485,17.692367271899847
combined_subject_features,report__respiration_rate_rem_max,0.02127659574468085,False,False,12.91474140024665,20.645642646573553,17.180388217847067
combined_subject_features,report__respiration_rate_wake_max,0.0,False,False,10.63491325402152,20.03707943084819,16.11689423404562
combined_subject_features,report__sleep_efficiency_max,0.0,False,False,0.0,98.37569271928147,93.3278755628326
combined_subject_features,report__sol_max,0.02127659574468085,False,False,4.0,1023.0,239.75
combined_subject_features,report__sol_aasm_max,0.02127659574468085,False,False,3.0,1022.0,233.0
combined_subject_features,report__tst_max,0.0,False,False,0.0,1451.0,582.5
combined_subject_features,report__wake_duration_max,0.0,False,False,35.5,1085.5,757.0
combined_subject_features,report__waso_max,0.0,False,False,0.0,989.0,385.0
combined_subject_features,report__waso_aasm_max,0.0,False,False,0.0,992.0,413.5
combined_subject_features,h5__n_epochs_mean,0.0,False,False,70.0,1825.3333333333333,1281.0
combined_subject_features,h5__wake_epochs_mean,0.0,False,False,57.0,875.0,452.6666666666667
combined_subject_features,h5__sleep_epochs_mean,0.0,False,False,0.0,1010.75,844.6923076923077
combined_subject_features,h5__tst_minutes_from_hypnogram_mean,0.0,False,False,0.0,505.375,422.34615384615387
combined_subject_features,h5__sleep_efficiency_epoch_ratio_mean,0.0,False,False,0.0,0.9387096774193548,0.7205686470260864
combined_subject_features,h5__Wake_epochs_mean,0.0,False,False,57.0,875.0,452.6666666666667
combined_subject_features,h5__Wake_percentage_mean,1.0,True,True,,,
combined_subject_features,h5__N1_epochs_mean,0.0,False,False,0.0,161.66666666666666,58.92857142857143
combined_subject_features,h5__N1_percentage_mean,0.02127659574468085,False,False,0.04343863279462,0.2719272829647065,0.0748368036214446
combined_subject_features,h5__N2_epochs_mean,0.0,False,False,0.0,594.25,389.0
combined_subject_features,h5__N2_percentage_mean,0.02127659574468085,False,False,0.3258903978578727,0.574392800148777,0.4596113166045137
combined_subject_features,h5__N3_epochs_mean,0.0,False,False,0.0,256.57142857142856,157.33333333333334
combined_subject_features,h5__N3_percentage_mean,0.02127659574468085,False,False,0.0375268004179565,0.3861988758060543,0.2134296003707964
combined_subject_features,h5__REM_epochs_mean,0.0,False,False,0.0,451.1111111111111,207.11111111111111
combined_subject_features,h5__REM_percentage_mean,0.02127659574468085,False,False,0.104383300977276,0.4131588370480669,0.24969974521799745
combined_subject_features,h5__eeg1_mean_mean_mean,0.0,False,False,-9.092056860402518e-14,7.864420164456354e-14,-5.863186017710613e-16
combined_subject_features,h5__eeg1_mean_std_mean,0.0,False,False,6.73858684994482e-14,3.936860857120989e-12,9.636702815967588e-13
combined_subject_features,h5__eeg1_mean_median_mean,0.0,False,False,-2.802488976893494e-16,7.547924427142214e-16,8.838481042841535e-18
combined_subject_features,h5__eeg1_std_mean_mean,0.0,False,False,189.8114732625335,16702.33286086477,1651.353614042333
combined_subject_features,h5__eeg1_std_std_mean,0.0,False,False,1793.3642478372503,50535.633189086075,13062.717003356878
combined_subject_features,h5__eeg1_std_median_mean,0.0,False,False,10.96252939431319,1111.4268670074557,49.8840952879208
combined_subject_features,h5__eeg1_iqr_mean_mean,0.0,False,False,43.95156922156429,11717.042587904782,329.32004758107485
combined_subject_features,h5__eeg1_iqr_std_mean,0.0,False,False,140.4949076122983,41435.71174892621,2722.2312209353527
combined_subject_features,h5__eeg1_iqr_median_mean,0.0,False,False,13.43778216391771,337.28543102611764,43.0383348043465
combined_subject_features,h5__eeg1_skew_mean_mean,0.0,False,False,-0.7095881450840349,0.616979753891523,0.0243483248333198
combined_subject_features,h5__eeg1_skew_std_mean,0.0,False,False,1.3553021332442925,3.937468758049502,2.0464983543713378
combined_subject_features,h5__eeg1_skew_median_mean,0.0,False,False,-0.4656648122263224,0.4653367272140846,-0.1115386919934523
combined_subject_features,h5__eeg1_kurtosis_mean_mean,0.0,False,False,7.105299142685553,43.131844592539146,12.772549560729436
combined_subject_features,h5__eeg1_kurtosis_std_mean,0.0,False,False,16.41590781868148,119.79321980941086,28.867976728700732
combined_subject_features,h5__eeg1_kurtosis_median_mean,0.0,False,False,1.115320439032136,15.469278757688784,3.9545520597509496
combined_subject_features,h5__eeg1_zero_crossings_mean_mean,0.0,False,False,198.36039537747436,352.58138927206176,253.9030715939072
combined_subject_features,h5__eeg1_zero_crossings_std_mean,0.0,False,False,40.14653940938786,192.8059349705991,112.82593568335784
combined_subject_features,h5__eeg1_zero_crossings_median_mean,0.0,False,False,180.3571428571429,357.125,254.66666666666663
combined_subject_features,h5__eeg1_hjorth_mobility_mean_mean,0.0,False,False,0.0728555967639643,0.135389293212231,0.0976955544369607
combined_subject_features,h5__eeg1_hjorth_mobility_std_mean,0.0,False,False,0.0258688108310808,0.1042456338307903,0.0502593738063651
combined_subject_features,h5__eeg1_hjorth_mobility_median_mean,0.0,False,False,0.0614161877497056,0.1327752300123845,0.0872858922655885
combined_subject_features,h5__eeg1_hjorth_complexity_mean_mean,0.0,False,False,3.8302898696681393,6.805824929894851,5.207649624528553
combined_subject_features,h5__eeg1_hjorth_complexity_std_mean,0.0,False,False,0.5613762549577694,4.1963747378764795,2.3915566604688325
combined_subject_features,h5__eeg1_hjorth_complexity_median_mean,0.0,False,False,3.865278534879082,5.782655246511013,4.6369235956683905
combined_subject_features,h5__eeg1_total_power_0p5_30_mean_mean,0.0,False,False,4399811.493399338,6811931292.676567,166956516.43056476
combined_subject_features,h5__eeg1_total_power_0p5_30_std_mean,0.0,False,False,125048498.75695458,32155249140.260193,2869178277.7248006
combined_subject_features,h5__eeg1_total_power_0p5_30_median_mean,0.0,False,False,111.39939823798576,7582489.989740934,1931.8363332499807
combined_subject_features,h5__eeg1_delta_power_mean_mean,0.0,False,False,3950773.087569999,5732252064.142379,158241091.63150746
combined_subject_features,h5__eeg1_delta_power_std_mean,0.0,False,False,119043586.1199596,26309034517.35945,2702012900.623048
combined_subject_features,h5__eeg1_delta_power_median_mean,0.0,False,False,87.71370343886878,6583910.493040576,1685.0624550234593
combined_subject_features,h5__eeg1_delta_relative_power_mean_mean,0.0,False,False,0.7517559561094035,0.8911060528561583,0.8274662452244836
combined_subject_features,h5__eeg1_delta_relative_power_std_mean,0.0,False,False,0.0816971844919814,0.2039473019378671,0.1271554187966561
combined_subject_features,h5__eeg1_delta_relative_power_median_mean,0.0,False,False,0.7798388228329869,0.9161711698473264,0.8551286417326243
combined_subject_features,h5__eeg1_theta_power_mean_mean,0.0,False,False,234776.6273123719,786600268.2699934,6593872.0908231
combined_subject_features,h5__eeg1_theta_power_std_mean,0.0,False,False,3675115.510520822,4641163387.658763,135247470.30375043
combined_subject_features,h5__eeg1_theta_power_median_mean,0.0,False,False,12.25638947837204,128515.92923751594,129.65972146384624
combined_subject_features,h5__eeg1_theta_relative_power_mean_mean,0.0,False,False,0.0591790450294201,0.120750585303903,0.0941434297632235
combined_subject_features,h5__eeg1_theta_relative_power_std_mean,0.0,False,False,0.042668134230572,0.0916446865532413,0.0606333218114189
combined_subject_features,h5__eeg1_theta_relative_power_median_mean,0.0,False,False,0.0471294167451615,0.1120013830497997,0.079799632499687
combined_subject_features,h5__eeg1_alpha_power_mean_mean,0.0,False,False,34769.29711006974,92035146.00400746,1246002.8530735157
combined_subject_features,h5__eeg1_alpha_power_std_mean,0.0,False,False,601297.2640586549,632584968.7906288,24630802.652329773
combined_subject_features,h5__eeg1_alpha_power_median_mean,0.0,False,False,4.016243720888625,9821.54194980184,35.08459235373195
combined_subject_features,h5__eeg1_alpha_relative_power_mean_mean,0.0,False,False,0.0184918605389634,0.0569462253772628,0.0329684412567668
combined_subject_features,h5__eeg1_alpha_relative_power_std_mean,0.0,False,False,0.018484974092025,0.0664561759553745,0.0320401133800041
combined_subject_features,h5__eeg1_alpha_relative_power_median_mean,0.0,False,False,0.011189007195377,0.0425443528138101,0.0239987532219651
combined_subject_features,h5__eeg1_sigma_power_mean_mean,0.0,False,False,14168.786226721602,26475784.98068799,388552.0924368856
combined_subject_features,h5__eeg1_sigma_power_std_mean,0.0,False,False,174514.36043522734,191849131.33830523,8501635.177545648
combined_subject_features,h5__eeg1_sigma_power_median_mean,0.0,False,False,2.012854362554068,2889.4030826924704,13.115991632726343
combined_subject_features,h5__eeg1_sigma_relative_power_mean_mean,0.0,False,False,0.0074106253155681,0.031773419454445,0.0142443946703507
combined_subject_features,h5__eeg1_sigma_relative_power_std_mean,0.0,False,False,0.0080887082797746,0.0625284441521544,0.0146726150474853
combined_subject_features,h5__eeg1_sigma_relative_power_median_mean,0.0,False,False,0.0036057284461818,0.0190613209315485,0.0093946518280626
combined_subject_features,h5__eeg1_beta_power_mean_mean,0.0,False,False,10837.658342797924,18388799.455072615,280528.64311405993
combined_subject_features,h5__eeg1_beta_power_std_mean,0.0,False,False,139629.0935922664,156786113.1574308,6604174.734047144
combined_subject_features,h5__eeg1_beta_power_median_mean,0.0,False,False,2.6852819296559987,1558.8918638544965,16.651138664185297
combined_subject_features,h5__eeg1_beta_relative_power_mean_mean,0.0,False,False,0.0081477294956789,0.0353724345611608,0.0181850440565049
combined_subject_features,h5__eeg1_beta_relative_power_std_mean,0.0,False,False,0.0110479802241616,0.0530720799718674,0.0217968512803962
combined_subject_features,h5__eeg1_beta_relative_power_median_mean,0.0,False,False,0.0019708582845503,0.0257283483839339,0.0094631703384912
combined_subject_features,h5__eeg1_theta_alpha_ratio_mean_mean,0.0,False,False,2.8576855224829956,8.68072487134766,5.0899284776397575
combined_subject_features,h5__eeg1_theta_alpha_ratio_std_mean,0.0,False,False,1.4360490767462195,17.640541595580427,5.528618381679691
combined_subject_features,h5__eeg1_theta_alpha_ratio_median_mean,0.0,False,False,2.1908048367757034,6.45793443617092,3.5728752539229456
combined_subject_features,h5__eeg1_delta_beta_ratio_mean_mean,0.0,False,False,38.02724347697278,16842.80988782532,1317.3688023764787
combined_subject_features,h5__eeg1_delta_beta_ratio_std_mean,0.0,False,False,48.94704426435941,118612.23390310486,8812.028341572353
combined_subject_features,h5__eeg1_delta_beta_ratio_median_mean,0.0,False,False,30.1576679081607,607.9974943409974,125.10861606990068
combined_subject_features,h5__eeg1_delta_sigma_ratio_mean_mean,0.0,False,False,49.38545680378754,7574.667999738195,938.8596751332526
combined_subject_features,h5__eeg1_delta_sigma_ratio_std_mean,0.0,False,False,42.46715222069151,112214.70585360617,5231.395151608361
combined_subject_features,h5__eeg1_delta_sigma_ratio_median_mean,0.0,False,False,40.83963846815561,358.876569950506,112.6646516401424
combined_subject_features,h5__eeg2_mean_mean_mean,0.0,False,False,-7.323073348462229e-14,2.414546519445415e-13,-1.2970398778096057e-15
combined_subject_features,h5__eeg2_mean_std_mean,0.0,False,False,1.588844888819944e-13,4.7428166917953355e-12,9.68196487032685e-13
combined_subject_features,h5__eeg2_mean_median_mean,0.0,False,False,-2.89840298002261e-15,2.1160945829529243e-14,-5.5469639655140786e-18
combined_subject_features,h5__eeg2_std_mean_mean,0.0,False,False,420.7864060207051,23118.988654366294,2292.7443186924947
combined_subject_features,h5__eeg2_std_std_mean,0.0,False,False,3850.3152935084777,58715.14439058934,15230.745101022874
combined_subject_features,h5__eeg2_std_median_mean,0.0,False,False,8.904116585032664,3218.609328198713,52.40170143696172
combined_subject_features,h5__eeg2_iqr_mean_mean,0.0,False,False,56.14288750961319,19362.28807114646,298.81368530458343
combined_subject_features,h5__eeg2_iqr_std_mean,0.0,False,False,392.7638391588374,54315.663510042505,3078.577505749676
combined_subject_features,h5__eeg2_iqr_median_mean,0.0,False,False,11.635384691030822,684.5158587497693,46.7714399645283
combined_subject_features,h5__eeg2_skew_mean_mean,0.0,False,False,-0.5859264549171644,1.4505624082155404,-0.0254534696612628
combined_subject_features,h5__eeg2_skew_std_mean,0.0,False,False,1.4072261588120378,3.4751893786566237,2.074731117052668
combined_subject_features,h5__eeg2_skew_median_mean,0.0,False,False,-0.4303375858168211,0.61407276261385,-0.1075814638260356
combined_subject_features,h5__eeg2_kurtosis_mean_mean,0.0,False,False,6.877115794881317,41.215948352218106,13.185843147892138
combined_subject_features,h5__eeg2_kurtosis_std_mean,0.0,False,False,16.59188463271751,74.04269658561508,30.26349430346179
combined_subject_features,h5__eeg2_kurtosis_median_mean,0.0,False,False,0.3577864991275461,16.60976443222612,4.015734615675557
combined_subject_features,h5__eeg2_zero_crossings_mean_mean,0.0,False,False,164.28905283132093,480.18494623655914,252.43533439851691
combined_subject_features,h5__eeg2_zero_crossings_std_mean,0.0,False,False,58.85559300557603,194.52893204805667,120.139277007691
combined_subject_features,h5__eeg2_zero_crossings_median_mean,0.0,False,False,147.83333333333334,487.0,244.42857142857144
combined_subject_features,h5__eeg2_hjorth_mobility_mean_mean,0.0,False,False,0.0640911104407666,0.1968164675487297,0.0935195906455048
combined_subject_features,h5__eeg2_hjorth_mobility_std_mean,0.0,False,False,0.0364714096641874,0.1058880850504417,0.0495318474065104
combined_subject_features,h5__eeg2_hjorth_mobility_median_mean,0.0,False,False,0.0533748853975859,0.2020501994605788,0.0820494674079651
combined_subject_features,h5__eeg2_hjorth_complexity_mean_mean,0.0,False,False,2.771898224143568,6.962732482116356,5.2755531377142
combined_subject_features,h5__eeg2_hjorth_complexity_std_mean,0.0,False,False,0.6150807933557229,4.411838500398935,2.4704924673947497
combined_subject_features,h5__eeg2_hjorth_complexity_median_mean,0.0,False,False,2.616179130856405,6.605074236929091,4.692674423229097
combined_subject_features,h5__eeg2_total_power_0p5_30_mean_mean,0.0,False,False,13468178.098578189,12031735452.559654,192673907.2097649
combined_subject_features,h5__eeg2_total_power_0p5_30_std_mean,0.0,False,False,173109027.4767531,49442372860.29702,3561151581.040998
combined_subject_features,h5__eeg2_total_power_0p5_30_median_mean,0.0,False,False,74.56593455334516,53150132.58504576,2227.2463751082805
combined_subject_features,h5__eeg2_delta_power_mean_mean,0.0,False,False,12782115.588474607,10113931605.91038,181411235.1260732
combined_subject_features,h5__eeg2_delta_power_std_mean,0.0,False,False,166477099.81812888,38726323404.97861,3269350605.714287
combined_subject_features,h5__eeg2_delta_power_median_mean,0.0,False,False,41.42877073344391,52651144.58689623,1974.1374820102872
combined_subject_features,h5__eeg2_delta_relative_power_mean_mean,0.0,False,False,0.5646082117534693,0.908928976994264,0.8346351981358721
combined_subject_features,h5__eeg2_delta_relative_power_std_mean,0.0,False,False,0.0812244495265723,0.2038727603570643,0.1244206863755848
combined_subject_features,h5__eeg2_delta_relative_power_median_mean,0.0,False,False,0.5518156590488266,0.9330196895014952,0.8638542277847876
combined_subject_features,h5__eeg2_theta_power_mean_mean,0.0,False,False,457464.4886351819,1376259193.3141403,8268543.367920602
combined_subject_features,h5__eeg2_theta_power_std_mean,0.0,False,False,5413454.604038534,8848176938.513294,181288427.5372972
combined_subject_features,h5__eeg2_theta_power_median_mean,0.0,False,False,15.312914670210484,353014.62685650314,146.95800376367484
combined_subject_features,h5__eeg2_theta_relative_power_mean_mean,0.0,False,False,0.0498129810432947,0.2005068700084891,0.082521585878494
combined_subject_features,h5__eeg2_theta_relative_power_std_mean,0.0,False,False,0.0414406775339795,0.1041779823566847,0.0602598732052154
combined_subject_features,h5__eeg2_theta_relative_power_median_mean,0.0,False,False,0.0390427202998112,0.2023373881669541,0.0718521481596402
combined_subject_features,h5__eeg2_alpha_power_mean_mean,0.0,False,False,77185.81499101708,154190165.73072922,1698093.8644723557
combined_subject_features,h5__eeg2_alpha_power_std_mean,0.0,False,False,928908.8967577904,1150159761.049894,36792336.36378558
combined_subject_features,h5__eeg2_alpha_power_median_mean,0.0,False,False,6.7775588068357955,46800.86401526816,37.12579694187358
combined_subject_features,h5__eeg2_alpha_relative_power_mean_mean,0.0,False,False,0.014980564601396,0.0857983124962945,0.0323123325103041
combined_subject_features,h5__eeg2_alpha_relative_power_std_mean,0.0,False,False,0.0166159915485753,0.0701832567298892,0.0322937559173831
combined_subject_features,h5__eeg2_alpha_relative_power_median_mean,0.0,False,False,0.0051898608263126,0.0887984103566457,0.0234902936759062
combined_subject_features,h5__eeg2_sigma_power_mean_mean,0.0,False,False,20471.26962257037,48401612.51970145,619727.4757798661
combined_subject_features,h5__eeg2_sigma_power_std_mean,0.0,False,False,286528.21840691654,379045160.7613623,12799493.476301469
combined_subject_features,h5__eeg2_sigma_power_median_mean,0.0,False,False,3.677768196743356,8446.448580534987,13.9135449653287
combined_subject_features,h5__eeg2_sigma_relative_power_mean_mean,0.0,False,False,0.0065168047899836,0.0469443335627328,0.0132555356793285
combined_subject_features,h5__eeg2_sigma_relative_power_std_mean,0.0,False,False,0.0074447913835504,0.0905302099297065,0.0139091206145943
combined_subject_features,h5__eeg2_sigma_relative_power_median_mean,0.0,False,False,0.0012613495176968,0.0489960619486387,0.0082680421931176
combined_subject_features,h5__eeg2_beta_power_mean_mean,0.0,False,False,13849.94597373231,31351111.948099025,426066.804601796
combined_subject_features,h5__eeg2_beta_power_std_mean,0.0,False,False,135431.91768808497,261578737.79868135,9463954.097142318
combined_subject_features,h5__eeg2_beta_power_median_mean,0.0,False,False,4.049765617943208,2179.7126078232673,15.948372516148428
combined_subject_features,h5__eeg2_beta_relative_power_mean_mean,0.0,False,False,0.0086682857714304,0.0655009373338772,0.0167419882470224
combined_subject_features,h5__eeg2_beta_relative_power_std_mean,0.0,False,False,0.0119769219986477,0.042734791118126,0.0208105203351283
combined_subject_features,h5__eeg2_beta_relative_power_median_mean,0.0,False,False,0.000802256923579,0.065383663988474,0.008591274821073
combined_subject_features,h5__eeg2_theta_alpha_ratio_mean_mean,0.0,False,False,2.6225381376963113,10.319001050061322,5.256483109554014
combined_subject_features,h5__eeg2_theta_alpha_ratio_std_mean,0.0,False,False,1.1538813810174082,23.167778380334312,5.98274449694085
combined_subject_features,h5__eeg2_theta_alpha_ratio_median_mean,0.0,False,False,2.2434709134832795,7.07441065376112,3.791798454359246
combined_subject_features,h5__eeg2_delta_beta_ratio_mean_mean,0.0,False,False,16.488873460976837,40930.84618512498,1326.7893466056887
combined_subject_features,h5__eeg2_delta_beta_ratio_std_mean,0.0,False,False,38.26189614236863,302881.68700953183,9567.79247978007
combined_subject_features,h5__eeg2_delta_beta_ratio_median_mean,0.0,False,False,8.312148515494597,1128.7239605013256,129.64258755913536
combined_subject_features,h5__eeg2_delta_sigma_ratio_mean_mean,0.0,False,False,20.281848683872344,18370.47066229462,981.9480414599636
combined_subject_features,h5__eeg2_delta_sigma_ratio_std_mean,0.0,False,False,36.95310423852144,107023.69408320652,4990.546726074583
combined_subject_features,h5__eeg2_delta_sigma_ratio_median_mean,0.0,False,False,11.2199181069056,759.3828790151213,124.99370688484132
combined_subject_features,h5__eeg3_mean_mean_mean,0.0,False,False,-1.0787466449215448e-13,7.332906809438812e-14,-2.7228022781913207e-16
combined_subject_features,h5__eeg3_mean_std_mean,0.0,False,False,1.2316592078594426e-13,2.5928392628910578e-12,1.0638127578517877e-12
combined_subject_features,h5__eeg3_mean_median_mean,0.0,False,False,-2.5076918614681033e-15,7.868581134696091e-15,-2.6568141356800317e-17
combined_subject_features,h5__eeg3_std_mean_mean,0.0,False,False,822.7814062052437,11299.950407672432,3245.195538469048
combined_subject_features,h5__eeg3_std_std_mean,0.0,False,False,3807.407858245299,27054.723122165964,11519.160413222136
combined_subject_features,h5__eeg3_std_median_mean,0.0,False,False,8.579369902448928,3990.1703350201265,821.8943666756344
combined_subject_features,h5__eeg3_iqr_mean_mean,0.0,False,False,93.48892908359156,4793.184890402742,1534.2702573682664
combined_subject_features,h5__eeg3_iqr_std_mean,0.0,False,False,442.4615287908141,14293.61753585264,3305.256065164565
combined_subject_features,h5__eeg3_iqr_median_mean,0.0,False,False,11.168697033484143,3330.6198386755186,889.7150686755413
combined_subject_features,h5__eeg3_skew_mean_mean,0.0,False,False,-0.1535917060686004,0.5418688051517853,0.2097099710789237
combined_subject_features,h5__eeg3_skew_std_mean,0.0,False,False,0.9247335354121716,2.1102066889878244,1.4885954638037957
combined_subject_features,h5__eeg3_skew_median_mean,0.0,False,False,-0.1607387875151444,0.2714617063667591,0.0527793340884575
combined_subject_features,h5__eeg3_kurtosis_mean_mean,0.0,False,False,3.85105722940392,14.495192320388268,7.762050165974622
combined_subject_features,h5__eeg3_kurtosis_std_mean,0.0,False,False,10.920913645155789,27.801602287122144,16.031662639512827
combined_subject_features,h5__eeg3_kurtosis_median_mean,0.0,False,False,-0.4783344352132437,10.355534032990782,1.5984789970835742
combined_subject_features,h5__eeg3_zero_crossings_mean_mean,0.0,False,False,84.49917805230136,429.09354838709675,124.68460521840456
combined_subject_features,h5__eeg3_zero_crossings_std_mean,0.0,False,False,22.550754876489155,101.53633673722044,53.31839535392887
combined_subject_features,h5__eeg3_zero_crossings_median_mean,0.0,False,False,76.78571428571429,435.0,115.07142857142856
combined_subject_features,h5__eeg3_hjorth_mobility_mean_mean,0.0,False,False,0.0461605600243606,0.1807811477468914,0.0566743543486512
combined_subject_features,h5__eeg3_hjorth_mobility_std_mean,0.0,False,False,0.0101312477094413,0.0587563545177038,0.0245723388655312
combined_subject_features,h5__eeg3_hjorth_mobility_median_mean,0.0,False,False,0.0384865475629595,0.1778015149987431,0.0520429069882693
combined_subject_features,h5__eeg3_hjorth_complexity_mean_mean,0.0,False,False,3.045577699159443,6.6161770608929,4.9955017094668115
combined_subject_features,h5__eeg3_hjorth_complexity_std_mean,0.0,False,False,0.527333747178797,3.1871028100064094,1.7974059965401956
combined_subject_features,h5__eeg3_hjorth_complexity_median_mean,0.0,False,False,2.9732644938501274,6.452829664390414,4.675275266991678
combined_subject_features,h5__eeg3_total_power_0p5_30_mean_mean,0.0,False,False,15906208.158766648,1138289405.39528,141846800.9817828
combined_subject_features,h5__eeg3_total_power_0p5_30_std_mean,0.0,False,False,112581806.4821867,8007118772.6419,1360703001.4597518
combined_subject_features,h5__eeg3_total_power_0p5_30_median_mean,0.0,False,False,67.93625634180432,35305813.85239353,689685.1009694217
combined_subject_features,h5__eeg3_delta_power_mean_mean,0.0,False,False,15700910.785527838,1036926339.644844,134232113.45803526
combined_subject_features,h5__eeg3_delta_power_std_mean,0.0,False,False,111559315.31679703,7272421190.147671,1298865422.158809
combined_subject_features,h5__eeg3_delta_power_median_mean,0.0,False,False,44.58867381411208,34722368.6458035,639158.4528158215
combined_subject_features,h5__eeg3_delta_relative_power_mean_mean,0.0,False,False,0.6523784470783976,0.9567755923261364,0.9141479233358858
combined_subject_features,h5__eeg3_delta_relative_power_std_mean,0.0,False,False,0.0300381806775478,0.1417224776335658,0.073532863720897
combined_subject_features,h5__eeg3_delta_relative_power_median_mean,0.0,False,False,0.6474068418149116,0.9640336794652696,0.9374775260304302
combined_subject_features,h5__eeg3_theta_power_mean_mean,0.0,False,False,133694.96273047922,67297709.17921539,4594688.278816649
combined_subject_features,h5__eeg3_theta_power_std_mean,0.0,False,False,597797.3859567618,515887233.6879354,62195728.37832758
combined_subject_features,h5__eeg3_theta_power_median_mean,0.0,False,False,10.996717914512647,463957.85113596567,26369.682453799287
combined_subject_features,h5__eeg3_theta_relative_power_mean_mean,0.0,False,False,0.0328432590924432,0.1544614179647162,0.0528551212112074
combined_subject_features,h5__eeg3_theta_relative_power_std_mean,0.0,False,False,0.0207220451847081,0.086104879908007,0.0461824035298664
combined_subject_features,h5__eeg3_theta_relative_power_median_mean,0.0,False,False,0.0266933592441258,0.1565944584394187,0.0400309983340478
combined_subject_features,h5__eeg3_alpha_power_mean_mean,0.0,False,False,31601.26867101402,12325559.024021884,848937.7147106818
combined_subject_features,h5__eeg3_alpha_power_std_mean,0.0,False,False,228356.65834701844,100166814.0619559,13587099.10310202
combined_subject_features,h5__eeg3_alpha_power_median_mean,0.0,False,False,4.732588105545193,75307.7712335135,3264.072027203831
combined_subject_features,h5__eeg3_alpha_relative_power_mean_mean,0.0,False,False,0.0032369662542751,0.0683808818971403,0.0129055559655142
combined_subject_features,h5__eeg3_alpha_relative_power_std_mean,0.0,False,False,0.0043982535581146,0.062923263259538,0.0156340146467467
combined_subject_features,h5__eeg3_alpha_relative_power_median_mean,0.0,False,False,0.0018523162714101,0.0694148338956633,0.0073957641330892
combined_subject_features,h5__eeg3_sigma_power_mean_mean,0.0,False,False,2484.4311279035055,4218927.601855446,279087.0820008773
combined_subject_features,h5__eeg3_sigma_power_std_mean,0.0,False,False,14448.582702958633,35102508.66293306,4673462.251827732
combined_subject_features,h5__eeg3_sigma_power_median_mean,0.0,False,False,2.5415997175285847,17523.11731919712,596.2035207853605
combined_subject_features,h5__eeg3_sigma_relative_power_mean_mean,0.0,False,False,0.0009309476809837,0.0384177423271134,0.0034158734506142
combined_subject_features,h5__eeg3_sigma_relative_power_std_mean,0.0,False,False,0.0012654769544246,0.0202707592133884,0.0055794550293924
combined_subject_features,h5__eeg3_sigma_relative_power_median_mean,0.0,False,False,0.0003836705569633,0.0374870282109919,0.0018101134929265
combined_subject_features,h5__eeg3_beta_power_mean_mean,0.0,False,False,1396.0220909169034,2839611.0941179623,181580.60905412276
combined_subject_features,h5__eeg3_beta_power_std_mean,0.0,False,False,6194.2293969985985,23655299.2618916,3410374.6842896244
combined_subject_features,h5__eeg3_beta_power_median_mean,0.0,False,False,3.3854707830441617,6492.518948741199,204.09556974744223
combined_subject_features,h5__eeg3_beta_relative_power_mean_mean,0.0,False,False,0.0003922039186135,0.0572629249754711,0.0040044739484833
combined_subject_features,h5__eeg3_beta_relative_power_std_mean,0.0,False,False,0.000633195992556,0.0332093279113189,0.0070418933095662
combined_subject_features,h5__eeg3_beta_relative_power_median_mean,0.0,False,False,0.0002253539891847,0.051105726991148,0.00126157941343
combined_subject_features,h5__eeg3_theta_alpha_ratio_mean_mean,0.0,False,False,2.3801950229745215,16.25906913510436,8.812857071830472
combined_subject_features,h5__eeg3_theta_alpha_ratio_std_mean,0.0,False,False,0.7790962640146393,18.676159953005584,8.060462220252528
combined_subject_features,h5__eeg3_theta_alpha_ratio_median_mean,0.0,False,False,2.288134681346926,14.888558712216,6.650456764202757
combined_subject_features,h5__eeg3_delta_beta_ratio_mean_mean,0.0,False,False,25.552072154086257,83333.03346433623,5442.179579917619
combined_subject_features,h5__eeg3_delta_beta_ratio_std_mean,0.0,False,False,132.80543162491503,528587.8621684366,15167.623077928238
combined_subject_features,h5__eeg3_delta_beta_ratio_median_mean,0.0,False,False,12.6118469616032,6980.812065361939,1910.2478852081913
combined_subject_features,h5__eeg3_delta_sigma_ratio_mean_mean,0.0,False,False,27.554114405755502,26947.58075315546,2500.2327260753664
combined_subject_features,h5__eeg3_delta_sigma_ratio_std_mean,0.0,False,False,103.11025276776802,141420.59273014995,6594.74581135779
combined_subject_features,h5__eeg3_delta_sigma_ratio_median_mean,0.0,False,False,17.180128187227716,2749.291420298177,757.2386030700072
combined_subject_features,h5__eeg4_mean_mean_mean,0.0,False,False,-7.090866600771845e-14,3.6735826673268174e-14,-2.465663881264879e-15
combined_subject_features,h5__eeg4_mean_std_mean,0.0,False,False,1.4363727722646345e-13,2.67711993829097e-12,7.688925411578725e-13
combined_subject_features,h5__eeg4_mean_median_mean,0.0,False,False,-4.01670831466442e-16,1.6154706378090983e-14,-6.590590629946222e-18
combined_subject_features,h5__eeg4_std_mean_mean,0.0,False,False,213.2113814333664,11386.299055641224,1418.1084452782434
combined_subject_features,h5__eeg4_std_std_mean,0.0,False,False,3567.7841187855015,38336.90012139108,10145.221293642076
combined_subject_features,h5__eeg4_std_median_mean,0.0,False,False,10.781016338262267,3716.6350983599896,32.51425278899372
combined_subject_features,h5__eeg4_iqr_mean_mean,0.0,False,False,37.304864651676326,7448.194551504912,219.39973896818697
combined_subject_features,h5__eeg4_iqr_std_mean,0.0,False,False,43.24873860984088,33403.07989736609,1695.1550766234004
combined_subject_features,h5__eeg4_iqr_median_mean,0.0,False,False,12.086221169833578,268.4045803397575,28.780486874135818
combined_subject_features,h5__eeg4_skew_mean_mean,0.0,False,False,-0.3594942396655747,0.7407389404474329,-0.0618846225055828
combined_subject_features,h5__eeg4_skew_std_mean,0.0,False,False,0.9062175067387946,2.914745072000308,1.965726918073212
combined_subject_features,h5__eeg4_skew_median_mean,0.0,False,False,-0.4058546034240434,0.3419711106457914,-0.024755243770637
combined_subject_features,h5__eeg4_kurtosis_mean_mean,0.0,False,False,4.954779337357165,20.364293009248257,11.530220330961011
combined_subject_features,h5__eeg4_kurtosis_std_mean,0.0,False,False,14.902739262875912,52.00882882259897,26.56406045637822
combined_subject_features,h5__eeg4_kurtosis_median_mean,0.0,False,False,0.8670797957336314,13.221181154969544,3.318829311308645
combined_subject_features,h5__eeg4_zero_crossings_mean_mean,0.0,False,False,171.41280633911128,415.34470879893274,276.57199074593586
combined_subject_features,h5__eeg4_zero_crossings_std_mean,0.0,False,False,47.53233865905177,207.6905847452637,141.7948615978091
combined_subject_features,h5__eeg4_zero_crossings_median_mean,0.0,False,False,142.0,411.1875,257.3333333333333
combined_subject_features,h5__eeg4_hjorth_mobility_mean_mean,0.0,False,False,0.0649772004444274,0.1466134285547614,0.0970350142348074
combined_subject_features,h5__eeg4_hjorth_mobility_std_mean,0.0,False,False,0.0216588285319332,0.0856419957174205,0.0552795290201576
combined_subject_features,h5__eeg4_hjorth_mobility_median_mean,0.0,False,False,0.0494977723008881,0.1507321359531934,0.0842476753952499
combined_subject_features,h5__eeg4_hjorth_complexity_mean_mean,0.0,False,False,3.576354370886278,8.185062657655415,5.773916299703282
combined_subject_features,h5__eeg4_hjorth_complexity_std_mean,0.0,False,False,0.5729775302969933,4.431579065303558,3.0369465035354075
combined_subject_features,h5__eeg4_hjorth_complexity_median_mean,0.0,False,False,3.4409728082588886,7.853118409797764,5.002468204673924
combined_subject_features,h5__eeg4_total_power_0p5_30_mean_mean,0.0,False,False,16242949.475407848,3778939065.8511224,105441702.05361098
combined_subject_features,h5__eeg4_total_power_0p5_30_std_mean,0.0,False,False,123972075.64642422,20539671195.963757,1544907006.710008
combined_subject_features,h5__eeg4_total_power_0p5_30_median_mean,0.0,False,False,108.15418425259594,45960390.01933167,926.455647013962
combined_subject_features,h5__eeg4_delta_power_mean_mean,0.0,False,False,15359719.35938468,3502066951.809881,97421036.30698854
combined_subject_features,h5__eeg4_delta_power_std_mean,0.0,False,False,120817002.87737428,19100693056.868004,1410538968.8222468
combined_subject_features,h5__eeg4_delta_power_median_mean,0.0,False,False,79.76868356417114,45269640.57479671,804.2843960729206
combined_subject_features,h5__eeg4_delta_relative_power_mean_mean,0.0,False,False,0.7413892583358835,0.9351801776333653,0.8406776221184017
combined_subject_features,h5__eeg4_delta_relative_power_std_mean,0.0,False,False,0.0648733664178778,0.1784341263373773,0.1183626150797501
combined_subject_features,h5__eeg4_delta_relative_power_median_mean,0.0,False,False,0.7339800646786981,0.9571327559680688,0.8727672569203768
combined_subject_features,h5__eeg4_theta_power_mean_mean,0.0,False,False,491500.21961683145,201950391.3589284,4446142.12128589
combined_subject_features,h5__eeg4_theta_power_std_mean,0.0,False,False,3300702.573707266,1153091234.8820326,67854895.66632305
combined_subject_features,h5__eeg4_theta_power_median_mean,0.0,False,False,9.082511744891464,489296.77476934745,40.75596747993231
combined_subject_features,h5__eeg4_theta_relative_power_mean_mean,0.0,False,False,0.0334549913063909,0.1255800931175692,0.0710153628671589
combined_subject_features,h5__eeg4_theta_relative_power_std_mean,0.0,False,False,0.0322293612169806,0.0935829142537151,0.0485309489026094
combined_subject_features,h5__eeg4_theta_relative_power_median_mean,0.0,False,False,0.0231808481825038,0.1280801456284181,0.061883067002516
combined_subject_features,h5__eeg4_alpha_power_mean_mean,0.0,False,False,66839.96276521085,20686499.64013309,841495.4615235565
combined_subject_features,h5__eeg4_alpha_power_std_mean,0.0,False,False,961418.077343302,136604135.29620898,16261421.662259344
combined_subject_features,h5__eeg4_alpha_power_median_mean,0.0,False,False,3.2272417159562052,79982.84154078971,13.096899233673843
combined_subject_features,h5__eeg4_alpha_relative_power_mean_mean,0.0,False,False,0.0095047722752375,0.0495585947631302,0.0289855976650805
combined_subject_features,h5__eeg4_alpha_relative_power_std_mean,0.0,False,False,0.0127744938653996,0.0445963506279708,0.0279921429468261
combined_subject_features,h5__eeg4_alpha_relative_power_median_mean,0.0,False,False,0.0046009226720859,0.0500275813401941,0.0200687163942057
combined_subject_features,h5__eeg4_sigma_power_mean_mean,0.0,False,False,19388.71643675534,6135196.5565422755,278853.99453897914
combined_subject_features,h5__eeg4_sigma_power_std_mean,0.0,False,False,294324.7199879099,41984801.11437077,5569155.423423306
combined_subject_features,h5__eeg4_sigma_power_median_mean,0.0,False,False,1.6195899904346571,11158.056561888896,6.55366260757866
combined_subject_features,h5__eeg4_sigma_relative_power_mean_mean,0.0,False,False,0.0046789328129526,0.0375202836335158,0.0165216879667335
combined_subject_features,h5__eeg4_sigma_relative_power_std_mean,0.0,False,False,0.0064955936196361,0.0433718925186224,0.0161280410057158
combined_subject_features,h5__eeg4_sigma_relative_power_median_mean,0.0,False,False,0.0020422268961492,0.026161740653026,0.0101437827699203
combined_subject_features,h5__eeg4_beta_power_mean_mean,0.0,False,False,11413.843199369378,3820756.6343947737,188285.65697244843
combined_subject_features,h5__eeg4_beta_power_std_mean,0.0,False,False,233703.64008550328,28819987.938228343,4405444.369282242
combined_subject_features,h5__eeg4_beta_power_median_mean,0.0,False,False,2.397179641617159,3519.7342080045823,7.526778843713964
combined_subject_features,h5__eeg4_beta_relative_power_mean_mean,0.0,False,False,0.0098739220406428,0.0567688198617905,0.0233225692744278
combined_subject_features,h5__eeg4_beta_relative_power_std_mean,0.0,False,False,0.0106475559615358,0.0811656808764469,0.0298614410103316
combined_subject_features,h5__eeg4_beta_relative_power_median_mean,0.0,False,False,0.0025365556151397,0.0350115658962296,0.0111007884035256
combined_subject_features,h5__eeg4_theta_alpha_ratio_mean_mean,0.0,False,False,2.6377772658146257,9.8194211396756,5.1597229017561075
combined_subject_features,h5__eeg4_theta_alpha_ratio_std_mean,0.0,False,False,0.695693227778466,21.89730424451857,6.425630854004984
combined_subject_features,h5__eeg4_theta_alpha_ratio_median_mean,0.0,False,False,2.1491336042851543,5.620301605350833,3.355630078816042
combined_subject_features,h5__eeg4_delta_beta_ratio_mean_mean,0.0,False,False,30.89147704646777,54849.72923099188,2045.1524506167425
combined_subject_features,h5__eeg4_delta_beta_ratio_std_mean,0.0,False,False,81.15562124358185,312035.9045192479,15596.449036178785
combined_subject_features,h5__eeg4_delta_beta_ratio_median_mean,0.0,False,False,20.96315605996856,872.2317021663827,102.94027196005663
combined_subject_features,h5__eeg4_delta_sigma_ratio_mean_mean,0.0,False,False,36.63018017588268,25277.021651823936,1341.8418091628016
combined_subject_features,h5__eeg4_delta_sigma_ratio_std_mean,0.0,False,False,50.36247668198224,135665.12933626436,7983.649521085375
combined_subject_features,h5__eeg4_delta_sigma_ratio_median_mean,0.0,False,False,28.226862646558995,913.6892447001636,110.8254884681929
combined_subject_features,h5__n_epochs_median,0.0,False,False,70.0,1434.0,1070.0
combined_subject_features,h5__wake_epochs_median,0.0,False,False,37.0,564.0,147.0
combined_subject_features,h5__sleep_epochs_median,0.0,False,False,0.0,1090.0,859.0
combined_subject_features,h5__tst_minutes_from_hypnogram_median,0.0,False,False,0.0,545.0,429.5
combined_subject_features,h5__sleep_efficiency_epoch_ratio_median,0.0,False,False,0.0,0.9684601113172542,0.8487547986141681
combined_subject_features,h5__Wake_epochs_median,0.0,False,False,37.0,564.0,147.0
combined_subject_features,h5__Wake_percentage_median,1.0,True,True,,,
combined_subject_features,h5__N1_epochs_median,0.0,False,False,0.0,128.0,53.0
combined_subject_features,h5__N1_percentage_median,0.02127659574468085,False,False,0.0398722262475475,0.2547379789631855,0.06955281865450344
combined_subject_features,h5__N2_epochs_median,0.0,False,False,0.0,564.0,383.0
combined_subject_features,h5__N2_percentage_median,0.02127659574468085,False,False,0.3399602385685885,0.5763671307212765,0.4333265928894444
combined_subject_features,h5__N3_epochs_median,0.0,False,False,0.0,322.0,173.0
combined_subject_features,h5__N3_percentage_median,0.02127659574468085,False,False,0.0338850883822273,0.3896620278330019,0.20947974724682317
combined_subject_features,h5__REM_epochs_median,0.0,False,False,0.0,349.5,207.0
combined_subject_features,h5__REM_percentage_median,0.02127659574468085,False,False,0.1099656357388316,0.4244083840432724,0.2583489916401056
combined_subject_features,h5__eeg1_mean_mean_median,0.0,False,False,-2.103910605933529e-14,6.620831940599482e-14,1.6643096630428536e-16
combined_subject_features,h5__eeg1_mean_std_median,0.0,False,False,1.4810250160168133e-14,4.0686075585102015e-12,6.669050122369208e-13
combined_subject_features,h5__eeg1_mean_median_median,0.0,False,False,-1.2081491787631883e-16,7.547924427142214e-16,0.0
combined_subject_features,h5__eeg1_std_mean_median,0.0,False,False,103.99126576970156,6237.271310378999,1196.8043525648677
combined_subject_features,h5__eeg1_std_std_median,0.0,False,False,484.3954617184668,42738.81929388533,12145.461072125883
combined_subject_features,h5__eeg1_std_median_median,0.0,False,False,10.96252939431319,282.67554846916596,39.2254648325589
combined_subject_features,h5__eeg1_iqr_mean_median,0.0,False,False,35.35673636978677,1331.316047615929,181.7985699115519
combined_subject_features,h5__eeg1_iqr_std_median,0.0,False,False,40.31313252904041,19468.18285603973,1936.7750604687496
combined_subject_features,h5__eeg1_iqr_median_median,0.0,False,False,13.43778216391771,231.3729500803153,36.183266711932255
combined_subject_features,h5__eeg1_skew_mean_median,0.0,False,False,-0.6734760831227306,0.616979753891523,-0.0891243301951326
combined_subject_features,h5__eeg1_skew_std_median,0.0,False,False,1.1764112083243343,3.937468758049502,2.0037752536104545
combined_subject_features,h5__eeg1_skew_median_median,0.0,False,False,-0.4590615308887753,0.4653367272140846,-0.1449683794310621
combined_subject_features,h5__eeg1_kurtosis_mean_median,0.0,False,False,6.1376518865624785,43.131844592539146,11.083547087738594
combined_subject_features,h5__eeg1_kurtosis_std_median,0.0,False,False,11.662268307945444,119.79321980941086,26.9450498159133
combined_subject_features,h5__eeg1_kurtosis_median_median,0.0,False,False,0.7701429914533493,15.469278757688784,2.4211015196093744
combined_subject_features,h5__eeg1_zero_crossings_mean_median,0.0,False,False,172.4390243902439,369.69300163891,259.39065420560746
combined_subject_features,h5__eeg1_zero_crossings_std_median,0.0,False,False,40.14653940938786,181.42466987292084,111.70901381529868
combined_subject_features,h5__eeg1_zero_crossings_median_median,0.0,False,False,172.5,370.5,249.0
combined_subject_features,h5__eeg1_hjorth_mobility_mean_median,0.0,False,False,0.0669996553754883,0.135389293212231,0.0960856353199414
combined_subject_features,h5__eeg1_hjorth_mobility_std_median,0.0,False,False,0.0258688108310808,0.1031451305186118,0.0476509526105287
combined_subject_features,h5__eeg1_hjorth_mobility_median_median,0.0,False,False,0.0609683344760018,0.1327752300123845,0.087199903871648
combined_subject_features,h5__eeg1_hjorth_complexity_mean_median,0.0,False,False,3.8302898696681393,6.502554371670447,5.271820345961604
combined_subject_features,h5__eeg1_hjorth_complexity_std_median,0.0,False,False,0.5613762549577694,4.23105396517043,2.387561965424483
combined_subject_features,h5__eeg1_hjorth_complexity_median_median,0.0,False,False,3.775128810256584,5.722273536760483,4.657953441438507
combined_subject_features,h5__eeg1_total_power_0p5_30_mean_median,0.0,False,False,275086.4307608238,1639060965.5927637,113183074.12990811
combined_subject_features,h5__eeg1_total_power_0p5_30_std_median,0.0,False,False,10970259.985118983,16482871784.924835,2322025884.4340153
combined_subject_features,h5__eeg1_total_power_0p5_30_median_median,0.0,False,False,111.39939823798576,58762.262877810586,1048.895415267291
combined_subject_features,h5__eeg1_delta_power_mean_median,0.0,False,False,214456.8265054805,1491958882.6050172,102195764.06286272
combined_subject_features,h5__eeg1_delta_power_std_median,0.0,False,False,8795923.271941539,14661058743.869265,2109751630.7978473
combined_subject_features,h5__eeg1_delta_power_median_median,0.0,False,False,87.71370343886878,45505.63890531329,895.600931336283
combined_subject_features,h5__eeg1_delta_relative_power_mean_median,0.0,False,False,0.7517559561094035,0.8849532409012764,0.8259025945396257
combined_subject_features,h5__eeg1_delta_relative_power_std_median,0.0,False,False,0.0816971844919814,0.2039473019378671,0.1254076210815642
combined_subject_features,h5__eeg1_delta_relative_power_median_median,0.0,False,False,0.7798388228329869,0.9255927500238592,0.8528594586986529
combined_subject_features,h5__eeg1_theta_power_mean_median,0.0,False,False,38345.267214969506,72000410.75096247,4171984.305515333
combined_subject_features,h5__eeg1_theta_power_std_median,0.0,False,False,1083771.1753686138,1388528926.224476,72185941.80295871
combined_subject_features,h5__eeg1_theta_power_median_median,0.0,False,False,12.25638947837204,6552.602180361034,67.77607177928735
combined_subject_features,h5__eeg1_theta_relative_power_mean_median,0.0,False,False,0.0616714628847674,0.120750585303903,0.0944538661088705
combined_subject_features,h5__eeg1_theta_relative_power_std_median,0.0,False,False,0.0427353416276028,0.0927418842896394,0.0618287082288081
combined_subject_features,h5__eeg1_theta_relative_power_median_median,0.0,False,False,0.0443937982264409,0.1120013830497997,0.0806875155625541
combined_subject_features,h5__eeg1_alpha_power_mean_median,0.0,False,False,8683.878718245267,10870979.422008589,678698.3359300144
combined_subject_features,h5__eeg1_alpha_power_std_median,0.0,False,False,310631.64766901423,185633319.00137532,16997779.903947294
combined_subject_features,h5__eeg1_alpha_power_median_median,0.0,False,False,4.016243720888625,958.622723151764,22.841891262897565
combined_subject_features,h5__eeg1_alpha_relative_power_mean_median,0.0,False,False,0.0174707414310909,0.0574310277999778,0.0325928788387809
combined_subject_features,h5__eeg1_alpha_relative_power_std_median,0.0,False,False,0.0172133700288971,0.0664479060749718,0.0310307488820803
combined_subject_features,h5__eeg1_alpha_relative_power_median_median,0.0,False,False,0.0105684338867298,0.0418241525042144,0.0240448353469964
combined_subject_features,h5__eeg1_sigma_power_mean_median,0.0,False,False,2710.7603748666784,2584653.601608333,193630.36228877265
combined_subject_features,h5__eeg1_sigma_power_std_median,0.0,False,False,107030.57940759136,50111256.56142767,4750370.28949888
combined_subject_features,h5__eeg1_sigma_power_median_median,0.0,False,False,2.012854362554068,204.66869535357145,8.810980670333237
combined_subject_features,h5__eeg1_sigma_relative_power_mean_median,0.0,False,False,0.0063498420560324,0.031773419454445,0.0138774516552232
combined_subject_features,h5__eeg1_sigma_relative_power_std_median,0.0,False,False,0.0066835706851676,0.0625284441521544,0.0147596062295751
combined_subject_features,h5__eeg1_sigma_relative_power_median_median,0.0,False,False,0.0031823721293747,0.0190613209315485,0.009268001449117
combined_subject_features,h5__eeg1_beta_power_mean_median,0.0,False,False,2585.007869296575,3229382.6934453812,149232.6885913947
combined_subject_features,h5__eeg1_beta_power_std_median,0.0,False,False,77046.34362712556,46757660.05349031,3623005.573555708
combined_subject_features,h5__eeg1_beta_power_median_median,0.0,False,False,2.6852819296559987,101.52721622346004,8.627376949952241
combined_subject_features,h5__eeg1_beta_relative_power_mean_median,0.0,False,False,0.0056150527756486,0.0353724345611608,0.0173298245553043
combined_subject_features,h5__eeg1_beta_relative_power_std_median,0.0,False,False,0.0067748443688987,0.0530720799718674,0.0202762298763131
combined_subject_features,h5__eeg1_beta_relative_power_median_median,0.0,False,False,0.0019708582845503,0.0257283483839339,0.008785079693967
combined_subject_features,h5__eeg1_theta_alpha_ratio_mean_median,0.0,False,False,2.5108792279699865,7.1885750295986846,4.681897281124097
combined_subject_features,h5__eeg1_theta_alpha_ratio_std_median,0.0,False,False,1.4360490767462195,9.46762644367793,5.0491813048561625
combined_subject_features,h5__eeg1_theta_alpha_ratio_median_median,0.0,False,False,1.9726357467325908,6.45793443617092,3.4936228502893165
combined_subject_features,h5__eeg1_delta_beta_ratio_mean_median,0.0,False,False,38.02724347697278,6420.766723501468,1069.0574906006027
combined_subject_features,h5__eeg1_delta_beta_ratio_std_median,0.0,False,False,48.94704426435941,118612.23390310486,6363.651932441634
combined_subject_features,h5__eeg1_delta_beta_ratio_median_median,0.0,False,False,30.1576679081607,381.6374209163362,98.4327401021636
combined_subject_features,h5__eeg1_delta_sigma_ratio_mean_median,0.0,False,False,49.38545680378754,4658.404984368534,709.8266853864259
combined_subject_features,h5__eeg1_delta_sigma_ratio_std_median,0.0,False,False,42.46715222069151,112214.70585360617,3402.7509897091895
combined_subject_features,h5__eeg1_delta_sigma_ratio_median_median,0.0,False,False,40.83963846815561,289.6251093373015,93.7427958321203
combined_subject_features,h5__eeg2_mean_mean_median,0.0,False,False,-9.122359856560149e-14,2.414546519445415e-13,-4.179232070152627e-16
combined_subject_features,h5__eeg2_mean_std_median,0.0,False,False,1.07803189134231e-13,4.147707352159858e-12,6.817341574271963e-13
combined_subject_features,h5__eeg2_mean_median_median,0.0,False,False,-2.89840298002261e-15,1.0572709765528261e-16,0.0
combined_subject_features,h5__eeg2_std_mean_median,0.0,False,False,226.34982143300545,6971.263139664556,1421.2056359148655
combined_subject_features,h5__eeg2_std_std_median,0.0,False,False,1664.381871987747,46676.18396209752,13500.967321650583
combined_subject_features,h5__eeg2_std_median_median,0.0,False,False,8.904116585032664,616.6405136540048,39.67821022692696
combined_subject_features,h5__eeg2_iqr_mean_median,0.0,False,False,35.08319896433957,2111.3858008580783,206.15624201906627
combined_subject_features,h5__eeg2_iqr_std_median,0.0,False,False,32.07075567996512,19678.380385112898,2011.0078607447267
combined_subject_features,h5__eeg2_iqr_median_median,0.0,False,False,11.635384691030822,166.3170763854061,35.07379152193301
combined_subject_features,h5__eeg2_skew_mean_median,0.0,False,False,-0.6290236162116757,1.4505624082155404,-0.16131222675123
combined_subject_features,h5__eeg2_skew_std_median,0.0,False,False,1.1635984596272966,3.4751893786566237,2.012418325612838
combined_subject_features,h5__eeg2_skew_median_median,0.0,False,False,-0.4408367657385432,0.61407276261385,-0.1800616177954392
combined_subject_features,h5__eeg2_kurtosis_mean_median,0.0,False,False,6.064860246562372,41.215948352218106,11.50179676754343
combined_subject_features,h5__eeg2_kurtosis_std_median,0.0,False,False,12.309862123003631,74.04269658561508,27.91666373789664
combined_subject_features,h5__eeg2_kurtosis_median_median,0.0,False,False,0.3577864991275461,16.60976443222612,2.499261970107867
combined_subject_features,h5__eeg2_zero_crossings_mean_median,0.0,False,False,163.32819584799006,480.18494623655914,260.7808161939917
combined_subject_features,h5__eeg2_zero_crossings_std_median,0.0,False,False,58.85559300557603,201.17294034743145,110.36320437098055
combined_subject_features,h5__eeg2_zero_crossings_median_median,0.0,False,False,149.5,487.0,253.0
combined_subject_features,h5__eeg2_hjorth_mobility_mean_median,0.0,False,False,0.0662154700373728,0.1968164675487297,0.0950282480437287
combined_subject_features,h5__eeg2_hjorth_mobility_std_median,0.0,False,False,0.0310125545355049,0.1015145374448152,0.0464974062381868
combined_subject_features,h5__eeg2_hjorth_mobility_median_median,0.0,False,False,0.0543778281518312,0.2020501994605788,0.0833987974074793
combined_subject_features,h5__eeg2_hjorth_complexity_mean_median,0.0,False,False,2.771898224143568,7.006116335655987,5.291489996837247
combined_subject_features,h5__eeg2_hjorth_complexity_std_median,0.0,False,False,0.6150807933557229,4.724254433194763,2.4603585796943475
combined_subject_features,h5__eeg2_hjorth_complexity_median_median,0.0,False,False,2.616179130856405,6.110422292712713,4.70402864803542
combined_subject_features,h5__eeg2_total_power_0p5_30_mean_median,0.0,False,False,1855194.8407764144,1912689565.1399205,129579509.8170392
combined_subject_features,h5__eeg2_total_power_0p5_30_std_median,0.0,False,False,29561218.57625195,19473314248.22203,2289052727.4361076
combined_subject_features,h5__eeg2_total_power_0p5_30_median_median,0.0,False,False,74.56593455334516,176474.26533747162,1133.8539774358296
combined_subject_features,h5__eeg2_delta_power_mean_median,0.0,False,False,1757550.022736994,1834850025.1017845,120920900.25153922
combined_subject_features,h5__eeg2_delta_power_std_median,0.0,False,False,27573188.114243697,17181777462.188133,2137313291.703053
combined_subject_features,h5__eeg2_delta_power_median_median,0.0,False,False,41.42877073344391,164480.04829433552,1015.0718326991716
combined_subject_features,h5__eeg2_delta_relative_power_mean_median,0.0,False,False,0.5646082117534693,0.9057686030399268,0.8338045284198367
combined_subject_features,h5__eeg2_delta_relative_power_std_median,0.0,False,False,0.082731283113603,0.2038727603570643,0.1204137488934813
combined_subject_features,h5__eeg2_delta_relative_power_median_median,0.0,False,False,0.5518156590488266,0.9369282744262616,0.8636410209292886
combined_subject_features,h5__eeg2_theta_power_mean_median,0.0,False,False,64866.3275874727,80222067.99073735,5268207.458542889
combined_subject_features,h5__eeg2_theta_power_std_median,0.0,False,False,1386279.792488401,1562400147.731312,79147595.76853453
combined_subject_features,h5__eeg2_theta_power_median_median,0.0,False,False,15.312914670210484,5538.020884901354,65.00502233202205
combined_subject_features,h5__eeg2_theta_relative_power_mean_median,0.0,False,False,0.0539705511632327,0.2005068700084891,0.0844015718221571
combined_subject_features,h5__eeg2_theta_relative_power_std_median,0.0,False,False,0.0395814774172555,0.1041779823566847,0.0599078249819026
combined_subject_features,h5__eeg2_theta_relative_power_median_median,0.0,False,False,0.0368880023028561,0.2023373881669541,0.0718919002887034
combined_subject_features,h5__eeg2_alpha_power_mean_median,0.0,False,False,13479.61993976422,12894926.809098242,956554.2076328668
combined_subject_features,h5__eeg2_alpha_power_std_median,0.0,False,False,333608.5275583527,208990063.04600853,18424254.17842014
combined_subject_features,h5__eeg2_alpha_power_median_median,0.0,False,False,6.7775588068357955,577.7710708455259,24.728506362960488
combined_subject_features,h5__eeg2_alpha_relative_power_mean_median,0.0,False,False,0.0139041083929223,0.0857983124962945,0.0326835048088217
combined_subject_features,h5__eeg2_alpha_relative_power_std_median,0.0,False,False,0.0168459243051977,0.0666104532947335,0.0305571792103993
combined_subject_features,h5__eeg2_alpha_relative_power_median_median,0.0,False,False,0.0051898608263126,0.0887984103566457,0.0218324173416086
combined_subject_features,h5__eeg2_sigma_power_mean_median,0.0,False,False,3656.4922425144,4536572.2532464005,331561.9027381906
combined_subject_features,h5__eeg2_sigma_power_std_median,0.0,False,False,66322.90181320015,77458486.5114,7521135.804381063
combined_subject_features,h5__eeg2_sigma_power_median_median,0.0,False,False,3.677768196743356,111.27328364544968,8.53570171249584
combined_subject_features,h5__eeg2_sigma_relative_power_mean_median,0.0,False,False,0.0064430420266704,0.0469443335627328,0.0130595884431774
combined_subject_features,h5__eeg2_sigma_relative_power_std_median,0.0,False,False,0.0067164689348774,0.0905302099297065,0.0136604636856295
combined_subject_features,h5__eeg2_sigma_relative_power_median_median,0.0,False,False,0.0012613495176968,0.0489960619486387,0.0082047580436894
combined_subject_features,h5__eeg2_beta_power_mean_median,0.0,False,False,3090.4642261943213,2777770.4211011557,217161.79394328376
combined_subject_features,h5__eeg2_beta_power_std_median,0.0,False,False,64889.88804590843,58735730.118707344,5151454.255404163
combined_subject_features,h5__eeg2_beta_power_median_median,0.0,False,False,3.481856422799451,72.71536001987948,7.325717126865354
combined_subject_features,h5__eeg2_beta_relative_power_mean_median,0.0,False,False,0.0071622460886042,0.0655009373338772,0.0157746318416643
combined_subject_features,h5__eeg2_beta_relative_power_std_median,0.0,False,False,0.0079298835653865,0.0426436039803784,0.0200363906818015
combined_subject_features,h5__eeg2_beta_relative_power_median_median,0.0,False,False,0.000802256923579,0.065383663988474,0.008099538574051
combined_subject_features,h5__eeg2_theta_alpha_ratio_mean_median,0.0,False,False,2.3829255991305978,10.319001050061322,5.041690335803127
combined_subject_features,h5__eeg2_theta_alpha_ratio_std_median,0.0,False,False,1.1538813810174082,20.36610928745895,5.75465169944021
combined_subject_features,h5__eeg2_theta_alpha_ratio_median_median,0.0,False,False,1.8184006399653865,7.07441065376112,3.4750066265520023
combined_subject_features,h5__eeg2_delta_beta_ratio_mean_median,0.0,False,False,16.488873460976837,21605.45058175718,1045.8881639603349
combined_subject_features,h5__eeg2_delta_beta_ratio_std_median,0.0,False,False,38.26189614236863,101423.2292629829,6572.38594104894
combined_subject_features,h5__eeg2_delta_beta_ratio_median_median,0.0,False,False,8.312148515494597,1128.7239605013256,107.38041541212608
combined_subject_features,h5__eeg2_delta_sigma_ratio_mean_median,0.0,False,False,20.281848683872344,8785.67563359539,693.3831412109105
combined_subject_features,h5__eeg2_delta_sigma_ratio_std_median,0.0,False,False,36.95310423852144,42594.7430218187,3382.966075065676
combined_subject_features,h5__eeg2_delta_sigma_ratio_median_median,0.0,False,False,11.2199181069056,759.3828790151213,99.81028683189513
combined_subject_features,h5__eeg3_mean_mean_median,0.0,False,False,-8.54177678819752e-14,2.45312422291919e-14,-1.7382761960797565e-15
combined_subject_features,h5__eeg3_mean_std_median,0.0,False,False,1.2316592078594426e-13,2.2486494030638933e-12,7.521270931962668e-13
combined_subject_features,h5__eeg3_mean_median_median,0.0,False,False,-5.438879846105437e-16,2.477508680086787e-15,0.0
combined_subject_features,h5__eeg3_std_mean_median,0.0,False,False,635.5593829817108,8893.67203213401,2668.645248076657
combined_subject_features,h5__eeg3_std_std_median,0.0,False,False,3165.802608997147,25973.07263869538,10741.282530430854
combined_subject_features,h5__eeg3_std_median_median,0.0,False,False,8.579369902448928,3241.4466228653814,402.0586823996862
combined_subject_features,h5__eeg3_iqr_mean_median,0.0,False,False,93.48892908359156,4637.341283834702,1132.1396297221772
combined_subject_features,h5__eeg3_iqr_std_median,0.0,False,False,442.4615287908141,10400.269423522115,2112.621092069043
combined_subject_features,h5__eeg3_iqr_median_median,0.0,False,False,11.168697033484143,2999.197678322089,510.6095004319485
combined_subject_features,h5__eeg3_skew_mean_median,0.0,False,False,-0.1689241394475898,0.5357066336026011,0.1929813581295227
combined_subject_features,h5__eeg3_skew_std_median,0.0,False,False,0.890538215299331,2.0826710967983155,1.4853877684121788
combined_subject_features,h5__eeg3_skew_median_median,0.0,False,False,-0.158240802630809,0.2663551220669723,0.0393914588598503
combined_subject_features,h5__eeg3_kurtosis_mean_median,0.0,False,False,2.0559562236101865,15.527656148446006,7.049755312739567
combined_subject_features,h5__eeg3_kurtosis_std_median,0.0,False,False,8.635538529381352,28.341022566418097,15.59538845062283
combined_subject_features,h5__eeg3_kurtosis_median_median,0.0,False,False,-0.9499363406710476,10.355534032990782,0.3254633426859388
combined_subject_features,h5__eeg3_zero_crossings_mean_median,0.0,False,False,77.04096834264432,429.09354838709675,118.19842699769086
combined_subject_features,h5__eeg3_zero_crossings_std_median,0.0,False,False,12.710147467983695,86.31513475499386,46.71461209819533
combined_subject_features,h5__eeg3_zero_crossings_median_median,0.0,False,False,75.0,435.0,108.5
combined_subject_features,h5__eeg3_hjorth_mobility_mean_median,0.0,False,False,0.0444589318152852,0.1807811477468914,0.0555625071895991
combined_subject_features,h5__eeg3_hjorth_mobility_std_median,0.0,False,False,0.0076638495743518,0.0484457917290918,0.0218493593383642
combined_subject_features,h5__eeg3_hjorth_mobility_median_median,0.0,False,False,0.0384865475629595,0.1778015149987431,0.0520992075208547
combined_subject_features,h5__eeg3_hjorth_complexity_mean_median,0.0,False,False,3.045577699159443,6.443432043569264,4.822051283362896
combined_subject_features,h5__eeg3_hjorth_complexity_std_median,0.0,False,False,0.527333747178797,3.4767204820008217,1.770426388439144
combined_subject_features,h5__eeg3_hjorth_complexity_median_median,0.0,False,False,2.9732644938501274,6.3510142866280965,4.684293679594099
combined_subject_features,h5__eeg3_total_power_0p5_30_mean_median,0.0,False,False,6522661.994709775,482168867.9030201,89466109.59232305
combined_subject_features,h5__eeg3_total_power_0p5_30_std_median,0.0,False,False,112581806.4821867,6011209735.32745,996498714.1197822
combined_subject_features,h5__eeg3_total_power_0p5_30_median_median,0.0,False,False,67.93625634180432,5161594.328304851,91801.43460056777
combined_subject_features,h5__eeg3_delta_power_mean_median,0.0,False,False,6094960.551350396,465718484.52221453,82522191.29235193
combined_subject_features,h5__eeg3_delta_power_std_median,0.0,False,False,111559315.31679703,5683147375.1234,930824625.66374
combined_subject_features,h5__eeg3_delta_power_median_median,0.0,False,False,44.58867381411208,4847083.30689801,88689.71132960237
combined_subject_features,h5__eeg3_delta_relative_power_mean_median,0.0,False,False,0.6523784470783976,0.963101990910491,0.9175099635127976
combined_subject_features,h5__eeg3_delta_relative_power_std_median,0.0,False,False,0.0189874099173217,0.1404990663441979,0.0661941169377082
combined_subject_features,h5__eeg3_delta_relative_power_median_median,0.0,False,False,0.6474068418149116,0.9657896020678168,0.9370349605400234
combined_subject_features,h5__eeg3_theta_power_mean_median,0.0,False,False,133694.96273047922,20178979.503691792,2737631.044171394
combined_subject_features,h5__eeg3_theta_power_std_median,0.0,False,False,597797.3859567618,359671745.804365,39204016.3405327
combined_subject_features,h5__eeg3_theta_power_median_median,0.0,False,False,10.996717914512647,188294.6559649182,4007.4713379174177
combined_subject_features,h5__eeg3_theta_relative_power_mean_median,0.0,False,False,0.0305753068643092,0.1544614179647162,0.0515936505400205
combined_subject_features,h5__eeg3_theta_relative_power_std_median,0.0,False,False,0.0144151324765887,0.086104879908007,0.042769013740414
combined_subject_features,h5__eeg3_theta_relative_power_median_median,0.0,False,False,0.0264580478084539,0.1565944584394187,0.0397870995747088
combined_subject_features,h5__eeg3_alpha_power_mean_median,0.0,False,False,31601.26867101402,2723754.2356547536,463163.2907327116
combined_subject_features,h5__eeg3_alpha_power_std_median,0.0,False,False,228356.65834701844,49980402.78667864,6709785.729588174
combined_subject_features,h5__eeg3_alpha_power_median_median,0.0,False,False,4.732588105545193,24037.661081119604,567.2524453899348
combined_subject_features,h5__eeg3_alpha_relative_power_mean_median,0.0,False,False,0.0022260131562871,0.0683808818971403,0.0109738029093085
combined_subject_features,h5__eeg3_alpha_relative_power_std_median,0.0,False,False,0.0021844509027443,0.0427328254993336,0.01338787128385
combined_subject_features,h5__eeg3_alpha_relative_power_median_median,0.0,False,False,0.0017505657357597,0.0694148338956633,0.0060305412530328
combined_subject_features,h5__eeg3_sigma_power_mean_median,0.0,False,False,2484.4311279035055,836394.6153877372,124770.027709816
combined_subject_features,h5__eeg3_sigma_power_std_median,0.0,False,False,14448.582702958633,14176286.8177355,2256969.0525734453
combined_subject_features,h5__eeg3_sigma_power_median_median,0.0,False,False,2.5415997175285847,3025.5953996704256,134.68526100235175
combined_subject_features,h5__eeg3_sigma_relative_power_mean_median,0.0,False,False,0.0004729628089089,0.0384177423271134,0.0030402549485339
combined_subject_features,h5__eeg3_sigma_relative_power_std_median,0.0,False,False,0.0006293470291372,0.0158932556355425,0.0044842847377837
combined_subject_features,h5__eeg3_sigma_relative_power_median_median,0.0,False,False,0.0003423304393284,0.0374870282109919,0.0016248249689847
combined_subject_features,h5__eeg3_beta_power_mean_median,0.0,False,False,1396.0220909169034,678083.2723190116,83357.8785442737
combined_subject_features,h5__eeg3_beta_power_std_median,0.0,False,False,6194.2293969985985,10660135.696437508,1535937.2233200383
combined_subject_features,h5__eeg3_beta_power_median_median,0.0,False,False,3.3854707830441617,673.4290328971732,84.1915751457615
combined_subject_features,h5__eeg3_beta_relative_power_mean_median,0.0,False,False,0.0001940150621734,0.0572629249754711,0.0025003853359958
combined_subject_features,h5__eeg3_beta_relative_power_std_median,0.0,False,False,0.0001676690538378,0.0332093279113189,0.004612727205157
combined_subject_features,h5__eeg3_beta_relative_power_median_median,0.0,False,False,0.0001682635798914,0.051105726991148,0.0007920271727776
combined_subject_features,h5__eeg3_theta_alpha_ratio_mean_median,0.0,False,False,2.3801950229745215,17.082903982390075,8.388747599096256
combined_subject_features,h5__eeg3_theta_alpha_ratio_std_median,0.0,False,False,0.7790962640146393,12.978961364140506,7.5192750742451056
combined_subject_features,h5__eeg3_theta_alpha_ratio_median_median,0.0,False,False,2.288134681346926,16.020388757625888,6.201348555159954
combined_subject_features,h5__eeg3_delta_beta_ratio_mean_median,0.0,False,False,25.552072154086257,13110.460595278986,4830.027635635286
combined_subject_features,h5__eeg3_delta_beta_ratio_std_median,0.0,False,False,132.80543162491503,102636.80038698236,11689.747943867698
combined_subject_features,h5__eeg3_delta_beta_ratio_median_median,0.0,False,False,12.6118469616032,5670.568728234722,1185.888338418306
combined_subject_features,h5__eeg3_delta_sigma_ratio_mean_median,0.0,False,False,27.554114405755502,7157.928740226698,2033.2383872410303
combined_subject_features,h5__eeg3_delta_sigma_ratio_std_median,0.0,False,False,103.11025276776802,37784.11812720784,4458.489739133531
combined_subject_features,h5__eeg3_delta_sigma_ratio_median_median,0.0,False,False,17.180128187227716,2834.970504450581,564.0738969932303
combined_subject_features,h5__eeg4_mean_mean_median,0.0,False,False,-3.0537717515793146e-14,1.6837912808085715e-14,-4.272954048965682e-16
combined_subject_features,h5__eeg4_mean_std_median,0.0,False,False,2.0210785628073623e-14,2.4163958408526467e-12,4.5148164018527474e-13
combined_subject_features,h5__eeg4_mean_median_median,0.0,False,False,-1.8115018625141316e-16,3.01957072301769e-17,0.0
combined_subject_features,h5__eeg4_std_mean_median,0.0,False,False,86.93843727372001,8289.822273912912,1071.9543087513428
combined_subject_features,h5__eeg4_std_std_median,0.0,False,False,1120.3720266098449,30962.59867663495,10514.6927536115
combined_subject_features,h5__eeg4_std_median_median,0.0,False,False,10.781016338262267,211.03220910493857,27.75056451753172
combined_subject_features,h5__eeg4_iqr_mean_median,0.0,False,False,23.489681820724396,1498.0713201611247,140.39224131414355
combined_subject_features,h5__eeg4_iqr_std_median,0.0,False,False,38.267362361697096,6502.138269421038,1105.7990779908646
combined_subject_features,h5__eeg4_iqr_median_median,0.0,False,False,10.3086634982699,103.7001967659798,24.530662899463003
combined_subject_features,h5__eeg4_skew_mean_median,0.0,False,False,-0.4558409302250403,0.7407389404474329,-0.1049015574958937
combined_subject_features,h5__eeg4_skew_std_median,0.0,False,False,0.9062175067387946,2.9372918741924625,1.8985995908113484
combined_subject_features,h5__eeg4_skew_median_median,0.0,False,False,-0.4058546034240434,0.3419711106457914,-0.0218126859357619
combined_subject_features,h5__eeg4_kurtosis_mean_median,0.0,False,False,4.954779337357165,20.314381279453777,10.177289536888662
combined_subject_features,h5__eeg4_kurtosis_std_median,0.0,False,False,11.573271604911554,51.39571526306539,27.19173303608669
combined_subject_features,h5__eeg4_kurtosis_median_median,0.0,False,False,0.8670797957336314,13.221181154969544,2.482291681013824
combined_subject_features,h5__eeg4_zero_crossings_mean_median,0.0,False,False,175.34997255037516,407.71020130312166,279.2692648361382
combined_subject_features,h5__eeg4_zero_crossings_std_median,0.0,False,False,47.53233865905177,201.2018607821777,132.64200388932056
combined_subject_features,h5__eeg4_zero_crossings_median_median,0.0,False,False,146.5,440.5,258.5
combined_subject_features,h5__eeg4_hjorth_mobility_mean_median,0.0,False,False,0.0651411885271083,0.1466134285547614,0.0973188698494041
combined_subject_features,h5__eeg4_hjorth_mobility_std_median,0.0,False,False,0.0216588285319332,0.072923001210676,0.0555501553649905
combined_subject_features,h5__eeg4_hjorth_mobility_median_median,0.0,False,False,0.0511909843423101,0.1507321359531934,0.0830392915256234
combined_subject_features,h5__eeg4_hjorth_complexity_mean_median,0.0,False,False,3.576354370886278,8.185062657655415,5.7335561742457095
combined_subject_features,h5__eeg4_hjorth_complexity_std_median,0.0,False,False,0.5729775302969933,4.436575051705098,2.944789390722882
combined_subject_features,h5__eeg4_hjorth_complexity_median_median,0.0,False,False,3.4409728082588886,7.853118409797764,4.986706314656616
combined_subject_features,h5__eeg4_total_power_0p5_30_mean_median,0.0,False,False,1296095.5256417077,887222976.982532,73409726.04894999
combined_subject_features,h5__eeg4_total_power_0p5_30_std_median,0.0,False,False,38472094.63599322,10164585357.08812,895931520.5815792
combined_subject_features,h5__eeg4_total_power_0p5_30_median_median,0.0,False,False,105.42496609475909,15436.288371916662,430.2619054017731
combined_subject_features,h5__eeg4_delta_power_mean_median,0.0,False,False,1007379.9283729896,859162794.5623454,65563573.25416227
combined_subject_features,h5__eeg4_delta_power_std_median,0.0,False,False,29889353.54642568,9874549516.822067,812788184.6108181
combined_subject_features,h5__eeg4_delta_power_median_median,0.0,False,False,79.76868356417114,14317.731998373083,373.2151467754997
combined_subject_features,h5__eeg4_delta_relative_power_mean_median,0.0,False,False,0.7413892583358835,0.9351801776333653,0.8435737505709557
combined_subject_features,h5__eeg4_delta_relative_power_std_median,0.0,False,False,0.0648733664178778,0.1784341263373773,0.1190571448739691
combined_subject_features,h5__eeg4_delta_relative_power_median_median,0.0,False,False,0.7339800646786981,0.9571327559680688,0.8781548437216573
combined_subject_features,h5__eeg4_theta_power_mean_median,0.0,False,False,173536.8423181229,27773182.403371077,2837652.802923946
combined_subject_features,h5__eeg4_theta_power_std_median,0.0,False,False,2953430.7401226317,489005849.625726,37431257.2755883
combined_subject_features,h5__eeg4_theta_power_median_median,0.0,False,False,7.436118832285176,361.60951596822366,21.627185648919227
combined_subject_features,h5__eeg4_theta_relative_power_mean_median,0.0,False,False,0.0334549913063909,0.1255800931175692,0.069554268789621
combined_subject_features,h5__eeg4_theta_relative_power_std_median,0.0,False,False,0.0322293612169806,0.0935829142537151,0.0488705810599127
combined_subject_features,h5__eeg4_theta_relative_power_median_median,0.0,False,False,0.0231808481825038,0.1280801456284181,0.0621916150349295
combined_subject_features,h5__eeg4_alpha_power_mean_median,0.0,False,False,25156.113698643218,3542255.108613885,473303.7223097986
combined_subject_features,h5__eeg4_alpha_power_std_median,0.0,False,False,558761.2741060918,64769223.53214727,7926198.522438816
combined_subject_features,h5__eeg4_alpha_power_median_median,0.0,False,False,2.956631024383435,73.85981194292677,8.366085897057932
combined_subject_features,h5__eeg4_alpha_relative_power_mean_median,0.0,False,False,0.0095047722752375,0.0490728857447925,0.0290610621780866
combined_subject_features,h5__eeg4_alpha_relative_power_std_median,0.0,False,False,0.0127744938653996,0.0476764331173234,0.0283105579852713
combined_subject_features,h5__eeg4_alpha_relative_power_median_median,0.0,False,False,0.0046009226720859,0.0500275813401941,0.0182845324181852
combined_subject_features,h5__eeg4_sigma_power_mean_median,0.0,False,False,7093.45873135719,1445778.408435637,137768.65159027462
combined_subject_features,h5__eeg4_sigma_power_std_median,0.0,False,False,210803.66034353312,24832217.09375053,2370816.3399591497
combined_subject_features,h5__eeg4_sigma_power_median_median,0.0,False,False,1.668153818457332,27.819848763256168,3.78441787023325
combined_subject_features,h5__eeg4_sigma_relative_power_mean_median,0.0,False,False,0.0046789328129526,0.0388906791719743,0.0161757293921249
combined_subject_features,h5__eeg4_sigma_relative_power_std_median,0.0,False,False,0.0064955936196361,0.0422832598953129,0.017489935311842
combined_subject_features,h5__eeg4_sigma_relative_power_median_median,0.0,False,False,0.0020422268961492,0.026508920114353,0.0091643271412349
combined_subject_features,h5__eeg4_beta_power_mean_median,0.0,False,False,7325.392276489254,1473275.1162969696,91270.33763931764
combined_subject_features,h5__eeg4_beta_power_std_median,0.0,False,False,169395.24076882814,27362885.193378504,1502305.8279417402
combined_subject_features,h5__eeg4_beta_power_median_median,0.0,False,False,1.3795448211433583,34.93819089064116,3.768139253771467
combined_subject_features,h5__eeg4_beta_relative_power_mean_median,0.0,False,False,0.0098739220406428,0.0479221061313911,0.0220399815801621
combined_subject_features,h5__eeg4_beta_relative_power_std_median,0.0,False,False,0.0106475559615358,0.0576235625747515,0.0287699270665184
combined_subject_features,h5__eeg4_beta_relative_power_median_median,0.0,False,False,0.0022544284079532,0.0350115658962296,0.0102279624241477
combined_subject_features,h5__eeg4_theta_alpha_ratio_mean_median,0.0,False,False,2.6377772658146257,7.8406196780656545,4.779497739337073
combined_subject_features,h5__eeg4_theta_alpha_ratio_std_median,0.0,False,False,0.695693227778466,15.088392971938038,6.086336525678776
combined_subject_features,h5__eeg4_theta_alpha_ratio_median_median,0.0,False,False,1.9038240785962928,5.262491869110307,3.2314933632574236
combined_subject_features,h5__eeg4_delta_beta_ratio_mean_median,0.0,False,False,30.89147704646777,22940.61289444825,1361.8339524857884
combined_subject_features,h5__eeg4_delta_beta_ratio_std_median,0.0,False,False,81.15562124358185,142491.0050562034,8755.871967722076
combined_subject_features,h5__eeg4_delta_beta_ratio_median_median,0.0,False,False,20.96315605996856,408.8695270748549,85.69736578165417
combined_subject_features,h5__eeg4_delta_sigma_ratio_mean_median,0.0,False,False,36.63018017588268,14816.243029822614,1015.268479164041
combined_subject_features,h5__eeg4_delta_sigma_ratio_std_median,0.0,False,False,50.36247668198224,92691.65249149934,5187.787747431324
combined_subject_features,h5__eeg4_delta_sigma_ratio_median_median,0.0,False,False,28.226862646558995,469.32867744622945,95.96032205327714
combined_subject_features,h5__n_epochs_std,0.06382978723404255,False,False,110.31621216605774,1280.732732982699,648.8363516692244
combined_subject_features,h5__wake_epochs_std,0.06382978723404255,False,False,18.85691738681944,1054.115268839229,537.9684994955874
combined_subject_features,h5__sleep_epochs_std,0.06382978723404255,False,False,79.39521396154808,851.0465779132055,261.23897655323753
combined_subject_features,h5__tst_minutes_from_hypnogram_std,0.06382978723404255,False,False,39.69760698077404,425.5232889566027,130.61948827661877
combined_subject_features,h5__sleep_efficiency_epoch_ratio_std,0.06382978723404255,False,False,0.0138698015662691,0.5058361170896402,0.27421101864081476
combined_subject_features,h5__Wake_epochs_std,0.06382978723404255,False,False,18.85691738681944,1054.115268839229,537.9684994955874
combined_subject_features,h5__Wake_percentage_std,1.0,True,True,,,
combined_subject_features,h5__N1_epochs_std,0.06382978723404255,False,False,8.348438690643214,107.04703016275916,23.746710852783487
combined_subject_features,h5__N1_percentage_std,0.06382978723404255,False,False,0.0091970424772069,0.1728059165617911,0.02451858885330915
combined_subject_features,h5__N2_epochs_std,0.06382978723404255,False,False,35.92932878118747,290.041807331288,157.57252946320227
combined_subject_features,h5__N2_percentage_std,0.06382978723404255,False,False,0.0226886948185861,0.2156499032291814,0.09467445145687786
combined_subject_features,h5__N3_epochs_std,0.06382978723404255,False,False,16.551506908809873,179.8152601360012,75.16633997173128
combined_subject_features,h5__N3_percentage_std,0.06382978723404255,False,False,0.0229570119846854,0.2696646175406783,0.09051949091147354
combined_subject_features,h5__REM_epochs_std,0.06382978723404255,False,False,29.489707647632876,880.6640171547325,83.48886497272179
combined_subject_features,h5__REM_percentage_std,0.06382978723404255,False,False,0.0169914899510127,0.2943875354036098,0.07130321594142386
combined_subject_features,h5__eeg1_mean_mean_std,0.06382978723404255,False,False,2.441955738223661e-15,2.3043940628687233e-13,3.344824130943598e-14
combined_subject_features,h5__eeg1_mean_std_std,0.06382978723404255,False,False,8.233727026643078e-14,3.5190756999422197e-12,8.798805600072515e-13
combined_subject_features,h5__eeg1_mean_median_std,0.06382978723404255,False,False,2.083604306001127e-17,1.3201762495157512e-15,1.1768713091086157e-16
combined_subject_features,h5__eeg1_std_mean_std,0.06382978723404255,False,False,130.19376568574404,29250.086773208932,1160.7842799112505
combined_subject_features,h5__eeg1_std_std_std,0.06382978723404255,False,False,1681.63135488521,69261.2705297999,7597.322626063809
combined_subject_features,h5__eeg1_std_median_std,0.06382978723404255,False,False,6.804787673979567,3280.3647689732543,26.327026181633414
combined_subject_features,h5__eeg1_iqr_mean_std,0.06382978723404255,False,False,21.82142471113764,29377.590438291627,226.8193326186203
combined_subject_features,h5__eeg1_iqr_std_std,0.06382978723404255,False,False,134.8727972866371,94627.9066182095,2270.2930931311394
combined_subject_features,h5__eeg1_iqr_median_std,0.06382978723404255,False,False,3.313351249172962,404.55899408686435,17.76421387123431
combined_subject_features,h5__eeg1_skew_mean_std,0.06382978723404255,False,False,0.1173242078101544,0.7823547632827174,0.3534732153671032
combined_subject_features,h5__eeg1_skew_std_std,0.06382978723404255,False,False,0.1292780818133525,1.0270824820533628,0.4265966828071833
combined_subject_features,h5__eeg1_skew_median_std,0.06382978723404255,False,False,0.0449966860973354,0.8564500566549942,0.22977443681762855
combined_subject_features,h5__eeg1_kurtosis_mean_std,0.06382978723404255,False,False,1.3771210577157198,10.629751261282845,4.886106129976959
combined_subject_features,h5__eeg1_kurtosis_std_std,0.06382978723404255,False,False,2.8470000783518423,35.49728086839039,8.499915554629238
combined_subject_features,h5__eeg1_kurtosis_median_std,0.06382978723404255,False,False,0.4406826042606714,7.534031126553609,3.1323217176809237
combined_subject_features,h5__eeg1_zero_crossings_mean_std,0.06382978723404255,False,False,11.213562166767638,114.37691968087216,40.97103179418238
combined_subject_features,h5__eeg1_zero_crossings_std_std,0.06382978723404255,False,False,7.345531112756451,113.64598859069258,29.98317523732821
combined_subject_features,h5__eeg1_zero_crossings_median_std,0.06382978723404255,False,False,8.6216781042517,122.8504341330004,45.80925528508068
combined_subject_features,h5__eeg1_hjorth_mobility_mean_std,0.06382978723404255,False,False,0.000550756165031,0.0393601776087631,0.013716318766644
combined_subject_features,h5__eeg1_hjorth_mobility_std_std,0.06382978723404255,False,False,0.0022443519725013,0.0494529068930697,0.01277431197983745
combined_subject_features,h5__eeg1_hjorth_mobility_median_std,0.06382978723404255,False,False,0.0037793970265541,0.0463281349235934,0.01342568696809795
combined_subject_features,h5__eeg1_hjorth_complexity_mean_std,0.06382978723404255,False,False,0.1897033701357705,1.3441535355100451,0.5300548033936706
combined_subject_features,h5__eeg1_hjorth_complexity_std_std,0.06382978723404255,False,False,0.1421704695151517,1.0737932004664117,0.47296174546545716
combined_subject_features,h5__eeg1_hjorth_complexity_median_std,0.06382978723404255,False,False,0.1729793288709394,1.4249138748450123,0.48887122378139314
combined_subject_features,h5__eeg1_total_power_0p5_30_mean_std,0.06382978723404255,False,False,5722345.2618769,17391765254.176666,159505382.96599114
combined_subject_features,h5__eeg1_total_power_0p5_30_std_std,0.06382978723404255,False,False,117523593.78461312,71469615757.57242,2605949291.5329275
combined_subject_features,h5__eeg1_total_power_0p5_30_median_std,0.06382978723404255,False,False,273.98303000591164,26205332.621105332,2272.1683868638756
combined_subject_features,h5__eeg1_delta_power_mean_std,0.06382978723404255,False,False,5333548.872480223,14409306847.62802,151967679.63849354
combined_subject_features,h5__eeg1_delta_power_std_std,0.06382978723404255,False,False,113448975.61325689,57138462073.44708,2469129772.3450556
combined_subject_features,h5__eeg1_delta_power_median_std,0.06382978723404255,False,False,233.15639497337705,22751595.31962964,2075.626397773614
combined_subject_features,h5__eeg1_delta_relative_power_mean_std,0.06382978723404255,False,False,0.0127770007985763,0.0693216279491128,0.029140733364663697
combined_subject_features,h5__eeg1_delta_relative_power_std_std,0.06382978723404255,False,False,0.0075711319871578,0.0454043657145527,0.0166388763947787
combined_subject_features,h5__eeg1_delta_relative_power_median_std,0.06382978723404255,False,False,0.0119528719178757,0.0952251615180563,0.03339104832752805
combined_subject_features,h5__eeg1_theta_power_mean_std,0.06382978723404255,False,False,279030.1933777484,2176414342.779631,7023995.236678507
combined_subject_features,h5__eeg1_theta_power_std_std,0.06382978723404255,False,False,3221679.580323248,11307468221.757215,159040967.19900632
combined_subject_features,h5__eeg1_theta_power_median_std,0.06382978723404255,False,False,12.58569928755154,442105.09581829,106.94074562457516
combined_subject_features,h5__eeg1_theta_relative_power_mean_std,0.06382978723404255,False,False,0.006563802047632,0.0380233011764739,0.014231476840614151
combined_subject_features,h5__eeg1_theta_relative_power_std_std,0.06382978723404255,False,False,0.0030419422768066,0.0317783746370814,0.0068052303265711
combined_subject_features,h5__eeg1_theta_relative_power_median_std,0.06382978723404255,False,False,0.0069684640442403,0.0360549499583131,0.0181010640507256
combined_subject_features,h5__eeg1_alpha_power_mean_std,0.06382978723404255,False,False,41229.27232962136,252120456.99509797,1152970.2686855074
combined_subject_features,h5__eeg1_alpha_power_std_std,0.06382978723404255,False,False,482498.74770689814,1581947464.5932562,24723404.928942554
combined_subject_features,h5__eeg1_alpha_power_median_std,0.06382978723404255,False,False,2.7914615985457805,33532.82352796716,21.337163149520762
combined_subject_features,h5__eeg1_alpha_relative_power_mean_std,0.06382978723404255,False,False,0.0023914349836646,0.0241136082073491,0.00897546640854865
combined_subject_features,h5__eeg1_alpha_relative_power_std_std,0.06382978723404255,False,False,0.0018932342767836,0.03880966167742,0.0077175140802257
combined_subject_features,h5__eeg1_alpha_relative_power_median_std,0.06382978723404255,False,False,0.0018736430148602,0.0222052032272026,0.0088056163607886
combined_subject_features,h5__eeg1_sigma_power_mean_std,0.06382978723404255,False,False,12291.481899866882,71893959.48752543,439354.0407311784
combined_subject_features,h5__eeg1_sigma_power_std_std,0.06382978723404255,False,False,122665.45560706592,478889965.448065,9049540.852164168
combined_subject_features,h5__eeg1_sigma_power_median_std,0.06382978723404255,False,False,1.29231075126451,9858.130432650032,8.55932695786931
combined_subject_features,h5__eeg1_sigma_relative_power_mean_std,0.06382978723404255,False,False,0.0012755234655334,0.018787288088456,0.0035296178801039
combined_subject_features,h5__eeg1_sigma_relative_power_std_std,0.06382978723404255,False,False,0.0006406016932445,0.0171166014755581,0.00300708807991055
combined_subject_features,h5__eeg1_sigma_relative_power_median_std,0.06382978723404255,False,False,0.001201752551506,0.0251888169699467,0.0033426236738785
combined_subject_features,h5__eeg1_beta_power_mean_std,0.06382978723404255,False,False,8231.856938879551,50003369.624023326,293464.27970216604
combined_subject_features,h5__eeg1_beta_power_std_std,0.06382978723404255,False,False,95013.99975860852,409632671.6958537,7209319.723809844
combined_subject_features,h5__eeg1_beta_power_median_std,0.06382978723404255,False,False,2.4506527292751,5234.021604002482,16.3904056156035
combined_subject_features,h5__eeg1_beta_relative_power_mean_std,0.06382978723404255,False,False,0.0013240668007442,0.0216273698691834,0.0056822038168074
combined_subject_features,h5__eeg1_beta_relative_power_std_std,0.06382978723404255,False,False,0.0004588287243279,0.0408289936098398,0.008921145721230199
combined_subject_features,h5__eeg1_beta_relative_power_median_std,0.06382978723404255,False,False,0.0007582817514402,0.0281619852297678,0.00360676632703205
combined_subject_features,h5__eeg1_theta_alpha_ratio_mean_std,0.06382978723404255,False,False,0.180292947545048,4.361469136299152,1.0939911324585105
combined_subject_features,h5__eeg1_theta_alpha_ratio_std_std,0.06382978723404255,False,False,0.8567144390620246,17.06260204947714,1.7962852255462196
combined_subject_features,h5__eeg1_theta_alpha_ratio_median_std,0.06382978723404255,False,False,0.0761523783854742,2.4374332113424853,0.7646008443428103
combined_subject_features,h5__eeg1_delta_beta_ratio_mean_std,0.06382978723404255,False,False,126.49384408728214,22060.11031267118,919.0047892295136
combined_subject_features,h5__eeg1_delta_beta_ratio_std_std,0.06382978723404255,False,False,586.2241692670657,176175.69787563576,8734.102208447788
combined_subject_features,h5__eeg1_delta_beta_ratio_median_std,0.06382978723404255,False,False,11.479815013841462,980.0289956227916,45.27372816550584
combined_subject_features,h5__eeg1_delta_sigma_ratio_mean_std,0.06382978723404255,False,False,94.83699316215196,8094.180693512229,572.7983194479996
combined_subject_features,h5__eeg1_delta_sigma_ratio_std_std,0.06382978723404255,False,False,564.3697156786961,49180.26061966953,4310.9229034136715
combined_subject_features,h5__eeg1_delta_sigma_ratio_median_std,0.06382978723404255,False,False,13.417226407862527,346.83314453356934,50.19010580595558
combined_subject_features,h5__eeg2_mean_mean_std,0.06382978723404255,False,False,3.997958391106752e-15,3.0789918503816274e-13,4.498290429924335e-14
combined_subject_features,h5__eeg2_mean_std_std,0.06382978723404255,False,False,9.767704949110345e-14,6.884298757668321e-12,9.58646962605333e-13
combined_subject_features,h5__eeg2_mean_median_std,0.06382978723404255,False,False,3.262715670663301e-17,7.316706491048685e-14,1.1695919401795966e-16
combined_subject_features,h5__eeg2_std_mean_std,0.06382978723404255,False,False,221.33922230413808,50087.074589766955,1573.0232216232844
combined_subject_features,h5__eeg2_std_std_std,0.06382978723404255,False,False,2377.4865699898273,91805.38312935426,8485.62895635733
combined_subject_features,h5__eeg2_std_median_std,0.06382978723404255,False,False,2.7317279552491827,10030.101678961655,29.776329343032895
combined_subject_features,h5__eeg2_iqr_mean_std,0.06382978723404255,False,False,21.03886018161444,53143.442629640966,335.7874090611582
combined_subject_features,h5__eeg2_iqr_std_std,0.06382978723404255,False,False,323.6744534290278,132842.0262735086,2491.380185287468
combined_subject_features,h5__eeg2_iqr_median_std,0.06382978723404255,False,False,2.3568536184729183,1617.01984970314,18.20857393357523
combined_subject_features,h5__eeg2_skew_mean_std,0.06382978723404255,False,False,0.0856892767808088,0.8377011196214131,0.32059489112509937
combined_subject_features,h5__eeg2_skew_std_std,0.06382978723404255,False,False,0.150496210030241,0.7741824512480848,0.41306374054713124
combined_subject_features,h5__eeg2_skew_median_std,0.06382978723404255,False,False,0.0429759255500585,0.8277283438249188,0.1841773721814792
combined_subject_features,h5__eeg2_kurtosis_mean_std,0.06382978723404255,False,False,1.1060768153654807,11.820237657283924,4.546139771269318
combined_subject_features,h5__eeg2_kurtosis_std_std,0.06382978723404255,False,False,3.170710349287958,29.176449795616787,8.705471833255253
combined_subject_features,h5__eeg2_kurtosis_median_std,0.06382978723404255,False,False,0.4294071320412988,6.609294191815343,3.259428851360729
combined_subject_features,h5__eeg2_zero_crossings_mean_std,0.06382978723404255,False,False,10.597483426176774,127.77697161769665,36.23720733523224
combined_subject_features,h5__eeg2_zero_crossings_std_std,0.06382978723404255,False,False,6.068629009736009,142.31241918259738,29.503075734673082
combined_subject_features,h5__eeg2_zero_crossings_median_std,0.06382978723404255,False,False,7.112196097783952,103.03751339520312,39.2652015451064
combined_subject_features,h5__eeg2_hjorth_mobility_mean_std,0.06382978723404255,False,False,0.0026430174730644,0.0384020016976912,0.013309060424980649
combined_subject_features,h5__eeg2_hjorth_mobility_std_std,0.06382978723404255,False,False,0.0009778621886539,0.0621442764770296,0.011499742186707199
combined_subject_features,h5__eeg2_hjorth_mobility_median_std,0.06382978723404255,False,False,0.0053263367768956,0.0338327716311542,0.01217276511343845
combined_subject_features,h5__eeg2_hjorth_complexity_mean_std,0.06382978723404255,False,False,0.2137868294021498,2.3814655790675356,0.5247272552596669
combined_subject_features,h5__eeg2_hjorth_complexity_std_std,0.06382978723404255,False,False,0.2128666423078979,1.4378747053836942,0.4435349938714066
combined_subject_features,h5__eeg2_hjorth_complexity_median_std,0.06382978723404255,False,False,0.1292270684367195,2.5969265860627093,0.4471863044174777
combined_subject_features,h5__eeg2_total_power_0p5_30_mean_std,0.06382978723404255,False,False,17586108.302168418,32938712276.78499,233315675.43182534
combined_subject_features,h5__eeg2_total_power_0p5_30_std_std,0.06382978723404255,False,False,139186860.27380824,122312558001.8874,3447764337.2080936
combined_subject_features,h5__eeg2_total_power_0p5_30_median_std,0.06382978723404255,False,False,185.7099450817452,183533460.69878772,2695.029742185797
combined_subject_features,h5__eeg2_delta_power_mean_std,0.06382978723404255,False,False,16697757.582777662,27449724069.14966,222134418.60643542
combined_subject_features,h5__eeg2_delta_power_std_std,0.06382978723404255,False,False,134096224.44777182,92471655471.42513,3195311197.6353383
combined_subject_features,h5__eeg2_delta_power_median_std,0.06382978723404255,False,False,182.38435601535423,181834322.79966745,2338.679069208535
combined_subject_features,h5__eeg2_delta_relative_power_mean_std,0.06382978723404255,False,False,0.013032913255762,0.0629814526927907,0.0274123649412896
combined_subject_features,h5__eeg2_delta_relative_power_std_std,0.06382978723404255,False,False,0.0060325215763631,0.07476210763088,0.01663735366260695
combined_subject_features,h5__eeg2_delta_relative_power_median_std,0.06382978723404255,False,False,0.0104893366538155,0.0743385499759758,0.0359613770791598
combined_subject_features,h5__eeg2_theta_power_mean_std,0.06382978723404255,False,False,576110.359582905,3954489277.484216,10182709.529153582
combined_subject_features,h5__eeg2_theta_power_std_std,0.06382978723404255,False,False,4486589.797122304,24841412202.287693,208566310.95748192
combined_subject_features,h5__eeg2_theta_power_median_std,0.06382978723404255,False,False,2.683981035465523,1214845.886328468,152.98649742327237
combined_subject_features,h5__eeg2_theta_relative_power_mean_std,0.06382978723404255,False,False,0.0042057580987002,0.0407139006667527,0.0132736474149441
combined_subject_features,h5__eeg2_theta_relative_power_std_std,0.06382978723404255,False,False,0.0009914482957442,0.0485956996321186,0.00707178126854515
combined_subject_features,h5__eeg2_theta_relative_power_median_std,0.06382978723404255,False,False,0.0047239392035276,0.0310596382936848,0.01618749544975825
combined_subject_features,h5__eeg2_alpha_power_mean_std,0.06382978723404255,False,False,81072.1686429041,427215544.2897513,1867679.1595600708
combined_subject_features,h5__eeg2_alpha_power_std_std,0.06382978723404255,False,False,774168.272004401,3057241329.6298604,39926732.43868819
combined_subject_features,h5__eeg2_alpha_power_median_std,0.06382978723404255,False,False,1.3806924953145026,160854.98645001958,25.22526324007382
combined_subject_features,h5__eeg2_alpha_relative_power_mean_std,0.06382978723404255,False,False,0.0028651388334805,0.02496851334343,0.0079698889835692
combined_subject_features,h5__eeg2_alpha_relative_power_std_std,0.06382978723404255,False,False,0.0016178179962429,0.0467749169694374,0.00765277029277655
combined_subject_features,h5__eeg2_alpha_relative_power_median_std,0.06382978723404255,False,False,0.0024310797926423,0.0189108660522127,0.00820336590016735
combined_subject_features,h5__eeg2_sigma_power_mean_std,0.06382978723404255,False,False,22778.12633759748,134156876.01574428,672927.716668406
combined_subject_features,h5__eeg2_sigma_power_std_std,0.06382978723404255,False,False,250956.68086436624,1005990231.6161824,15255480.230477203
combined_subject_features,h5__eeg2_sigma_power_median_std,0.06382978723404255,False,False,0.7167587033734056,28841.325210321666,9.844079167385509
combined_subject_features,h5__eeg2_sigma_relative_power_mean_std,0.06382978723404255,False,False,0.0010005961519506,0.0112416586617016,0.00310934250721225
combined_subject_features,h5__eeg2_sigma_relative_power_std_std,0.06382978723404255,False,False,0.0003840955643815,0.0185053068691201,0.0030596852743255
combined_subject_features,h5__eeg2_sigma_relative_power_median_std,0.06382978723404255,False,False,0.0009244747405992,0.0117135482489328,0.003025418890149
combined_subject_features,h5__eeg2_beta_power_mean_std,0.06382978723404255,False,False,16988.480444068206,86775868.47366346,507254.0195508158
combined_subject_features,h5__eeg2_beta_power_std_std,0.06382978723404255,False,False,194881.32650794543,695758042.1006969,11878118.648641948
combined_subject_features,h5__eeg2_beta_power_median_std,0.06382978723404255,False,False,0.4413515829192124,7115.059326770409,16.178974059840364
combined_subject_features,h5__eeg2_beta_relative_power_mean_std,0.06382978723404255,False,False,0.0017499022786598,0.0196038217546212,0.004723095522489
combined_subject_features,h5__eeg2_beta_relative_power_std_std,0.06382978723404255,False,False,0.0007857884594009,0.038680742424172,0.007787650994827601
combined_subject_features,h5__eeg2_beta_relative_power_median_std,0.06382978723404255,False,False,0.0010156832410033,0.0164952627680167,0.0031364863645562
combined_subject_features,h5__eeg2_theta_alpha_ratio_mean_std,0.06382978723404255,False,False,0.3069666530646382,8.661508594411256,1.1695694606919531
combined_subject_features,h5__eeg2_theta_alpha_ratio_std_std,0.06382978723404255,False,False,0.4881065187705674,16.74852524635626,2.016633482308753
combined_subject_features,h5__eeg2_theta_alpha_ratio_median_std,0.06382978723404255,False,False,0.1662770914983497,3.438649535276069,0.7936992883706556
combined_subject_features,h5__eeg2_delta_beta_ratio_mean_std,0.06382978723404255,False,False,149.84551222317833,46320.85547841475,1297.287360507761
combined_subject_features,h5__eeg2_delta_beta_ratio_std_std,0.06382978723404255,False,False,1335.5447868412011,412044.5071059753,9872.058121782842
combined_subject_features,h5__eeg2_delta_beta_ratio_median_std,0.06382978723404255,False,False,12.025992887727876,1859.9229432804648,75.11509426534258
combined_subject_features,h5__eeg2_delta_sigma_ratio_mean_std,0.06382978723404255,False,False,80.51762583326544,22347.24979537714,875.4965345337628
combined_subject_features,h5__eeg2_delta_sigma_ratio_std_std,0.06382978723404255,False,False,834.5574794058346,130352.60813593396,5220.350193227004
combined_subject_features,h5__eeg2_delta_sigma_ratio_median_std,0.06382978723404255,False,False,17.06475949421494,953.7244926659876,59.81169742599387
combined_subject_features,h5__eeg3_mean_mean_std,0.06382978723404255,False,False,5.549410273701463e-15,2.371207798249018e-13,4.461718412670505e-14
combined_subject_features,h5__eeg3_mean_std_std,0.06382978723404255,False,False,1.494220926521814e-13,3.569839558532988e-12,7.491276014387483e-13
combined_subject_features,h5__eeg3_mean_median_std,0.06382978723404255,False,False,4.445786483289793e-16,1.6561547382464288e-14,1.6806517718938216e-15
combined_subject_features,h5__eeg3_std_mean_std,0.06382978723404255,False,False,217.026614270113,12194.140898356203,2508.364366942044
combined_subject_features,h5__eeg3_std_std_std,0.06382978723404255,False,False,1645.0540537289876,28299.92447835974,5537.333082287832
combined_subject_features,h5__eeg3_std_median_std,0.06382978723404255,False,False,38.91580543464334,9475.915513429918,653.7351162735065
combined_subject_features,h5__eeg3_iqr_mean_std,0.06382978723404255,False,False,79.23378269444002,8236.872076751486,1017.2423350787228
combined_subject_features,h5__eeg3_iqr_std_std,0.06382978723404255,False,False,275.6037502268428,30323.5420799796,2148.0872648198583
combined_subject_features,h5__eeg3_iqr_median_std,0.06382978723404255,False,False,42.86273486630802,3282.534849026392,596.6504324098902
combined_subject_features,h5__eeg3_skew_mean_std,0.06382978723404255,False,False,0.0492885095425926,0.5109453336736705,0.21932157114566045
combined_subject_features,h5__eeg3_skew_std_std,0.06382978723404255,False,False,0.1247681343513491,0.5631353074925501,0.27798802414026325
combined_subject_features,h5__eeg3_skew_median_std,0.06382978723404255,False,False,0.0305331588547056,0.3326425223063236,0.14878745320475567
combined_subject_features,h5__eeg3_kurtosis_mean_std,0.06382978723404255,False,False,1.1225314634246957,6.276292578531086,3.1076169732665626
combined_subject_features,h5__eeg3_kurtosis_std_std,0.06382978723404255,False,False,1.5249261534841232,14.859136586605722,4.105876129635449
combined_subject_features,h5__eeg3_kurtosis_median_std,0.06382978723404255,False,False,0.2375483809364778,4.730435295503434,2.4117687965636865
combined_subject_features,h5__eeg3_zero_crossings_mean_std,0.06382978723404255,False,False,7.112225327038427,72.26374461883975,26.25513807466894
combined_subject_features,h5__eeg3_zero_crossings_std_std,0.06382978723404255,False,False,4.411021955943348,62.43825558763472,24.114806630305004
combined_subject_features,h5__eeg3_zero_crossings_median_std,0.06382978723404255,False,False,6.377695508567338,79.25030669411387,20.756623489740115
combined_subject_features,h5__eeg3_hjorth_mobility_mean_std,0.06382978723404255,False,False,0.0020949034034556,0.0271243056844039,0.008554160244450399
combined_subject_features,h5__eeg3_hjorth_mobility_std_std,0.06382978723404255,False,False,0.0022856520314093,0.0509760381021364,0.00977489828271825
combined_subject_features,h5__eeg3_hjorth_mobility_median_std,0.06382978723404255,False,False,0.0016884923986617,0.0318643038973982,0.0074371459226248
combined_subject_features,h5__eeg3_hjorth_complexity_mean_std,0.06382978723404255,False,False,0.2708373007312447,1.80004153790248,0.8004597673525546
combined_subject_features,h5__eeg3_hjorth_complexity_std_std,0.06382978723404255,False,False,0.1600623451624136,1.0253162356791534,0.45341850814749396
combined_subject_features,h5__eeg3_hjorth_complexity_median_std,0.06382978723404255,False,False,0.206476400819894,1.9821981801189563,0.7919842329889333
combined_subject_features,h5__eeg3_total_power_0p5_30_mean_std,0.06382978723404255,False,False,15841371.865577787,2501084513.747578,114928027.2844101
combined_subject_features,h5__eeg3_total_power_0p5_30_std_std,0.06382978723404255,False,False,86775255.99183467,16975219411.765509,1193058384.9021075
combined_subject_features,h5__eeg3_total_power_0p5_30_median_std,0.06382978723404255,False,False,7100.642356560997,118070831.62014171,872342.8365001131
combined_subject_features,h5__eeg3_delta_power_mean_std,0.06382978723404255,False,False,14991887.464020928,2263438789.944846,110192601.04558134
combined_subject_features,h5__eeg3_delta_power_std_std,0.06382978723404255,False,False,84107473.72176088,15260022341.548985,1114334152.0798073
combined_subject_features,h5__eeg3_delta_power_median_std,0.06382978723404255,False,False,6638.885272710955,116307194.75194484,810517.6931010869
combined_subject_features,h5__eeg3_delta_relative_power_mean_std,0.06382978723404255,False,False,0.0079762895478865,0.0614747975191028,0.022210437916576703
combined_subject_features,h5__eeg3_delta_relative_power_std_std,0.06382978723404255,False,False,0.0030551598466014,0.0627247946451513,0.0231932976379088
combined_subject_features,h5__eeg3_delta_relative_power_median_std,0.06382978723404255,False,False,0.0032554041580817,0.0649990099156686,0.017183988400635702
combined_subject_features,h5__eeg3_theta_power_mean_std,0.06382978723404255,False,False,373646.847722091,158174940.78972754,3704093.0480514443
combined_subject_features,h5__eeg3_theta_power_std_std,0.06382978723404255,False,False,3062196.713518643,1190265338.4463177,45137135.5081972
combined_subject_features,h5__eeg3_theta_power_median_std,0.06382978723404255,False,False,319.2331541444356,1416397.072978563,29071.02684839053
combined_subject_features,h5__eeg3_theta_relative_power_mean_std,0.06382978723404255,False,False,0.003822948763103,0.0505283068607795,0.0130566714265145
combined_subject_features,h5__eeg3_theta_relative_power_std_std,0.06382978723404255,False,False,0.0028919650938131,0.0345257331197275,0.0131317541261282
combined_subject_features,h5__eeg3_theta_relative_power_median_std,0.06382978723404255,False,False,0.0011471493921627,0.0485651830607766,0.010539964621373101
combined_subject_features,h5__eeg3_alpha_power_mean_std,0.06382978723404255,False,False,77303.7898338996,28354633.762573037,801209.7047867824
combined_subject_features,h5__eeg3_alpha_power_std_std,0.06382978723404255,False,False,992720.8980908842,223874846.1777113,9662246.155109305
combined_subject_features,h5__eeg3_alpha_power_median_std,0.06382978723404255,False,False,26.952544302003343,240166.21259606656,4148.296897878443
combined_subject_features,h5__eeg3_alpha_relative_power_mean_std,0.06382978723404255,False,False,0.0012239473197454,0.0210643603327019,0.00396478319607165
combined_subject_features,h5__eeg3_alpha_relative_power_std_std,0.06382978723404255,False,False,0.0013617861265917,0.0597747128759271,0.0062346199066621
combined_subject_features,h5__eeg3_alpha_relative_power_median_std,0.06382978723404255,False,False,0.0003529211136543,0.0130251906230628,0.00236960010218175
combined_subject_features,h5__eeg3_sigma_power_mean_std,0.06382978723404255,False,False,26199.23945353961,9893516.34860922,280894.9458776299
combined_subject_features,h5__eeg3_sigma_power_std_std,0.06382978723404255,False,False,427557.5240679662,80898113.9650713,3692216.331455848
combined_subject_features,h5__eeg3_sigma_power_median_std,0.06382978723404255,False,False,6.163787190524294,56378.19896663173,572.1817015504619
combined_subject_features,h5__eeg3_sigma_relative_power_mean_std,0.06382978723404255,False,False,0.0001117504436499,0.0123789534873315,0.00168451985801885
combined_subject_features,h5__eeg3_sigma_relative_power_std_std,0.06382978723404255,False,False,0.0002831981650917,0.0350712195627454,0.0035491606326903498
combined_subject_features,h5__eeg3_sigma_relative_power_median_std,0.06382978723404255,False,False,0.000125167701264,0.0080986312541692,0.0008457840043456001
combined_subject_features,h5__eeg3_beta_power_mean_std,0.06382978723404255,False,False,18741.842873666777,6223448.934565679,174053.52967987736
combined_subject_features,h5__eeg3_beta_power_std_std,0.06382978723404255,False,False,367752.74812155537,50294851.36584562,2964094.30732756
combined_subject_features,h5__eeg3_beta_power_median_std,0.06382978723404255,False,False,2.8294460014982645,18653.98401546762,202.80876050359615
combined_subject_features,h5__eeg3_beta_relative_power_mean_std,0.06382978723404255,False,False,0.0004415443697639,0.0105584344097124,0.002905415065777
combined_subject_features,h5__eeg3_beta_relative_power_std_std,0.06382978723404255,False,False,0.0007108758389144,0.0244402270325084,0.005178638751108701
combined_subject_features,h5__eeg3_beta_relative_power_median_std,0.06382978723404255,False,False,0.000134664469849,0.0128189200900705,0.00101784295419585
combined_subject_features,h5__eeg3_theta_alpha_ratio_mean_std,0.06382978723404255,False,False,0.3875865645870193,5.14285258788572,2.235230738193522
combined_subject_features,h5__eeg3_theta_alpha_ratio_std_std,0.06382978723404255,False,False,0.9343237076872526,13.857809638533135,2.2592637387228667
combined_subject_features,h5__eeg3_theta_alpha_ratio_median_std,0.06382978723404255,False,False,0.342942874014832,4.0517101790701995,1.736401106122882
combined_subject_features,h5__eeg3_delta_beta_ratio_mean_std,0.06382978723404255,False,False,521.4267487355123,133638.31040501545,3195.367230158202
combined_subject_features,h5__eeg3_delta_beta_ratio_std_std,0.06382978723404255,False,False,1961.6091505584068,843901.4037694721,12653.22160411834
combined_subject_features,h5__eeg3_delta_beta_ratio_median_std,0.06382978723404255,False,False,150.07369954545004,6567.987121592136,1135.144327230903
combined_subject_features,h5__eeg3_delta_sigma_ratio_mean_std,0.06382978723404255,False,False,130.8700109433403,37242.40686722604,1232.2744233164944
combined_subject_features,h5__eeg3_delta_sigma_ratio_std_std,0.06382978723404255,False,False,439.8280428578509,185782.07552871373,6569.6183322070865
combined_subject_features,h5__eeg3_delta_sigma_ratio_median_std,0.06382978723404255,False,False,49.18587725829901,2430.6672625249657,391.54409431261683
combined_subject_features,h5__eeg4_mean_mean_std,0.06382978723404255,False,False,1.3282167282910878e-15,1.742187375583632e-13,3.451427001130719e-14
combined_subject_features,h5__eeg4_mean_std_std,0.06382978723404255,False,False,8.777516334573692e-14,3.5613581047970997e-12,7.833000684987275e-13
combined_subject_features,h5__eeg4_mean_median_std,0.06382978723404255,False,False,2.0504586928642992e-17,5.6310672392718834e-14,8.20419637039981e-17
combined_subject_features,h5__eeg4_std_mean_std,0.06382978723404255,False,False,239.94044223957945,20176.409589171675,1099.0391442318698
combined_subject_features,h5__eeg4_std_std_std,0.06382978723404255,False,False,1836.5538244693616,56387.62327623826,5850.771887125682
combined_subject_features,h5__eeg4_std_median_std,0.06382978723404255,False,False,3.0786081715902394,11056.634756022617,16.52121555109218
combined_subject_features,h5__eeg4_iqr_mean_std,0.06382978723404255,False,False,27.37643488691121,20451.82937179007,235.95284075116436
combined_subject_features,h5__eeg4_iqr_std_std,0.06382978723404255,False,False,105.74962601218566,84447.05428542239,1568.608313258318
combined_subject_features,h5__eeg4_iqr_median_std,0.06382978723404255,False,False,2.2309351198089193,406.9249767202646,13.581929064098118
combined_subject_features,h5__eeg4_skew_mean_std,0.06382978723404255,False,False,0.0455637554196351,0.4844187397858316,0.1526175084138227
combined_subject_features,h5__eeg4_skew_std_std,0.06382978723404255,False,False,0.16104123434461,0.9461369180487972,0.37506107053381804
combined_subject_features,h5__eeg4_skew_median_std,0.06382978723404255,False,False,0.016030520369661,0.4122095037441908,0.0751998160541626
combined_subject_features,h5__eeg4_kurtosis_mean_std,0.06382978723404255,False,False,1.1084573197465228,10.773195038583902,3.6495037303627216
combined_subject_features,h5__eeg4_kurtosis_std_std,0.06382978723404255,False,False,2.558085939730577,18.11169632562001,8.178280187290682
combined_subject_features,h5__eeg4_kurtosis_median_std,0.06382978723404255,False,False,0.4311488713160235,4.313134490288005,1.8878793359658057
combined_subject_features,h5__eeg4_zero_crossings_mean_std,0.06382978723404255,False,False,7.087679701085656,175.62935005758777,48.66234453932415
combined_subject_features,h5__eeg4_zero_crossings_std_std,0.06382978723404255,False,False,1.658380255688393,114.88797598572332,27.685119144642414
combined_subject_features,h5__eeg4_zero_crossings_median_std,0.06382978723404255,False,False,7.718844185210347,177.38910855329684,53.72761417772759
combined_subject_features,h5__eeg4_hjorth_mobility_mean_std,0.06382978723404255,False,False,0.0027206411417498,0.0589480283567474,0.0138611662953592
combined_subject_features,h5__eeg4_hjorth_mobility_std_std,0.06382978723404255,False,False,0.0011600238981581,0.0456301117653447,0.0099484013975471
combined_subject_features,h5__eeg4_hjorth_mobility_median_std,0.06382978723404255,False,False,0.0044775671245838,0.0552135674831756,0.01637502731338765
combined_subject_features,h5__eeg4_hjorth_complexity_mean_std,0.06382978723404255,False,False,0.2526973356191943,2.1551867269368037,0.6521180674555566
combined_subject_features,h5__eeg4_hjorth_complexity_std_std,0.06382978723404255,False,False,0.1197175415973288,1.4968516793732118,0.509688015783728
combined_subject_features,h5__eeg4_hjorth_complexity_median_std,0.06382978723404255,False,False,0.0885436959090852,2.749454571002111,0.5398984604368513
combined_subject_features,h5__eeg4_total_power_0p5_30_mean_std,0.06382978723404255,False,False,13884851.498040857,10390856942.0659,115370305.44709998
combined_subject_features,h5__eeg4_total_power_0p5_30_std_std,0.06382978723404255,False,False,126920859.0733284,52274179751.65385,1501620651.6831331
combined_subject_features,h5__eeg4_total_power_0p5_30_median_std,0.06382978723404255,False,False,66.74690974965543,157828407.43718776,994.7711282238159
combined_subject_features,h5__eeg4_delta_power_mean_std,0.06382978723404255,False,False,13360375.53742426,9631374962.855272,109974884.98016375
combined_subject_features,h5__eeg4_delta_power_std_std,0.06382978723404255,False,False,121830247.26080902,48562267153.28439,1406381524.1183124
combined_subject_features,h5__eeg4_delta_power_median_std,0.06382978723404255,False,False,59.037810049210215,155508122.94649297,923.3873194086086
combined_subject_features,h5__eeg4_delta_relative_power_mean_std,0.06382978723404255,False,False,0.0100981358210339,0.0580477268412821,0.03270814988901165
combined_subject_features,h5__eeg4_delta_relative_power_std_std,0.06382978723404255,False,False,0.0046667695445993,0.051506103351735,0.017644590763551
combined_subject_features,h5__eeg4_delta_relative_power_median_std,0.06382978723404255,False,False,0.0122782061860586,0.0661757024603034,0.03676456702320365
combined_subject_features,h5__eeg4_theta_power_mean_std,0.06382978723404255,False,False,338210.81119516795,557282941.307999,4374491.692391227
combined_subject_features,h5__eeg4_theta_power_std_std,0.06382978723404255,False,False,4890493.330272953,2957928173.7698545,71229031.90623313
combined_subject_features,h5__eeg4_theta_power_median_std,0.06382978723404255,False,False,3.7471675007174534,1674219.2521499142,36.799820214328705
combined_subject_features,h5__eeg4_theta_relative_power_mean_std,0.06382978723404255,False,False,0.0037815671165789,0.0266281083969702,0.0123398043984255
combined_subject_features,h5__eeg4_theta_relative_power_std_std,0.06382978723404255,False,False,0.0023623964106953,0.0304975164490629,0.00674878787154765
combined_subject_features,h5__eeg4_theta_relative_power_median_std,0.06382978723404255,False,False,0.0056924302113196,0.0247402771057952,0.0139685924574954
combined_subject_features,h5__eeg4_alpha_power_mean_std,0.06382978723404255,False,False,58760.94578695202,54030338.029213734,862026.1780274892
combined_subject_features,h5__eeg4_alpha_power_std_std,0.06382978723404255,False,False,630732.5232111366,330550763.103476,17116934.623887613
combined_subject_features,h5__eeg4_alpha_power_median_std,0.06382978723404255,False,False,0.633312929649611,274755.7611540976,7.744720860198996
combined_subject_features,h5__eeg4_alpha_relative_power_mean_std,0.06382978723404255,False,False,0.0025389564709261,0.0157180391504896,0.00835053796450845
combined_subject_features,h5__eeg4_alpha_relative_power_std_std,0.06382978723404255,False,False,0.0014579593686429,0.0181732324967063,0.00630904061112835
combined_subject_features,h5__eeg4_alpha_relative_power_median_std,0.06382978723404255,False,False,0.0023614211649896,0.0167693396805934,0.0079014759504176
combined_subject_features,h5__eeg4_sigma_power_mean_std,0.06382978723404255,False,False,17050.220567566263,16036676.95164747,293558.51884324197
combined_subject_features,h5__eeg4_sigma_power_std_std,0.06382978723404255,False,False,205191.2238974151,103052529.46370453,6610107.96725245
combined_subject_features,h5__eeg4_sigma_power_median_std,0.06382978723404255,False,False,0.2548801595578482,37984.81180082377,3.433052076901857
combined_subject_features,h5__eeg4_sigma_relative_power_mean_std,0.06382978723404255,False,False,0.0017028438314603,0.0112030382478511,0.00536140059489925
combined_subject_features,h5__eeg4_sigma_relative_power_std_std,0.06382978723404255,False,False,0.0008458953043487,0.0179050122566689,0.0043113240822231
combined_subject_features,h5__eeg4_sigma_relative_power_median_std,0.06382978723404255,False,False,0.0011254164691506,0.0103493528162305,0.0048051224382215
combined_subject_features,h5__eeg4_beta_power_mean_std,0.06382978723404255,False,False,10316.748777431125,9330477.883776458,218297.96786040146
combined_subject_features,h5__eeg4_beta_power_std_std,0.06382978723404255,False,False,184418.30336894735,62931027.14183036,4971829.568668583
combined_subject_features,h5__eeg4_beta_power_median_std,0.06382978723404255,False,False,0.6707198025245845,11581.257253441398,8.053249723354865
combined_subject_features,h5__eeg4_beta_relative_power_mean_std,0.06382978723404255,False,False,0.0021589494211551,0.0596352871483867,0.0075152474019597
combined_subject_features,h5__eeg4_beta_relative_power_std_std,0.06382978723404255,False,False,0.0028779907339418,0.069852995727315,0.011035200875748701
combined_subject_features,h5__eeg4_beta_relative_power_median_std,0.06382978723404255,False,False,0.0014407303134733,0.0276913707985155,0.00492452054082975
combined_subject_features,h5__eeg4_theta_alpha_ratio_mean_std,0.06382978723404255,False,False,0.29018913993635,4.497871749293704,1.0141314365715186
combined_subject_features,h5__eeg4_theta_alpha_ratio_std_std,0.06382978723404255,False,False,0.4614737243974564,17.41086845845342,2.349900318691163
combined_subject_features,h5__eeg4_theta_alpha_ratio_median_std,0.06382978723404255,False,False,0.1965040792091115,1.86250862541544,0.6442401576057569
combined_subject_features,h5__eeg4_delta_beta_ratio_mean_std,0.06382978723404255,False,False,260.95550241415253,65345.011579173064,1950.296654104108
combined_subject_features,h5__eeg4_delta_beta_ratio_std_std,0.06382978723404255,False,False,1425.7466049683424,367273.0876924612,15757.690790202174
combined_subject_features,h5__eeg4_delta_beta_ratio_median_std,0.06382978723404255,False,False,6.071386872967155,1234.1897224253223,68.28407887668916
combined_subject_features,h5__eeg4_delta_sigma_ratio_mean_std,0.06382978723404255,False,False,110.72117343886688,27390.21963657087,1210.4110978982417
combined_subject_features,h5__eeg4_delta_sigma_ratio_std_std,0.06382978723404255,False,False,489.683259531014,136215.81485788748,8434.531835849168
combined_subject_features,h5__eeg4_delta_sigma_ratio_median_std,0.06382978723404255,False,False,13.28070505142161,1321.4677474071154,56.71344305157316
combined_subject_features,h5__n_epochs_min,0.0,False,False,13.0,1342.0,733.0
combined_subject_features,h5__wake_epochs_min,0.0,False,False,13.0,465.0,60.0
combined_subject_features,h5__sleep_epochs_min,0.0,False,False,0.0,888.0,415.0
combined_subject_features,h5__tst_minutes_from_hypnogram_min,0.0,False,False,0.0,444.0,207.5
combined_subject_features,h5__sleep_efficiency_epoch_ratio_min,0.0,False,False,0.0,0.9387096774193548,0.2882308845577211
combined_subject_features,h5__Wake_epochs_min,0.0,False,False,13.0,465.0,60.0
combined_subject_features,h5__Wake_percentage_min,1.0,True,True,,,
combined_subject_features,h5__N1_epochs_min,0.0,False,False,0.0,92.0,24.0
combined_subject_features,h5__N1_percentage_min,0.02127659574468085,False,False,0.0,0.2040498442367601,0.046069090483984054
combined_subject_features,h5__N2_epochs_min,0.0,False,False,0.0,485.0,138.0
combined_subject_features,h5__N2_percentage_min,0.02127659574468085,False,False,0.0014409221902017,0.5555555555555556,0.33838439162132883
combined_subject_features,h5__N3_epochs_min,0.0,False,False,0.0,246.0,20.0
combined_subject_features,h5__N3_percentage_min,0.02127659574468085,False,False,0.0,0.281786941580756,0.0638091349752432
combined_subject_features,h5__REM_epochs_min,0.0,False,False,0.0,233.0,71.0
combined_subject_features,h5__REM_percentage_min,0.02127659574468085,False,False,0.0,0.2950152594099695,0.1596415157414508
combined_subject_features,h5__eeg1_mean_mean_min,0.0,False,False,-7.359873757902654e-13,1.6230393603915668e-15,-3.1875715776523405e-14
combined_subject_features,h5__eeg1_mean_std_min,0.0,False,False,5.3990796528922475e-15,1.516076831597003e-12,1.1753739550428949e-13
combined_subject_features,h5__eeg1_mean_median_min,0.0,False,False,-4.353963997849125e-15,7.547924427142214e-16,-1.2123363126805228e-16
combined_subject_features,h5__eeg1_std_mean_min,0.0,False,False,38.881870827997055,4021.2185813050583,371.7604936806
combined_subject_features,h5__eeg1_std_std_min,0.0,False,False,62.27022818376616,22460.70150631924,3858.324838972344
combined_subject_features,h5__eeg1_std_median_min,0.0,False,False,7.257621835180346,282.67554846916596,27.067512045505502
combined_subject_features,h5__eeg1_iqr_mean_min,0.0,False,False,22.543798715764535,764.9929350861354,62.56236295390231
combined_subject_features,h5__eeg1_iqr_std_min,0.0,False,False,14.303524701514442,7616.584637920198,175.74911316801973
combined_subject_features,h5__eeg1_iqr_median_min,0.0,False,False,9.81340770674234,135.36013162253278,24.58885222693951
combined_subject_features,h5__eeg1_skew_mean_min,0.0,False,False,-1.0097790898616497,0.616979753891523,-0.4116341676073604
combined_subject_features,h5__eeg1_skew_std_min,0.0,False,False,0.9906072033933734,3.937468758049502,1.5068959612411683
combined_subject_features,h5__eeg1_skew_median_min,0.0,False,False,-0.997362848042082,0.4653367272140846,-0.3577448057429118
combined_subject_features,h5__eeg1_kurtosis_mean_min,0.0,False,False,3.7691797366433657,43.131844592539146,7.841176835968532
combined_subject_features,h5__eeg1_kurtosis_std_min,0.0,False,False,8.945456900514682,119.79321980941086,16.834534678399546
combined_subject_features,h5__eeg1_kurtosis_median_min,0.0,False,False,0.0708101184185769,15.469278757688784,1.572815888722061
combined_subject_features,h5__eeg1_zero_crossings_mean_min,0.0,False,False,99.92307692307692,330.01612903225805,214.88505747126436
combined_subject_features,h5__eeg1_zero_crossings_std_min,0.0,False,False,40.14653940938786,181.42466987292084,88.21969088886392
combined_subject_features,h5__eeg1_zero_crossings_median_min,0.0,False,False,79.0,334.0,197.0
combined_subject_features,h5__eeg1_hjorth_mobility_mean_min,0.0,False,False,0.0498899250333009,0.135389293212231,0.0805527349735674
combined_subject_features,h5__eeg1_hjorth_mobility_std_min,0.0,False,False,0.0258688108310808,0.1031451305186118,0.0364670577017082
combined_subject_features,h5__eeg1_hjorth_mobility_median_min,0.0,False,False,0.0393860380464474,0.1327752300123845,0.0692948968264176
combined_subject_features,h5__eeg1_hjorth_complexity_mean_min,0.0,False,False,3.1376282139393714,5.758514734101513,4.503052757240753
combined_subject_features,h5__eeg1_hjorth_complexity_std_min,0.0,False,False,0.5613762549577694,2.952736971561291,1.73909479000389
combined_subject_features,h5__eeg1_hjorth_complexity_median_min,0.0,False,False,2.7676247814667594,5.098899966827576,3.977289360762202
combined_subject_features,h5__eeg1_total_power_0p5_30_mean_min,0.0,False,False,3067.0099772792028,513658522.08751845,9226030.342556586
combined_subject_features,h5__eeg1_total_power_0p5_30_std_min,0.0,False,False,16321.13400039493,7865489386.417327,203607838.33150673
combined_subject_features,h5__eeg1_total_power_0p5_30_median_min,0.0,False,False,34.32705621817674,58762.262877810586,505.06598932455745
combined_subject_features,h5__eeg1_delta_power_mean_min,0.0,False,False,2885.060775220245,481432132.36427456,8115451.372086441
combined_subject_features,h5__eeg1_delta_power_std_min,0.0,False,False,15971.31053040752,7388182379.67112,179251313.01991087
combined_subject_features,h5__eeg1_delta_power_median_min,0.0,False,False,26.399418025406938,45505.63890531329,417.5990042536421
combined_subject_features,h5__eeg1_delta_relative_power_mean_min,0.0,False,False,0.627679546356311,0.8680297650667136,0.7757525200202141
combined_subject_features,h5__eeg1_delta_relative_power_std_min,0.0,False,False,0.0489452351330966,0.2039473019378671,0.0997759117034332
combined_subject_features,h5__eeg1_delta_relative_power_median_min,0.0,False,False,0.5789993743730744,0.8853160092404142,0.7956086592721088
combined_subject_features,h5__eeg1_theta_power_mean_min,0.0,False,False,66.64867160744514,20175740.763277292,598366.0435928886
combined_subject_features,h5__eeg1_theta_power_std_min,0.0,False,False,142.53586402654682,309712310.7867391,9899839.920676785
combined_subject_features,h5__eeg1_theta_power_median_min,0.0,False,False,3.4135689203876174,6552.602180361034,33.50832092014636
combined_subject_features,h5__eeg1_theta_relative_power_mean_min,0.0,False,False,0.027916200033332,0.120750585303903,0.0724400897665125
combined_subject_features,h5__eeg1_theta_relative_power_std_min,0.0,False,False,0.0292047107798483,0.0868802466156495,0.0504621845529116
combined_subject_features,h5__eeg1_theta_relative_power_median_min,0.0,False,False,0.0184793072109726,0.1120013830497997,0.0573690675973604
combined_subject_features,h5__eeg1_alpha_power_mean_min,0.0,False,False,28.08082467893931,4299567.766962988,121158.32911588503
combined_subject_features,h5__eeg1_alpha_power_std_min,0.0,False,False,26.780554217103596,61586201.68087726,2126367.447097472
combined_subject_features,h5__eeg1_alpha_power_median_min,0.0,False,False,1.5440105802198674,958.622723151764,13.51408301583446
combined_subject_features,h5__eeg1_alpha_relative_power_mean_min,0.0,False,False,0.0079481176809661,0.0472522851626616,0.0226652197844567
combined_subject_features,h5__eeg1_alpha_relative_power_std_min,0.0,False,False,0.0084728326435584,0.0557255819688059,0.0231427733911341
combined_subject_features,h5__eeg1_alpha_relative_power_median_min,0.0,False,False,0.0029298762595656,0.0376125239221548,0.0134816028709783
combined_subject_features,h5__eeg1_sigma_power_mean_min,0.0,False,False,8.721259846580391,1814241.0363525425,29287.318047823566
combined_subject_features,h5__eeg1_sigma_power_std_min,0.0,False,False,5.725222260976791,26491363.49814638,541543.5694613883
combined_subject_features,h5__eeg1_sigma_power_median_min,0.0,False,False,0.921315289573088,140.88934418485775,5.491214339871073
combined_subject_features,h5__eeg1_sigma_relative_power_mean_min,0.0,False,False,0.0029274188501591,0.031773419454445,0.0088132247293175
combined_subject_features,h5__eeg1_sigma_relative_power_std_min,0.0,False,False,0.0035287994571331,0.0625284441521544,0.0099080695864464
combined_subject_features,h5__eeg1_sigma_relative_power_median_min,0.0,False,False,0.0008667269570322,0.0190613209315485,0.0043782030393424
combined_subject_features,h5__eeg1_beta_power_mean_min,0.0,False,False,8.772636178105634,1650894.7700047558,18888.55678473558
combined_subject_features,h5__eeg1_beta_power_std_min,0.0,False,False,8.956722240139031,26280114.602754112,303770.18328855484
combined_subject_features,h5__eeg1_beta_power_median_min,0.0,False,False,1.598123909975696,101.52721622346004,4.919933529488073
combined_subject_features,h5__eeg1_beta_relative_power_mean_min,0.0,False,False,0.0019584573510448,0.0353724345611608,0.0103477735913788
combined_subject_features,h5__eeg1_beta_relative_power_std_min,0.0,False,False,0.0030722218325071,0.0530720799718674,0.0118388262979146
combined_subject_features,h5__eeg1_beta_relative_power_median_min,0.0,False,False,0.0004111987634291,0.0257283483839339,0.0043457682554101
combined_subject_features,h5__eeg1_theta_alpha_ratio_mean_min,0.0,False,False,2.1344252420043217,7.1885750295986846,3.653251510749503
combined_subject_features,h5__eeg1_theta_alpha_ratio_std_min,0.0,False,False,1.4305087141894794,6.166814232173887,3.3457764389045748
combined_subject_features,h5__eeg1_theta_alpha_ratio_median_min,0.0,False,False,1.7015311480766135,6.45793443617092,2.7268407860213673
combined_subject_features,h5__eeg1_delta_beta_ratio_mean_min,0.0,False,False,38.02724347697278,5229.541339447709,389.07252849147534
combined_subject_features,h5__eeg1_delta_beta_ratio_std_min,0.0,False,False,48.94704426435941,118612.23390310486,1319.271347769071
combined_subject_features,h5__eeg1_delta_beta_ratio_median_min,0.0,False,False,6.209406008532719,381.6374209163362,53.81451213840138
combined_subject_features,h5__eeg1_delta_sigma_ratio_mean_min,0.0,False,False,49.38545680378754,4322.456743351202,318.31968752203875
combined_subject_features,h5__eeg1_delta_sigma_ratio_std_min,0.0,False,False,42.46715222069151,112214.70585360617,1099.4217037702829
combined_subject_features,h5__eeg1_delta_sigma_ratio_median_min,0.0,False,False,6.988995548150042,211.81324348795903,54.61463780614156
combined_subject_features,h5__eeg2_mean_mean_min,0.0,False,False,-9.35381556085864e-13,2.414546519445415e-13,-5.4256613433956756e-14
combined_subject_features,h5__eeg2_mean_std_min,0.0,False,False,8.555746405761931e-15,2.2864845511410867e-12,1.7149462380690925e-13
combined_subject_features,h5__eeg2_mean_median_min,0.0,False,False,-2.89840298002261e-15,0.0,-1.5115920452282412e-16
combined_subject_features,h5__eeg2_std_mean_min,0.0,False,False,36.71269161805784,4468.334268834979,441.130058945821
combined_subject_features,h5__eeg2_std_std_min,0.0,False,False,73.66359503863558,20760.149858275116,5037.163800229781
combined_subject_features,h5__eeg2_std_median_min,0.0,False,False,8.904116585032664,616.6405136540048,26.240889678640105
combined_subject_features,h5__eeg2_iqr_mean_min,0.0,False,False,24.74922240369186,972.6822828187458,66.28286087315975
combined_subject_features,h5__eeg2_iqr_std_min,0.0,False,False,13.916256774029248,5817.149877854379,243.5270496590432
combined_subject_features,h5__eeg2_iqr_median_min,0.0,False,False,11.635384691030822,166.3170763854061,24.460149047508676
combined_subject_features,h5__eeg2_skew_mean_min,0.0,False,False,-1.0354596718861382,1.4505624082155404,-0.4137410717775508
combined_subject_features,h5__eeg2_skew_std_min,0.0,False,False,0.8770864986337489,3.4751893786566237,1.5786656466888984
combined_subject_features,h5__eeg2_skew_median_min,0.0,False,False,-0.8469781485768787,0.61407276261385,-0.3296628215771538
combined_subject_features,h5__eeg2_kurtosis_mean_min,0.0,False,False,3.9218523859809302,41.215948352218106,8.185617998554022
combined_subject_features,h5__eeg2_kurtosis_std_min,0.0,False,False,7.351019346533819,74.04269658561508,18.296837291190517
combined_subject_features,h5__eeg2_kurtosis_median_min,0.0,False,False,0.2928655410501755,16.60976443222612,1.4656022679669114
combined_subject_features,h5__eeg2_zero_crossings_mean_min,0.0,False,False,72.66525423728814,480.18494623655914,200.6400742115028
combined_subject_features,h5__eeg2_zero_crossings_std_min,0.0,False,False,36.713764675193865,148.53042599386563,85.57746174595093
combined_subject_features,h5__eeg2_zero_crossings_median_min,0.0,False,False,56.0,487.0,179.0
combined_subject_features,h5__eeg2_hjorth_mobility_mean_min,0.0,False,False,0.0308323844524816,0.1968164675487297,0.0742263301982521
combined_subject_features,h5__eeg2_hjorth_mobility_std_min,0.0,False,False,0.0138698207928824,0.0766430439726308,0.0375909670711381
combined_subject_features,h5__eeg2_hjorth_mobility_median_min,0.0,False,False,0.0264268809766539,0.2020501994605788,0.0610293745133056
combined_subject_features,h5__eeg2_hjorth_complexity_mean_min,0.0,False,False,2.771898224143568,6.068574790276623,4.526608561353412
combined_subject_features,h5__eeg2_hjorth_complexity_std_min,0.0,False,False,0.6150807933557229,3.056138950051177,1.8904169566551212
combined_subject_features,h5__eeg2_hjorth_complexity_median_min,0.0,False,False,2.616179130856405,5.169630746857413,4.0515397064424015
combined_subject_features,h5__eeg2_total_power_0p5_30_mean_min,0.0,False,False,4176.479710060782,428467892.93932134,20058705.59737114
combined_subject_features,h5__eeg2_total_power_0p5_30_std_min,0.0,False,False,20386.75088180725,6176957247.826684,248607360.87407357
combined_subject_features,h5__eeg2_total_power_0p5_30_median_min,0.0,False,False,74.56593455334516,176474.26533747162,469.6139263975407
combined_subject_features,h5__eeg2_delta_power_mean_min,0.0,False,False,4024.226510782951,391271406.18698376,17097139.104764465
combined_subject_features,h5__eeg2_delta_power_std_min,0.0,False,False,20165.101323538685,5642070657.95401,240742841.9891384
combined_subject_features,h5__eeg2_delta_power_median_min,0.0,False,False,41.42877073344391,164480.04829433552,393.4043086776104
combined_subject_features,h5__eeg2_delta_relative_power_mean_min,0.0,False,False,0.5646082117534693,0.8953031621484259,0.796249250873089
combined_subject_features,h5__eeg2_delta_relative_power_std_min,0.0,False,False,0.0237269079063652,0.2038727603570643,0.094328303778108
combined_subject_features,h5__eeg2_delta_relative_power_median_min,0.0,False,False,0.5518156590488266,0.929337089464991,0.8069530978257677
combined_subject_features,h5__eeg2_theta_power_mean_min,0.0,False,False,53.07906198948751,23307412.245675795,960165.426862606
combined_subject_features,h5__eeg2_theta_power_std_min,0.0,False,False,109.71756529444622,361843238.2687386,14132608.23152014
combined_subject_features,h5__eeg2_theta_power_median_min,0.0,False,False,8.682274503591536,5538.020884901354,36.56709498444948
combined_subject_features,h5__eeg2_theta_relative_power_mean_min,0.0,False,False,0.0091997736246208,0.2005068700084891,0.0657264623379421
combined_subject_features,h5__eeg2_theta_relative_power_std_min,0.0,False,False,0.0135210436825436,0.1041779823566847,0.0482756890517154
combined_subject_features,h5__eeg2_theta_relative_power_median_min,0.0,False,False,0.004483484513646,0.2023373881669541,0.0513357034050274
combined_subject_features,h5__eeg2_alpha_power_mean_min,0.0,False,False,24.30807906625433,4222649.291609618,151560.30712032932
combined_subject_features,h5__eeg2_alpha_power_std_min,0.0,False,False,21.836632855439262,68373113.68520078,2145624.8584834165
combined_subject_features,h5__eeg2_alpha_power_median_min,0.0,False,False,3.4304562033910804,577.7710708455259,14.18720542316703
combined_subject_features,h5__eeg2_alpha_relative_power_mean_min,0.0,False,False,0.0027472208378632,0.0857983124962945,0.021306510279536
combined_subject_features,h5__eeg2_alpha_relative_power_std_min,0.0,False,False,0.0042433504205717,0.0524815325328875,0.0218501627698238
combined_subject_features,h5__eeg2_alpha_relative_power_median_min,0.0,False,False,0.0010290246537567,0.0887984103566457,0.0124713342156581
combined_subject_features,h5__eeg2_sigma_power_mean_min,0.0,False,False,7.946551216192874,1965782.7294590352,50035.035021698415
combined_subject_features,h5__eeg2_sigma_power_std_min,0.0,False,False,5.141273422651956,32137652.24122871,697725.2409933957
combined_subject_features,h5__eeg2_sigma_power_median_min,0.0,False,False,1.860870300127679,111.27328364544968,5.499011107644824
combined_subject_features,h5__eeg2_sigma_relative_power_mean_min,0.0,False,False,0.001237058541257,0.0469443335627328,0.0082673502527337
combined_subject_features,h5__eeg2_sigma_relative_power_std_min,0.0,False,False,0.0018696765959887,0.0905302099297065,0.0095742215838587
combined_subject_features,h5__eeg2_sigma_relative_power_median_min,0.0,False,False,0.000317474208192,0.0489960619486387,0.003855423640231
combined_subject_features,h5__eeg2_beta_power_mean_min,0.0,False,False,7.099663540987434,1855792.3648319712,25898.797067343407
combined_subject_features,h5__eeg2_beta_power_std_min,0.0,False,False,6.039727613774642,30732481.52846401,375647.3992760017
combined_subject_features,h5__eeg2_beta_power_median_min,0.0,False,False,2.5307193455725563,72.71536001987948,4.4934764577367385
combined_subject_features,h5__eeg2_beta_relative_power_mean_min,0.0,False,False,0.0019771815151485,0.0655009373338772,0.0080975884763848
combined_subject_features,h5__eeg2_beta_relative_power_std_min,0.0,False,False,0.0028787445726869,0.039977931581097,0.0114307602450337
combined_subject_features,h5__eeg2_beta_relative_power_median_min,0.0,False,False,0.0001660737375188,0.065383663988474,0.0029891958976414
combined_subject_features,h5__eeg2_theta_alpha_ratio_mean_min,0.0,False,False,1.923644169580933,10.319001050061322,3.7516269486862943
combined_subject_features,h5__eeg2_theta_alpha_ratio_std_min,0.0,False,False,1.1538813810174082,12.715423381925875,3.3741992385996658
combined_subject_features,h5__eeg2_theta_alpha_ratio_median_min,0.0,False,False,1.6051294461944547,7.07441065376112,2.672294295208489
combined_subject_features,h5__eeg2_delta_beta_ratio_mean_min,0.0,False,False,16.488873460976837,4349.543226909426,469.65430962606865
combined_subject_features,h5__eeg2_delta_beta_ratio_std_min,0.0,False,False,38.26189614236863,11147.739305120112,1310.2483916820886
combined_subject_features,h5__eeg2_delta_beta_ratio_median_min,0.0,False,False,8.312148515494597,1128.7239605013256,59.65094122041525
combined_subject_features,h5__eeg2_delta_sigma_ratio_mean_min,0.0,False,False,20.281848683872344,2154.8222085653274,366.4985334929614
combined_subject_features,h5__eeg2_delta_sigma_ratio_std_min,0.0,False,False,36.95310423852144,6816.692854371928,1201.1513950648698
combined_subject_features,h5__eeg2_delta_sigma_ratio_median_min,0.0,False,False,11.2199181069056,759.3828790151213,58.24734723178833
combined_subject_features,h5__eeg3_mean_mean_min,0.0,False,False,-3.7319023157304723e-13,1.8907766344974872e-14,-6.203067545538751e-14
combined_subject_features,h5__eeg3_mean_std_min,0.0,False,False,4.3795599133480614e-14,1.0638127578517877e-12,2.280156402086457e-13
combined_subject_features,h5__eeg3_mean_median_min,0.0,False,False,-1.6172013009232004e-14,2.3549524212683705e-15,-1.544287847596862e-15
combined_subject_features,h5__eeg3_std_mean_min,0.0,False,False,178.0822751083747,5937.867097291383,1280.2238042271877
combined_subject_features,h5__eeg3_std_std_min,0.0,False,False,491.2845379810747,15901.812395716492,5003.921714040836
combined_subject_features,h5__eeg3_std_median_min,0.0,False,False,7.635782108429835,1006.5365976332126,185.15457439517323
combined_subject_features,h5__eeg3_iqr_mean_min,0.0,False,False,21.781630984964455,1599.5554590582803,453.45375867079
combined_subject_features,h5__eeg3_iqr_std_min,0.0,False,False,134.9062156276318,3773.3923513150103,915.244989372426
combined_subject_features,h5__eeg3_iqr_median_min,0.0,False,False,10.18126635298118,605.468292202984,187.67760963709216
combined_subject_features,h5__eeg3_skew_mean_min,0.0,False,False,-0.604691108736943,0.3831399310271613,0.0005339604880518
combined_subject_features,h5__eeg3_skew_std_min,0.0,False,False,0.6207385668688709,2.00132020145381,1.134094151296268
combined_subject_features,h5__eeg3_skew_median_min,0.0,False,False,-0.4380816441984482,0.1708140711710257,-0.1043136399386443
combined_subject_features,h5__eeg3_kurtosis_mean_min,0.0,False,False,1.1678368944953117,14.495192320388268,4.406751200096092
combined_subject_features,h5__eeg3_kurtosis_std_min,0.0,False,False,6.505330380182773,24.848617837370984,11.927806628198038
combined_subject_features,h5__eeg3_kurtosis_median_min,0.0,False,False,-1.054402307778681,10.355534032990782,-0.2567666412273106
combined_subject_features,h5__eeg3_zero_crossings_mean_min,0.0,False,False,55.66101694915254,429.09354838709675,96.01773533424284
combined_subject_features,h5__eeg3_zero_crossings_std_min,0.0,False,False,7.528552537761835,81.67731205546053,29.28186900744606
combined_subject_features,h5__eeg3_zero_crossings_median_min,0.0,False,False,51.0,435.0,84.0
combined_subject_features,h5__eeg3_hjorth_mobility_mean_min,0.0,False,False,0.0261923737306116,0.1807811477468914,0.0465683722982809
combined_subject_features,h5__eeg3_hjorth_mobility_std_min,0.0,False,False,0.0050930537351131,0.0397597672686024,0.0148317574568325
combined_subject_features,h5__eeg3_hjorth_mobility_median_min,0.0,False,False,0.0243426245513419,0.1778015149987431,0.0428377253825572
combined_subject_features,h5__eeg3_hjorth_complexity_mean_min,0.0,False,False,2.8324767527145376,6.307112121478504,3.692966092730192
combined_subject_features,h5__eeg3_hjorth_complexity_std_min,0.0,False,False,0.5202428205227928,3.048228362525429,1.163422342520769
combined_subject_features,h5__eeg3_hjorth_complexity_median_min,0.0,False,False,2.6907434032882485,5.567824544313375,3.476972242400324
combined_subject_features,h5__eeg3_total_power_0p5_30_mean_min,0.0,False,False,260667.12972777907,181317361.09276953,21553968.920061514
combined_subject_features,h5__eeg3_total_power_0p5_30_std_min,0.0,False,False,1375581.8868545375,2493221644.531849,209279727.07680345
combined_subject_features,h5__eeg3_total_power_0p5_30_median_min,0.0,False,False,41.40394656469308,782502.4038885899,24317.1099508459
combined_subject_features,h5__eeg3_delta_power_mean_min,0.0,False,False,253828.9153964687,172665095.58251265,20453151.57302285
combined_subject_features,h5__eeg3_delta_power_std_min,0.0,False,False,1338928.454038074,2312781293.0841613,196510621.86156803
combined_subject_features,h5__eeg3_delta_power_median_min,0.0,False,False,31.3014290015275,752022.3371773681,22341.636089366293
combined_subject_features,h5__eeg3_delta_relative_power_mean_min,0.0,False,False,0.6523784470783976,0.9392940663012418,0.8746528805829151
combined_subject_features,h5__eeg3_delta_relative_power_std_min,0.0,False,False,0.0111356659506622,0.1404990663441979,0.0425140239697481
combined_subject_features,h5__eeg3_delta_relative_power_median_min,0.0,False,False,0.6474068418149116,0.9561020095993548,0.9056168676080768
combined_subject_features,h5__eeg3_theta_power_mean_min,0.0,False,False,4925.830803377241,6281534.461443687,616522.3391742777
combined_subject_features,h5__eeg3_theta_power_std_min,0.0,False,False,36447.78571855478,113784220.68054602,6221247.212880639
combined_subject_features,h5__eeg3_theta_power_median_min,0.0,False,False,4.312653165584246,30173.28070654779,907.0716701323036
combined_subject_features,h5__eeg3_theta_relative_power_mean_min,0.0,False,False,0.0187131391915187,0.1544614179647162,0.0338364174208143
combined_subject_features,h5__eeg3_theta_relative_power_std_min,0.0,False,False,0.0093919433888898,0.086104879908007,0.0274077870755833
combined_subject_features,h5__eeg3_theta_relative_power_median_min,0.0,False,False,0.0067030025138925,0.1565944584394187,0.026458129811046
combined_subject_features,h5__eeg3_alpha_power_mean_min,0.0,False,False,575.6892337818697,1379044.5512833844,80824.50717980304
combined_subject_features,h5__eeg3_alpha_power_std_min,0.0,False,False,2903.3746339868194,25634017.022504415,1118697.1635113717
combined_subject_features,h5__eeg3_alpha_power_median_min,0.0,False,False,1.6375585485697877,2525.1619421118166,155.7408891779223
combined_subject_features,h5__eeg3_alpha_relative_power_mean_min,0.0,False,False,0.0017134328211119,0.0683808818971403,0.0060857121274086
combined_subject_features,h5__eeg3_alpha_relative_power_std_min,0.0,False,False,0.0009604702454771,0.0427328254993336,0.0066454637106282
combined_subject_features,h5__eeg3_alpha_relative_power_median_min,0.0,False,False,0.0007621888338173,0.0694148338956633,0.0033003675850987
combined_subject_features,h5__eeg3_sigma_power_mean_min,0.0,False,False,110.46847215139005,550010.4813804138,17191.912559472144
combined_subject_features,h5__eeg3_sigma_power_std_min,0.0,False,False,490.8712315684729,10695028.580137268,212787.87008468257
combined_subject_features,h5__eeg3_sigma_power_median_min,0.0,False,False,0.9268052994796164,393.08838674879325,43.47151510459379
combined_subject_features,h5__eeg3_sigma_relative_power_mean_min,0.0,False,False,0.000296232444262,0.0384177423271134,0.0015209516631693
combined_subject_features,h5__eeg3_sigma_relative_power_std_min,0.0,False,False,0.0002318146497339,0.0135322621572359,0.0019935133156273
combined_subject_features,h5__eeg3_sigma_relative_power_median_min,0.0,False,False,0.0001561242370671,0.0374870282109919,0.0006370916584297
combined_subject_features,h5__eeg3_beta_power_mean_min,0.0,False,False,75.04731582015997,523574.7509759267,10195.649360651652
combined_subject_features,h5__eeg3_beta_power_std_min,0.0,False,False,135.81675995815647,10660135.696437508,171454.49013668342
combined_subject_features,h5__eeg3_beta_power_median_min,0.0,False,False,1.5072081002028246,194.5484431421825,48.29968783668976
combined_subject_features,h5__eeg3_beta_relative_power_mean_min,0.0,False,False,7.815769393935282e-05,0.0572629249754711,0.0006389618123874
combined_subject_features,h5__eeg3_beta_relative_power_std_min,0.0,False,False,8.61064658922533e-05,0.0332093279113189,0.0008110697005606
combined_subject_features,h5__eeg3_beta_relative_power_median_min,0.0,False,False,4.7027516901132834e-05,0.051105726991148,0.0002852570913047
combined_subject_features,h5__eeg3_theta_alpha_ratio_mean_min,0.0,False,False,2.3801950229745215,13.051018408835091,6.069278162693893
combined_subject_features,h5__eeg3_theta_alpha_ratio_std_min,0.0,False,False,0.7790962640146393,9.573089019560385,5.424710729111019
combined_subject_features,h5__eeg3_theta_alpha_ratio_median_min,0.0,False,False,1.8634279530477056,10.26522693025763,4.191706809210668
combined_subject_features,h5__eeg3_delta_beta_ratio_mean_min,0.0,False,False,25.552072154086257,7561.269880980639,1793.3386774079063
combined_subject_features,h5__eeg3_delta_beta_ratio_std_min,0.0,False,False,132.80543162491503,102636.80038698236,4495.073315330006
combined_subject_features,h5__eeg3_delta_beta_ratio_median_min,0.0,False,False,12.6118469616032,3389.60419465077,303.99893096632667
combined_subject_features,h5__eeg3_delta_sigma_ratio_mean_min,0.0,False,False,27.554114405755502,4295.281962627813,1160.3263267814757
combined_subject_features,h5__eeg3_delta_sigma_ratio_std_min,0.0,False,False,103.11025276776802,29578.43012028972,2232.9097064227312
combined_subject_features,h5__eeg3_delta_sigma_ratio_median_min,0.0,False,False,17.180128187227716,2058.2170507341116,290.5193016962017
combined_subject_features,h5__eeg4_mean_mean_min,0.0,False,False,-4.1172060385565956e-13,-8.671042578698053e-16,-3.372690004935377e-14
combined_subject_features,h5__eeg4_mean_std_min,0.0,False,False,3.5589028504638516e-15,1.234415143448483e-12,1.2035037658238076e-13
combined_subject_features,h5__eeg4_mean_median_min,0.0,False,False,-2.9038010965212557e-15,1.509785361508845e-17,-1.0572709765528261e-16
combined_subject_features,h5__eeg4_std_mean_min,0.0,False,False,24.991166935006543,6087.250510983833,334.86014527374704
combined_subject_features,h5__eeg4_std_std_min,0.0,False,False,51.86670618138415,19792.910944890973,3635.2765300034334
combined_subject_features,h5__eeg4_std_median_min,0.0,False,False,8.551234309728828,97.45419980744968,15.802096014305665
combined_subject_features,h5__eeg4_iqr_mean_min,0.0,False,False,11.269283223914496,731.935538498745,42.27151307971166
combined_subject_features,h5__eeg4_iqr_std_min,0.0,False,False,9.283219540865655,4564.497882016055,128.05700885913038
combined_subject_features,h5__eeg4_iqr_median_min,0.0,False,False,8.576269320608402,47.78614591850421,15.724418432902514
combined_subject_features,h5__eeg4_skew_mean_min,0.0,False,False,-0.8907716702589038,0.7407389404474329,-0.2480973237440164
combined_subject_features,h5__eeg4_skew_std_min,0.0,False,False,0.7508205503891338,2.6176283440896966,1.4565444328016592
combined_subject_features,h5__eeg4_skew_median_min,0.0,False,False,-0.7332866306666386,0.3419711106457914,-0.1114116831394256
combined_subject_features,h5__eeg4_kurtosis_mean_min,0.0,False,False,4.079892780870449,19.57014933136114,7.167666860756115
combined_subject_features,h5__eeg4_kurtosis_std_min,0.0,False,False,8.36614300539598,51.39571526306539,14.902739262875912
combined_subject_features,h5__eeg4_kurtosis_median_min,0.0,False,False,0.0531794335465942,13.221181154969544,1.6319468491361908
combined_subject_features,h5__eeg4_zero_crossings_mean_min,0.0,False,False,69.11299435028249,381.9215053763441,212.05595026642985
combined_subject_features,h5__eeg4_zero_crossings_std_min,0.0,False,False,35.46101631580653,177.95955035623936,106.88616075560984
combined_subject_features,h5__eeg4_zero_crossings_median_min,0.0,False,False,55.0,387.0,179.0
combined_subject_features,h5__eeg4_hjorth_mobility_mean_min,0.0,False,False,0.0295947611074835,0.1466134285547614,0.0761420210546993
combined_subject_features,h5__eeg4_hjorth_mobility_std_min,0.0,False,False,0.013215410233202,0.069660798821503,0.0433596089650021
combined_subject_features,h5__eeg4_hjorth_mobility_median_min,0.0,False,False,0.0258191434996299,0.1507321359531934,0.0635640555532394
combined_subject_features,h5__eeg4_hjorth_complexity_mean_min,0.0,False,False,3.576354370886278,8.185062657655415,4.979367690561214
combined_subject_features,h5__eeg4_hjorth_complexity_std_min,0.0,False,False,0.5729775302969933,3.738008048084178,2.2743495594332903
combined_subject_features,h5__eeg4_hjorth_complexity_median_min,0.0,False,False,3.081833502483526,7.853118409797764,4.190555738840293
combined_subject_features,h5__eeg4_total_power_0p5_30_mean_min,0.0,False,False,2071.85187673586,327376700.22575825,9307894.174801746
combined_subject_features,h5__eeg4_total_power_0p5_30_std_min,0.0,False,False,13589.652602608494,5043049516.501461,134118622.23590502
combined_subject_features,h5__eeg4_total_power_0p5_30_median_min,0.0,False,False,52.52417992709937,6866.636329516291,175.15220647153347
combined_subject_features,h5__eeg4_delta_power_mean_min,0.0,False,False,2004.1666441767677,300186882.5903465,8598962.347857215
combined_subject_features,h5__eeg4_delta_power_std_min,0.0,False,False,13326.650390278744,4629917410.276458,120817002.87737428
combined_subject_features,h5__eeg4_delta_power_median_min,0.0,False,False,38.56303373813949,6735.63224510617,136.68599117510914
combined_subject_features,h5__eeg4_delta_relative_power_mean_min,0.0,False,False,0.7167452160091197,0.9351801776333653,0.8007826439253067
combined_subject_features,h5__eeg4_delta_relative_power_std_min,0.0,False,False,0.0186267066702498,0.1784341263373773,0.085688060530686
combined_subject_features,h5__eeg4_delta_relative_power_median_min,0.0,False,False,0.719511094173662,0.9571327559680688,0.8218347028307937
combined_subject_features,h5__eeg4_theta_power_mean_min,0.0,False,False,29.49794016856065,16884866.478649646,365099.0677030502
combined_subject_features,h5__eeg4_theta_power_std_min,0.0,False,False,136.21011583591306,257100651.865391,4536230.00253553
combined_subject_features,h5__eeg4_theta_power_median_min,0.0,False,False,4.380338890676574,77.49354808993499,11.49203492890274
combined_subject_features,h5__eeg4_theta_relative_power_mean_min,0.0,False,False,0.0077919249743076,0.1255800931175692,0.0550561266788643
combined_subject_features,h5__eeg4_theta_relative_power_std_min,0.0,False,False,0.0104007506482354,0.0935829142537151,0.0393068523930922
combined_subject_features,h5__eeg4_theta_relative_power_median_min,0.0,False,False,0.0040390635774732,0.1280801456284181,0.044615254149191
combined_subject_features,h5__eeg4_alpha_power_mean_min,0.0,False,False,7.068874426034673,3542255.108613885,63744.63236778467
combined_subject_features,h5__eeg4_alpha_power_std_min,0.0,False,False,11.52354891576897,56179722.03837823,961418.077343302
combined_subject_features,h5__eeg4_alpha_power_median_min,0.0,False,False,1.818825147496267,22.85691304502671,5.116153946048733
combined_subject_features,h5__eeg4_alpha_relative_power_mean_min,0.0,False,False,0.0020697625167044,0.0490728857447925,0.0184952305774203
combined_subject_features,h5__eeg4_alpha_relative_power_std_min,0.0,False,False,0.0030181588956933,0.0356998224198128,0.0191473420451532
combined_subject_features,h5__eeg4_alpha_relative_power_median_min,0.0,False,False,0.0007339358903152,0.0500275813401941,0.0111893038436519
combined_subject_features,h5__eeg4_sigma_power_mean_min,0.0,False,False,3.4785311907343313,1445778.408435637,14918.27942114875
combined_subject_features,h5__eeg4_sigma_power_std_min,0.0,False,False,2.973674825278455,24832217.09375053,216609.60273504927
combined_subject_features,h5__eeg4_sigma_power_median_min,0.0,False,False,1.1373857004887773,8.204472198571857,2.7823238812055324
combined_subject_features,h5__eeg4_sigma_relative_power_mean_min,0.0,False,False,0.0011283329678219,0.0257038928333394,0.0089062450583898
combined_subject_features,h5__eeg4_sigma_relative_power_std_min,0.0,False,False,0.0017153303040129,0.0333645562051738,0.010287397103647
combined_subject_features,h5__eeg4_sigma_relative_power_median_min,0.0,False,False,0.0002149144332878,0.026161740653026,0.0044546213845799
combined_subject_features,h5__eeg4_beta_power_mean_min,0.0,False,False,2.269005600989426,1473275.1162969696,7093.691970999642
combined_subject_features,h5__eeg4_beta_power_std_min,0.0,False,False,4.963629831658327,27362885.193378504,177723.17117371093
combined_subject_features,h5__eeg4_beta_power_median_min,0.0,False,False,1.2528138118724876,14.077879075498208,2.213932808560956
combined_subject_features,h5__eeg4_beta_relative_power_mean_min,0.0,False,False,0.0018555250275484,0.0343835677514563,0.0138177221811372
combined_subject_features,h5__eeg4_beta_relative_power_std_min,0.0,False,False,0.0028912211565958,0.0461503086637205,0.0187407957399222
combined_subject_features,h5__eeg4_beta_relative_power_median_min,0.0,False,False,0.0002556409009021,0.0350115658962296,0.0042641245730755
combined_subject_features,h5__eeg4_theta_alpha_ratio_mean_min,0.0,False,False,2.1589461475289022,6.806341904719416,3.629406971091945
combined_subject_features,h5__eeg4_theta_alpha_ratio_std_min,0.0,False,False,0.695693227778466,8.210599175197,4.001077126738025
combined_subject_features,h5__eeg4_theta_alpha_ratio_median_min,0.0,False,False,1.7631331075598424,4.867560814395163,2.5840461820309617
combined_subject_features,h5__eeg4_delta_beta_ratio_mean_min,0.0,False,False,30.89147704646777,7828.897370458658,453.78936937818537
combined_subject_features,h5__eeg4_delta_beta_ratio_std_min,0.0,False,False,81.15562124358185,126328.52839135464,1866.2817483469687
combined_subject_features,h5__eeg4_delta_beta_ratio_median_min,0.0,False,False,11.33042136055276,312.7670259591738,43.96148252261641
combined_subject_features,h5__eeg4_delta_sigma_ratio_mean_min,0.0,False,False,36.63018017588268,3067.2778333126685,423.51474358678536
combined_subject_features,h5__eeg4_delta_sigma_ratio_std_min,0.0,False,False,50.36247668198224,26207.63554246866,1941.2397128489924
combined_subject_features,h5__eeg4_delta_sigma_ratio_median_min,0.0,False,False,17.013147052073233,469.32867744622945,47.159127386215374
combined_subject_features,h5__n_epochs_max,0.0,False,False,70.0,3303.0,2421.0
combined_subject_features,h5__wake_epochs_max,0.0,False,False,57.0,2122.0,1458.0
combined_subject_features,h5__sleep_epochs_max,0.0,False,False,0.0,2776.0,1088.0
combined_subject_features,h5__tst_minutes_from_hypnogram_max,0.0,False,False,0.0,1388.0,544.0
combined_subject_features,h5__sleep_efficiency_epoch_ratio_max,0.0,False,False,0.0,0.9830316742081447,0.9387096774193548
combined_subject_features,h5__Wake_epochs_max,0.0,False,False,57.0,2122.0,1458.0
combined_subject_features,h5__Wake_percentage_max,1.0,True,True,,,
combined_subject_features,h5__N1_epochs_max,0.0,False,False,0.0,362.0,89.0
combined_subject_features,h5__N1_percentage_max,0.02127659574468085,False,False,0.0526918671248568,0.6666666666666666,0.11279461279461275
combined_subject_features,h5__N2_epochs_max,0.0,False,False,0.0,890.0,564.0
combined_subject_features,h5__N2_percentage_max,0.02127659574468085,False,False,0.4027926960257787,1.0,0.6056542732979238
combined_subject_features,h5__N3_epochs_max,0.0,False,False,0.0,419.0,257.0
combined_subject_features,h5__N3_percentage_max,0.02127659574468085,False,False,0.0759606791778373,0.7249190938511327,0.3110705647134488
combined_subject_features,h5__REM_epochs_max,0.0,False,False,0.0,2770.0,308.0
combined_subject_features,h5__REM_percentage_max,0.02127659574468085,False,False,0.1099656357388316,0.9978386167146974,0.31862021124239165
combined_subject_features,h5__eeg1_mean_mean_max,0.0,False,False,-2.103910605933529e-14,5.422634450463123e-13,3.7927209127122966e-14
combined_subject_features,h5__eeg1_mean_std_max,0.0,False,False,1.805504660328568e-13,1.083960567418338e-11,2.181914300268131e-12
combined_subject_features,h5__eeg1_mean_median_max,0.0,False,False,0.0,2.655106613456001e-15,1.504988585141859e-16
combined_subject_features,h5__eeg1_std_mean_max,0.0,False,False,368.9072297764631,91827.85855306408,3236.5208769229366
combined_subject_features,h5__eeg1_std_std_max,0.0,False,False,4031.271748950463,227633.87626070873,24949.68072831765
combined_subject_features,h5__eeg1_std_median_max,0.0,False,False,10.96252939431319,11521.330278263347,101.06912152262012
combined_subject_features,h5__eeg1_iqr_mean_max,0.0,False,False,69.27722711430505,89787.34488299685,587.4673100481624
combined_subject_features,h5__eeg1_iqr_std_max,0.0,False,False,306.0007790348978,292365.038705246,6431.398231898022
combined_subject_features,h5__eeg1_iqr_median_max,0.0,False,False,13.43778216391771,1468.4327765229336,74.83752843122654
combined_subject_features,h5__eeg1_skew_mean_max,0.0,False,False,-0.5269472650973103,1.8289054441782544,0.5948518892559338
combined_subject_features,h5__eeg1_skew_std_max,0.0,False,False,1.8313066125722632,4.216682881020879,2.787434104305535
combined_subject_features,h5__eeg1_skew_median_max,0.0,False,False,-0.3598926014253534,2.0991966038953604,0.2751470498855875
combined_subject_features,h5__eeg1_kurtosis_mean_max,0.0,False,False,11.575494484701318,43.131844592539146,21.80583288099955
combined_subject_features,h5__eeg1_kurtosis_std_max,0.0,False,False,22.08936770406808,119.79321980941086,45.90852415218416
combined_subject_features,h5__eeg1_kurtosis_median_max,0.0,False,False,1.115320439032136,20.85807990200328,9.56563841801359
combined_subject_features,h5__eeg1_zero_crossings_mean_max,0.0,False,False,240.32857142857145,502.2006313574184,322.4872379216044
combined_subject_features,h5__eeg1_zero_crossings_std_max,0.0,False,False,40.14653940938786,322.8411035630385,162.80027311768438
combined_subject_features,h5__eeg1_zero_crossings_median_max,0.0,False,False,218.0,510.0,307.0
combined_subject_features,h5__eeg1_hjorth_mobility_mean_max,0.0,False,False,0.0904083197038336,0.2092471269592844,0.1167360362487609
combined_subject_features,h5__eeg1_hjorth_mobility_std_max,0.0,False,False,0.0258688108310808,0.1754580344037261,0.0704676593751069
combined_subject_features,h5__eeg1_hjorth_mobility_median_max,0.0,False,False,0.0703535185295997,0.2251806116983691,0.1073901184418472
combined_subject_features,h5__eeg1_hjorth_complexity_mean_max,0.0,False,False,3.8302898696681393,10.007830184841035,5.964478053342497
combined_subject_features,h5__eeg1_hjorth_complexity_std_max,0.0,False,False,0.5613762549577694,5.776662309281226,3.1579100572750227
combined_subject_features,h5__eeg1_hjorth_complexity_median_max,0.0,False,False,3.865278534879082,9.885402370507627,5.2813057701955435
combined_subject_features,h5__eeg1_total_power_0p5_30_mean_max,0.0,False,False,10954396.306576936,53024160676.45523,513658522.08751845
combined_subject_features,h5__eeg1_total_power_0p5_30_std_max,0.0,False,False,306881595.4389659,220513369900.00015,7865489386.417327
combined_subject_features,h5__eeg1_total_power_0p5_30_median_max,0.0,False,False,111.39939823798576,90795562.9332748,6614.928431220529
combined_subject_features,h5__eeg1_delta_power_mean_max,0.0,False,False,10080690.557089863,43997195087.47289,481432132.36427456
combined_subject_features,h5__eeg1_delta_power_std_max,0.0,False,False,296323274.53706634,176870835403.08688,7388182379.67112
combined_subject_features,h5__eeg1_delta_power_median_max,0.0,False,False,87.71370343886878,78829893.69100279,5753.594852912171
combined_subject_features,h5__eeg1_delta_relative_power_mean_max,0.0,False,False,0.7517559561094035,0.9396363700307878,0.8654865946026706
combined_subject_features,h5__eeg1_delta_relative_power_std_max,0.0,False,False,0.0816971844919814,0.2396536699009151,0.1510954061218452
combined_subject_features,h5__eeg1_delta_relative_power_median_max,0.0,False,False,0.7798388228329869,0.9726796764106774,0.8955344238522619
combined_subject_features,h5__eeg1_theta_power_mean_max,0.0,False,False,572845.2190583686,6582002148.061404,20175740.763277292
combined_subject_features,h5__eeg1_theta_power_std_max,0.0,False,False,8369479.379048591,34367840859.12506,453750332.7031952
combined_subject_features,h5__eeg1_theta_power_median_max,0.0,False,False,12.25638947837204,1532379.1464101132,334.6742358629309
combined_subject_features,h5__eeg1_theta_relative_power_mean_max,0.0,False,False,0.073703195068577,0.1638502450908948,0.1123341551818187
combined_subject_features,h5__eeg1_theta_relative_power_std_max,0.0,False,False,0.0448280817062592,0.1495406123624993,0.0739966331194415
combined_subject_features,h5__eeg1_theta_relative_power_median_max,0.0,False,False,0.0560309199576795,0.154602515308779,0.1034050475472789
combined_subject_features,h5__eeg1_alpha_power_mean_max,0.0,False,False,117467.30344437186,763260855.045094,3290265.7829572577
combined_subject_features,h5__eeg1_alpha_power_std_max,0.0,False,False,1204321.5210195573,4813260575.68353,72942346.96271783
combined_subject_features,h5__eeg1_alpha_power_median_max,0.0,False,False,4.016243720888625,116299.84004585656,68.60563413006874
combined_subject_features,h5__eeg1_alpha_relative_power_mean_max,0.0,False,False,0.0234202758630228,0.0944712827063783,0.0429873961298133
combined_subject_features,h5__eeg1_alpha_relative_power_std_max,0.0,False,False,0.022353151459335,0.11877852346396,0.0423776685138213
combined_subject_features,h5__eeg1_alpha_relative_power_median_max,0.0,False,False,0.0134816028709783,0.0821615219068105,0.0367997587003129
combined_subject_features,h5__eeg1_sigma_power_mean_max,0.0,False,False,31949.0993726779,217896724.39699548,1239996.5419544452
combined_subject_features,h5__eeg1_sigma_power_std_max,0.0,False,False,277830.98597443703,1462221099.1368349,26547886.355199233
combined_subject_features,h5__eeg1_sigma_power_median_max,0.0,False,False,2.012854362554068,34192.65450665915,26.435504764794953
combined_subject_features,h5__eeg1_sigma_relative_power_mean_max,0.0,False,False,0.0087541298078753,0.069617421712933,0.0196214532060497
combined_subject_features,h5__eeg1_sigma_relative_power_std_max,0.0,False,False,0.0106970816509956,0.0625284441521544,0.0189377002122976
combined_subject_features,h5__eeg1_sigma_relative_power_median_max,0.0,False,False,0.0036057284461818,0.0825469564563153,0.0148100783480386
combined_subject_features,h5__eeg1_beta_power_mean_max,0.0,False,False,20598.83015688737,151556150.59475732,876423.5511191798
combined_subject_features,h5__eeg1_beta_power_std_max,0.0,False,False,226232.95368388493,1246881321.5990157,19553830.602799475
combined_subject_features,h5__eeg1_beta_power_median_max,0.0,False,False,2.6852819296559987,18178.704636767292,41.3513173662632
combined_subject_features,h5__eeg1_beta_relative_power_mean_max,0.0,False,False,0.0131438747799459,0.0889618929109933,0.0284157528527144
combined_subject_features,h5__eeg1_beta_relative_power_std_max,0.0,False,False,0.0147018294725736,0.1342936101317181,0.0357060783717439
combined_subject_features,h5__eeg1_beta_relative_power_median_max,0.0,False,False,0.0019708582845503,0.0927604010150177,0.0157204210036605
combined_subject_features,h5__eeg1_theta_alpha_ratio_mean_max,0.0,False,False,3.292296616951884,16.208402214100637,7.017080310043625
combined_subject_features,h5__eeg1_theta_alpha_ratio_std_max,0.0,False,False,1.4360490767462195,50.095152626445355,8.806207038056982
combined_subject_features,h5__eeg1_theta_alpha_ratio_median_max,0.0,False,False,2.7268407860213673,9.393983034043242,4.523217524732617
combined_subject_features,h5__eeg1_delta_beta_ratio_mean_max,0.0,False,False,38.02724347697278,59595.21656073565,3164.066699428611
combined_subject_features,h5__eeg1_delta_beta_ratio_std_max,0.0,False,False,48.94704426435941,544363.8238416798,26321.25724343803
combined_subject_features,h5__eeg1_delta_beta_ratio_median_max,0.0,False,False,30.1576679081607,2351.3154528209307,201.9595239722376
combined_subject_features,h5__eeg1_delta_sigma_ratio_mean_max,0.0,False,False,49.38545680378754,23162.19483901384,2130.9384171789316
combined_subject_features,h5__eeg1_delta_sigma_ratio_std_max,0.0,False,False,42.46715222069151,133153.59626018975,11696.814091186823
combined_subject_features,h5__eeg1_delta_sigma_ratio_median_max,0.0,False,False,40.83963846815561,1124.6376690822294,196.33571710220764
combined_subject_features,h5__eeg2_mean_mean_max,0.0,False,False,-1.6161013495051537e-14,3.2093588499835217e-13,5.6162160706677654e-14
combined_subject_features,h5__eeg2_mean_std_max,0.0,False,False,2.4225906556684324e-13,2.2606713424901302e-11,2.8880039321606813e-12
combined_subject_features,h5__eeg2_mean_median_max,0.0,False,False,-2.89840298002261e-15,2.534974594303268e-13,1.286392599352684e-16
combined_subject_features,h5__eeg2_std_mean_max,0.0,False,False,706.3611313579975,155571.7085403015,4468.334268834979
combined_subject_features,h5__eeg2_std_std_max,0.0,False,False,6446.122597408663,297740.45930826967,26978.486889658736
combined_subject_features,h5__eeg2_std_median_max,0.0,False,False,8.904116585032664,35006.78964448235,108.19029456967814
combined_subject_features,h5__eeg2_iqr_mean_max,0.0,False,False,86.73528132108174,160960.40285073136,972.6822828187458
combined_subject_features,h5__eeg2_iqr_std_max,0.0,False,False,494.762594898408,407345.581157451,7794.881597257725
combined_subject_features,h5__eeg2_iqr_median_max,0.0,False,False,11.635384691030822,4984.466162007767,81.80297463382418
combined_subject_features,h5__eeg2_skew_mean_max,0.0,False,False,-0.2957791657943099,1.967930195653712,0.4770750665203749
combined_subject_features,h5__eeg2_skew_std_max,0.0,False,False,1.9327707256223532,4.3225352135060415,2.790220827604429
combined_subject_features,h5__eeg2_skew_median_max,0.0,False,False,-0.3401984310137647,2.01907159210593,0.2055038606741614
combined_subject_features,h5__eeg2_kurtosis_mean_max,0.0,False,False,11.077289091813723,45.22776702720133,21.558715460277835
combined_subject_features,h5__eeg2_kurtosis_std_max,0.0,False,False,25.31430105945805,95.60956691787403,45.950436340618786
combined_subject_features,h5__eeg2_kurtosis_median_max,0.0,False,False,0.3577864991275461,20.64836704372674,9.422346386681742
combined_subject_features,h5__eeg2_zero_crossings_mean_max,0.0,False,False,201.4,505.9597315436242,319.4264633546483
combined_subject_features,h5__eeg2_zero_crossings_std_max,0.0,False,False,58.85559300557603,435.4075429190576,170.95516317981907
combined_subject_features,h5__eeg2_zero_crossings_median_max,0.0,False,False,179.0,514.0,309.0
combined_subject_features,h5__eeg2_hjorth_mobility_mean_max,0.0,False,False,0.0776468083298645,0.1968164675487297,0.1134230600814789
combined_subject_features,h5__eeg2_hjorth_mobility_std_max,0.0,False,False,0.0374350779098635,0.1918797163827837,0.0684516478553181
combined_subject_features,h5__eeg2_hjorth_mobility_median_max,0.0,False,False,0.0543778281518312,0.2020501994605788,0.1026317336331463
combined_subject_features,h5__eeg2_hjorth_complexity_mean_max,0.0,False,False,2.771898224143568,11.177771497259156,6.254169207447889
combined_subject_features,h5__eeg2_hjorth_complexity_std_max,0.0,False,False,0.6150807933557229,6.276142188066851,3.1344716599403735
combined_subject_features,h5__eeg2_hjorth_complexity_median_max,0.0,False,False,2.616179130856405,11.095425647394592,5.446780721358664
combined_subject_features,h5__eeg2_total_power_0p5_30_mean_max,0.0,False,False,33665418.470487654,99777211513.75548,595904176.2000623
combined_subject_features,h5__eeg2_total_power_0p5_30_std_max,0.0,False,False,385567217.5566242,374372037708.4879,10459145190.281776
combined_subject_features,h5__eeg2_total_power_0p5_30_median_max,0.0,False,False,74.56593455334516,635944992.750869,7895.633430697999
combined_subject_features,h5__eeg2_delta_power_mean_max,0.0,False,False,31954421.060374744,83222148652.00641,578231395.6313822
combined_subject_features,h5__eeg2_delta_power_std_max,0.0,False,False,371258261.8509156,283974252598.7123,9250121191.216312
combined_subject_features,h5__eeg2_delta_power_median_max,0.0,False,False,41.42877073344391,630050683.536267,6411.6667739224395
combined_subject_features,h5__eeg2_delta_relative_power_mean_max,0.0,False,False,0.5646082117534693,0.9828917019747824,0.8803143183109219
combined_subject_features,h5__eeg2_delta_relative_power_std_max,0.0,False,False,0.0968154200476635,0.2410049343936752,0.1505195542441898
combined_subject_features,h5__eeg2_delta_relative_power_median_max,0.0,False,False,0.5518156590488266,0.9917471376597526,0.9034849674084922
combined_subject_features,h5__eeg2_theta_power_mean_max,0.0,False,False,1120838.7151278756,11918878973.69132,29249709.526826963
combined_subject_features,h5__eeg2_theta_power_std_max,0.0,False,False,12299093.97933122,75058711723.7541,538668209.438074
combined_subject_features,h5__eeg2_theta_power_median_max,0.0,False,False,15.312914670210484,4210621.062085518,519.6371805535152
combined_subject_features,h5__eeg2_theta_relative_power_mean_max,0.0,False,False,0.0593937284054729,0.2005068700084891,0.1062778974652489
combined_subject_features,h5__eeg2_theta_relative_power_std_max,0.0,False,False,0.0490162905699028,0.1923205469736388,0.0714877729058422
combined_subject_features,h5__eeg2_theta_relative_power_median_max,0.0,False,False,0.0499186716374432,0.2023373881669541,0.1019000332377623
combined_subject_features,h5__eeg2_alpha_power_mean_max,0.0,False,False,195820.9265478737,1292451572.612171,5153509.917668574
combined_subject_features,h5__eeg2_alpha_power_std_max,0.0,False,False,2167761.928215046,9289366002.215733,111212335.93991075
combined_subject_features,h5__eeg2_alpha_power_median_max,0.0,False,False,6.7775588068357955,557575.8165062964,93.23213919784128
combined_subject_features,h5__eeg2_alpha_relative_power_mean_max,0.0,False,False,0.0159107448483873,0.0892915279508647,0.043546043359388
combined_subject_features,h5__eeg2_alpha_relative_power_std_max,0.0,False,False,0.020929491005992,0.1295006901511161,0.0460357394420952
combined_subject_features,h5__eeg2_alpha_relative_power_median_max,0.0,False,False,0.0051898608263126,0.0887984103566457,0.0351154680241688
combined_subject_features,h5__eeg2_sigma_power_mean_max,0.0,False,False,54854.72534512813,405910217.54658866,1825293.289987018
combined_subject_features,h5__eeg2_sigma_power_std_max,0.0,False,False,381941.6796005833,3058813989.463379,38989139.24021575
combined_subject_features,h5__eeg2_sigma_power_median_max,0.0,False,False,3.677768196743356,100025.55716114792,35.35709558917152
combined_subject_features,h5__eeg2_sigma_relative_power_mean_max,0.0,False,False,0.0065168047899836,0.0490998742506197,0.0181280486714269
combined_subject_features,h5__eeg2_sigma_relative_power_std_max,0.0,False,False,0.0098207541220381,0.0905302099297065,0.0174555462429832
combined_subject_features,h5__eeg2_sigma_relative_power_median_max,0.0,False,False,0.0012613495176968,0.0489960619486387,0.0132159325745197
combined_subject_features,h5__eeg2_beta_power_mean_max,0.0,False,False,40702.507495286736,262608713.4349041,1285577.522151933
combined_subject_features,h5__eeg2_beta_power_std_max,0.0,False,False,135431.91768808497,2115087193.2050524,30732481.52846401
combined_subject_features,h5__eeg2_beta_power_median_max,0.0,False,False,4.702863322542641,24757.37141005074,43.85494164754547
combined_subject_features,h5__eeg2_beta_relative_power_mean_max,0.0,False,False,0.0107533414895312,0.0655009373338772,0.0253756470892271
combined_subject_features,h5__eeg2_beta_relative_power_std_max,0.0,False,False,0.0127488414376999,0.1325782116899863,0.0334950455089266
combined_subject_features,h5__eeg2_beta_relative_power_median_max,0.0,False,False,0.000802256923579,0.0656092891681171,0.0134991807226958
combined_subject_features,h5__eeg2_theta_alpha_ratio_mean_max,0.0,False,False,2.6225381376963113,36.07265191284918,6.908389761793259
combined_subject_features,h5__eeg2_theta_alpha_ratio_std_max,0.0,False,False,1.1538813810174082,60.83200148386644,9.406542340673262
combined_subject_features,h5__eeg2_theta_alpha_ratio_median_max,0.0,False,False,2.3016554796206874,13.612695400751631,4.794457625907748
combined_subject_features,h5__eeg2_delta_beta_ratio_mean_max,0.0,False,False,16.488873460976837,100790.6277190488,3927.9989991380694
combined_subject_features,h5__eeg2_delta_beta_ratio_std_max,0.0,False,False,38.26189614236863,1027894.734071462,25682.446524214894
combined_subject_features,h5__eeg2_delta_beta_ratio_median_max,0.0,False,False,8.312148515494597,5767.091386436416,311.1725471023999
combined_subject_features,h5__eeg2_delta_sigma_ratio_mean_max,0.0,False,False,20.281848683872344,57252.577600974466,2241.654489514434
combined_subject_features,h5__eeg2_delta_sigma_ratio_std_max,0.0,False,False,36.95310423852144,277053.10102322284,13823.341125357578
combined_subject_features,h5__eeg2_delta_sigma_ratio_median_max,0.0,False,False,11.2199181069056,3013.5758476339843,231.89653893100203
combined_subject_features,h5__eeg3_mean_mean_max,0.0,False,False,3.3663545949517362e-15,6.923201482845986e-13,4.3210185484863906e-14
combined_subject_features,h5__eeg3_mean_std_max,0.0,False,False,1.2316592078594426e-13,1.0229726750025074e-11,2.3558325598398537e-12
combined_subject_features,h5__eeg3_mean_median_max,0.0,False,False,-3.0272090992308887e-16,4.644228264372399e-14,1.929194647801518e-15
combined_subject_features,h5__eeg3_std_mean_max,0.0,False,False,876.1038528175359,38500.70579583479,7466.519724910876
combined_subject_features,h5__eeg3_std_std_max,0.0,False,False,3807.407858245299,91948.18137013268,20130.433104941378
combined_subject_features,h5__eeg3_std_median_max,0.0,False,False,8.579369902448928,33894.55095972056,1678.6793569969975
combined_subject_features,h5__eeg3_iqr_mean_max,0.0,False,False,93.48892908359156,25929.318664610502,2929.4257476149555
combined_subject_features,h5__eeg3_iqr_std_max,0.0,False,False,442.4615287908141,94488.13270628436,6991.442394883719
combined_subject_features,h5__eeg3_iqr_median_max,0.0,False,False,11.168697033484143,9724.507655048685,1601.012706037237
combined_subject_features,h5__eeg3_skew_mean_max,0.0,False,False,-0.0123785374443879,1.1076841253034817,0.5003585165332692
combined_subject_features,h5__eeg3_skew_std_max,0.0,False,False,0.9247335354121716,2.684157299680932,1.9570822211298624
combined_subject_features,h5__eeg3_skew_median_max,0.0,False,False,-0.0302977142519146,0.9170562315569109,0.2618672428293227
combined_subject_features,h5__eeg3_kurtosis_mean_max,0.0,False,False,5.810870356979078,19.62964325376551,12.889234266318208
combined_subject_features,h5__eeg3_kurtosis_std_max,0.0,False,False,12.31420451556766,57.66218332033272,23.05609149954528
combined_subject_features,h5__eeg3_kurtosis_median_max,0.0,False,False,-0.2963822166334102,13.058288175047512,5.8353842959607904
combined_subject_features,h5__eeg3_zero_crossings_mean_max,0.0,False,False,98.95762711864408,429.09354838709675,173.5541706615532
combined_subject_features,h5__eeg3_zero_crossings_std_max,0.0,False,False,38.071819007343706,258.82065737411006,93.333865728972
combined_subject_features,h5__eeg3_zero_crossings_median_max,0.0,False,False,79.0,435.0,153.0
combined_subject_features,h5__eeg3_hjorth_mobility_mean_max,0.0,False,False,0.0510242897318791,0.1807811477468914,0.0724526890582547
combined_subject_features,h5__eeg3_hjorth_mobility_std_max,0.0,False,False,0.0168511106820465,0.1495252236942133,0.0397597672686024
combined_subject_features,h5__eeg3_hjorth_mobility_median_max,0.0,False,False,0.0384865475629595,0.1778015149987431,0.0635315650511301
combined_subject_features,h5__eeg3_hjorth_complexity_mean_max,0.0,False,False,3.045577699159443,9.12529650771938,6.307112121478504
combined_subject_features,h5__eeg3_hjorth_complexity_std_max,0.0,False,False,0.527333747178797,4.712321935302272,2.522902137128856
combined_subject_features,h5__eeg3_hjorth_complexity_median_max,0.0,False,False,2.9732644938501274,8.968541919703341,5.836106109996807
combined_subject_features,h5__eeg3_total_power_0p5_30_mean_max,0.0,False,False,15906208.158766648,7663337427.392468,326185706.3814316
combined_subject_features,h5__eeg3_total_power_0p5_30_std_max,0.0,False,False,112581806.4821867,52252742267.23338,3832018640.8868914
combined_subject_features,h5__eeg3_total_power_0p5_30_median_max,0.0,False,False,67.93625634180432,410186490.4683546,1979075.1659808944
combined_subject_features,h5__eeg3_delta_power_mean_max,0.0,False,False,15700910.785527838,6935105501.654721,315186863.95424277
combined_subject_features,h5__eeg3_delta_power_std_max,0.0,False,False,111559315.31679703,46982127369.11349,3563714433.9073386
combined_subject_features,h5__eeg3_delta_power_median_max,0.0,False,False,44.58867381411208,404007013.42837214,1852328.7790743385
combined_subject_features,h5__eeg3_delta_relative_power_mean_max,0.0,False,False,0.6523784470783976,0.9761344583401588,0.947430650514409
combined_subject_features,h5__eeg3_delta_relative_power_std_max,0.0,False,False,0.049990680071618,0.2762321924394321,0.1128494683109522
combined_subject_features,h5__eeg3_delta_relative_power_median_max,0.0,False,False,0.6474068418149116,0.9905966136780442,0.9613645715298312
combined_subject_features,h5__eeg3_theta_power_mean_max,0.0,False,False,133694.96273047922,483913340.87577426,10419393.541502416
combined_subject_features,h5__eeg3_theta_power_std_max,0.0,False,False,597797.3859567618,3649615810.6471863,138963751.11847243
combined_subject_features,h5__eeg3_theta_power_median_max,0.0,False,False,10.996717914512647,4938031.699229651,66939.34093384363
combined_subject_features,h5__eeg3_theta_relative_power_mean_max,0.0,False,False,0.0383554805636311,0.2009818384982229,0.0746287842537025
combined_subject_features,h5__eeg3_theta_relative_power_std_max,0.0,False,False,0.0361648293660313,0.1256653548807677,0.0658335310173629
combined_subject_features,h5__eeg3_theta_relative_power_median_max,0.0,False,False,0.0282746224510875,0.1799990244479928,0.056175024974664
combined_subject_features,h5__eeg3_alpha_power_mean_max,0.0,False,False,31601.26867101402,86779690.28037202,2368490.808883954
combined_subject_features,h5__eeg3_alpha_power_std_max,0.0,False,False,228356.65834701844,686752804.2157009,27588932.113316767
combined_subject_features,h5__eeg3_alpha_power_median_max,0.0,False,False,4.732588105545193,837328.0395193519,7719.001509903798
combined_subject_features,h5__eeg3_alpha_relative_power_mean_max,0.0,False,False,0.0055810284975017,0.0793043123117218,0.0187924397242994
combined_subject_features,h5__eeg3_alpha_relative_power_std_max,0.0,False,False,0.0065876556986025,0.182375544072959,0.0247245097552053
combined_subject_features,h5__eeg3_alpha_relative_power_median_max,0.0,False,False,0.0024540509337186,0.0694148338956633,0.0109881297102857
combined_subject_features,h5__eeg3_sigma_power_mean_max,0.0,False,False,2484.4311279035055,30235355.991417,739936.9990292012
combined_subject_features,h5__eeg3_sigma_power_std_max,0.0,False,False,14448.582702958633,247656782.83853537,10433016.10812691
combined_subject_features,h5__eeg3_sigma_power_median_max,0.0,False,False,2.5415997175285847,196404.56872657023,1309.6625978593074
combined_subject_features,h5__eeg3_sigma_relative_power_mean_max,0.0,False,False,0.0018637931875977,0.0475199504678786,0.0067846954730524
combined_subject_features,h5__eeg3_sigma_relative_power_std_max,0.0,False,False,0.0030132222111164,0.1129701724353686,0.0121051422831198
combined_subject_features,h5__eeg3_sigma_relative_power_median_max,0.0,False,False,0.0004571586976735,0.0374870282109919,0.0030978046757781
combined_subject_features,h5__eeg3_beta_power_mean_max,0.0,False,False,1396.0220909169034,18908205.18204549,491941.32383908494
combined_subject_features,h5__eeg3_beta_power_std_max,0.0,False,False,6194.2293969985985,152563907.10882407,8604364.315582069
combined_subject_features,h5__eeg3_beta_power_median_max,0.0,False,False,3.3854707830441617,56230.76791348266,448.0158909725474
combined_subject_features,h5__eeg3_beta_relative_power_mean_max,0.0,False,False,0.0014694798582437,0.0572629249754711,0.0087164121679784
combined_subject_features,h5__eeg3_beta_relative_power_std_max,0.0,False,False,0.0025809149652071,0.0781627299746443,0.0152364683420908
combined_subject_features,h5__eeg3_beta_relative_power_median_max,0.0,False,False,0.0002868464677318,0.051105726991148,0.0030614057869899
combined_subject_features,h5__eeg3_theta_alpha_ratio_mean_max,0.0,False,False,2.3801950229745215,26.262259905789566,12.145269184168296
combined_subject_features,h5__eeg3_theta_alpha_ratio_std_max,0.0,False,False,0.7790962640146393,44.149253119385385,11.65418326374718
combined_subject_features,h5__eeg3_theta_alpha_ratio_median_max,0.0,False,False,2.288134681346926,19.280171122487246,9.23124532783082
combined_subject_features,h5__eeg3_delta_beta_ratio_mean_max,0.0,False,False,25.552072154086257,337881.7946820852,10092.114186308683
combined_subject_features,h5__eeg3_delta_beta_ratio_std_max,0.0,False,False,132.80543162491503,2112858.658640735,42418.409458308706
combined_subject_features,h5__eeg3_delta_beta_ratio_median_max,0.0,False,False,12.6118469616032,20765.011606253564,3367.7357782398685
combined_subject_features,h5__eeg3_delta_sigma_ratio_mean_max,0.0,False,False,27.554114405755502,98974.3879020684,4417.802087470755
combined_subject_features,h5__eeg3_delta_sigma_ratio_std_max,0.0,False,False,103.11025276776802,424380.39327820594,20323.835322487314
combined_subject_features,h5__eeg3_delta_sigma_ratio_median_max,0.0,False,False,17.180128187227716,6372.800906683478,1505.095639054222
combined_subject_features,h5__eeg4_mean_mean_max,0.0,False,False,-2.4590844179403705e-14,3.0581467039056346e-13,4.2152332181248093e-14
combined_subject_features,h5__eeg4_mean_std_max,0.0,False,False,1.4363727722646345e-13,1.0037531409660028e-11,2.173373420482048e-12
combined_subject_features,h5__eeg4_mean_median_max,0.0,False,False,-1.8115018625141316e-16,1.94960832348133e-13,7.571046731594035e-17
combined_subject_features,h5__eeg4_std_mean_max,0.0,False,False,728.7868792804638,62877.67252641868,3180.62580571089
combined_subject_features,h5__eeg4_std_std_max,0.0,False,False,4530.813465184316,181203.62096026377,19266.04941383119
combined_subject_features,h5__eeg4_std_median_max,0.0,False,False,10.781016338262267,38667.591432172434,72.34240310589487
combined_subject_features,h5__eeg4_iqr_mean_max,0.0,False,False,59.12990021713019,61946.41921905005,711.7077934348126
combined_subject_features,h5__eeg4_iqr_std_max,0.0,False,False,43.24873860984088,257706.3697369206,4685.488778141717
combined_subject_features,h5__eeg4_iqr_median_max,0.0,False,False,13.31385341843148,1360.344174768652,49.82278420374478
combined_subject_features,h5__eeg4_skew_mean_max,0.0,False,False,-0.1517054716431003,0.9781900829269874,0.163756367272734
combined_subject_features,h5__eeg4_skew_std_max,0.0,False,False,0.9062175067387946,4.1891026461508405,2.686476741108578
combined_subject_features,h5__eeg4_skew_median_max,0.0,False,False,-0.4058546034240434,0.8096621670924913,0.0833400942941848
combined_subject_features,h5__eeg4_kurtosis_mean_max,0.0,False,False,4.954779337357165,37.021559291369655,19.57014933136114
combined_subject_features,h5__eeg4_kurtosis_std_max,0.0,False,False,14.902739262875912,74.99676237828481,38.94791538614767
combined_subject_features,h5__eeg4_kurtosis_median_max,0.0,False,False,0.8670797957336314,15.719207894522269,6.837010454312155
combined_subject_features,h5__eeg4_zero_crossings_mean_max,0.0,False,False,203.28571428571428,630.761744966443,340.7007772020725
combined_subject_features,h5__eeg4_zero_crossings_std_max,0.0,False,False,47.53233865905177,374.186222496562,183.8078525331017
combined_subject_features,h5__eeg4_zero_crossings_median_max,0.0,False,False,190.5,616.5,333.0
combined_subject_features,h5__eeg4_hjorth_mobility_mean_max,0.0,False,False,0.0651411885271083,0.206177468789893,0.1166370546029647
combined_subject_features,h5__eeg4_hjorth_mobility_std_max,0.0,False,False,0.0216588285319332,0.150463409716744,0.071571005563418
combined_subject_features,h5__eeg4_hjorth_mobility_median_max,0.0,False,False,0.0553345831398098,0.1867800305324668,0.1088633715412726
combined_subject_features,h5__eeg4_hjorth_complexity_mean_max,0.0,False,False,3.576354370886278,11.47406199453067,6.841081361826993
combined_subject_features,h5__eeg4_hjorth_complexity_std_max,0.0,False,False,0.5729775302969933,6.518140278595393,3.792784324567009
combined_subject_features,h5__eeg4_hjorth_complexity_median_max,0.0,False,False,3.4409728082588886,12.114433095578931,5.920016898952463
combined_subject_features,h5__eeg4_total_power_0p5_30_mean_max,0.0,False,False,20745091.17435128,31461632131.718506,327376700.22575825
combined_subject_features,h5__eeg4_total_power_0p5_30_std_max,0.0,False,False,123972075.64642422,159467190504.91824,4657452530.016702
combined_subject_features,h5__eeg4_total_power_0p5_30_median_max,0.0,False,False,108.15418425259594,547118586.8206474,2521.128648117718
combined_subject_features,h5__eeg4_delta_power_mean_max,0.0,False,False,19828980.808040313,29161849674.89187,300879391.8128672
combined_subject_features,h5__eeg4_delta_power_std_max,0.0,False,False,120817002.87737428,148162636684.17374,4362613908.847978
combined_subject_features,h5__eeg4_delta_power_median_max,0.0,False,False,79.76868356417114,539061190.5327947,2378.077595406621
combined_subject_features,h5__eeg4_delta_relative_power_mean_max,0.0,False,False,0.7413892583358835,0.9855788966391336,0.887059061238326
combined_subject_features,h5__eeg4_delta_relative_power_std_max,0.0,False,False,0.0648733664178778,0.2215588111498216,0.1438753488492597
combined_subject_features,h5__eeg4_delta_relative_power_median_max,0.0,False,False,0.7339800646786981,0.9932435056028416,0.9114437134521048
combined_subject_features,h5__eeg4_theta_power_mean_max,0.0,False,False,541008.0497773607,1686475170.4329574,12739830.722293314
combined_subject_features,h5__eeg4_theta_power_std_max,0.0,False,False,3300702.573707266,9007977412.74687,222388680.7887624
combined_subject_features,h5__eeg4_theta_power_median_max,0.0,False,False,14.03642877780428,5805372.698288002,102.87438389777772
combined_subject_features,h5__eeg4_theta_relative_power_mean_max,0.0,False,False,0.0334549913063909,0.1255800931175692,0.0897885357024759
combined_subject_features,h5__eeg4_theta_relative_power_std_max,0.0,False,False,0.0322293612169806,0.1134517981576761,0.0592744491134736
combined_subject_features,h5__eeg4_theta_relative_power_median_max,0.0,False,False,0.0231808481825038,0.1280801456284181,0.0823029453440106
combined_subject_features,h5__eeg4_alpha_power_mean_max,0.0,False,False,138448.72863361225,164324264.134631,2625004.008265848
combined_subject_features,h5__eeg4_alpha_power_std_max,0.0,False,False,961418.077343302,1011766536.3475832,49039066.17457149
combined_subject_features,h5__eeg4_alpha_power_median_max,0.0,False,False,4.138977495003065,952429.353298405,22.491035693517183
combined_subject_features,h5__eeg4_alpha_relative_power_mean_max,0.0,False,False,0.0095047722752375,0.0678510716088458,0.0418902623359638
combined_subject_features,h5__eeg4_alpha_relative_power_std_max,0.0,False,False,0.0127744938653996,0.0826238387670747,0.0374450722286685
combined_subject_features,h5__eeg4_alpha_relative_power_median_max,0.0,False,False,0.0046009226720859,0.0651171199596356,0.031485023624624
combined_subject_features,h5__eeg4_sigma_power_mean_max,0.0,False,False,48052.41180510834,48770761.33229304,889799.1996080494
combined_subject_features,h5__eeg4_sigma_power_std_max,0.0,False,False,344600.49161155405,315144250.3636211,20037608.187949132
combined_subject_features,h5__eeg4_sigma_power_median_max,0.0,False,False,1.875172279441476,131764.07629977944,12.335337001648591
combined_subject_features,h5__eeg4_sigma_relative_power_mean_max,0.0,False,False,0.0046789328129526,0.0529196092825386,0.0231715433366499
combined_subject_features,h5__eeg4_sigma_relative_power_std_max,0.0,False,False,0.0064955936196361,0.0610828016145669,0.0240723592895891
combined_subject_features,h5__eeg4_sigma_relative_power_median_max,0.0,False,False,0.0020422268961492,0.0427749194957966,0.0170551495532757
combined_subject_features,h5__eeg4_beta_power_mean_max,0.0,False,False,30998.915682580497,28495682.37332046,631101.3501891987
combined_subject_features,h5__eeg4_beta_power_std_max,0.0,False,False,269993.0428755674,192715596.2794239,14185569.373273546
combined_subject_features,h5__eeg4_beta_power_median_max,0.0,False,False,3.655994569873896,40265.41382576832,21.199641869041155
combined_subject_features,h5__eeg4_beta_relative_power_mean_max,0.0,False,False,0.0098739220406428,0.145390425748016,0.0343835677514563
combined_subject_features,h5__eeg4_beta_relative_power_std_max,0.0,False,False,0.0106475559615358,0.1845945332037692,0.0481646016607247
combined_subject_features,h5__eeg4_beta_relative_power_median_max,0.0,False,False,0.0030732755701521,0.066816470934977,0.0183203480241362
combined_subject_features,h5__eeg4_theta_alpha_ratio_mean_max,0.0,False,False,2.6377772658146257,15.897376852719807,6.729676390733495
combined_subject_features,h5__eeg4_theta_alpha_ratio_std_max,0.0,False,False,0.695693227778466,47.42780468286747,9.570962982913242
combined_subject_features,h5__eeg4_theta_alpha_ratio_median_max,0.0,False,False,2.5698330619805247,8.502173054944429,4.5742897858210245
combined_subject_features,h5__eeg4_delta_beta_ratio_mean_max,0.0,False,False,30.89147704646777,148418.04604908798,5564.257868051773
combined_subject_features,h5__eeg4_delta_beta_ratio_std_max,0.0,False,False,81.15562124358185,865387.6507572198,47381.75259779576
combined_subject_features,h5__eeg4_delta_beta_ratio_median_max,0.0,False,False,20.96315605996856,3844.8769846907294,214.11445875151463
combined_subject_features,h5__eeg4_delta_sigma_ratio_mean_max,0.0,False,False,36.63018017588268,66485.18484628873,3067.2778333126685
combined_subject_features,h5__eeg4_delta_sigma_ratio_std_max,0.0,False,False,50.36247668198224,323343.7711243399,24247.964502395134
combined_subject_features,h5__eeg4_delta_sigma_ratio_median_max,0.0,False,False,28.226862646558995,4627.579023106288,200.4131640144175
